rank,adm_id,shapeName,shapeType,country,shapeGroup,adm_area_km2,detections,mined_area_ha,median_patch_ha,largest_patch_ha,sites_hosted,detections_per_1000km2,pct_area_mined,region
1,9386221B82666420307712,Bétaré-Oya,ADM3,Cameroon,CMR,11754.096014530707,369,24821.34349707725,17.80222101296945,2587.9252640509294,352,31.393311705454252,2.1117186269699078,Congo Basin
2,73739313B42651366051284,Doko,ADM3,Guinea,GIN,1610.5650943785633,353,28511.593397115725,17.91674505019854,3717.425696156621,341,219.1777291287969,17.702850692984207,West Africa
3,73739313B11539653874182,Niagassola,ADM3,Guinea,GIN,3052.5800407845963,272,11064.034649457035,15.468424626659186,2087.921969214876,265,89.10495265181926,3.6244863366836655,West Africa
4,73739313B61773659105403,Kintinian,ADM3,Guinea,GIN,1717.904305933926,254,19730.32160922951,15.469979632958186,8381.121563138282,245,147.8545685709279,11.485110981489314,West Africa
5,63176286B47500153281287,Watsa,ADM2,DR Congo,COD,16424.78498184568,239,15044.25936874811,25.429014937109557,1383.4128388215306,232,14.5511798336579,0.9159486340537506,Congo Basin
6,2480657B71205229821948,Prestea/huni Valley,ADM2,Ghana,GHA,1809.5605674694662,209,23926.37496724421,17.91343342916068,10289.253237482906,191,115.49765382668053,13.2222017860963,West Africa
7,2480657B72501418673064,Aowin,ADM2,Ghana,GHA,2609.099904357935,205,23546.966699854886,23.045073258000844,5068.464036593952,187,78.5711576845302,9.024938700325269,West Africa
8,2480657B19905724513669,Tarkwa Nsuaem,ADM2,Ghana,GHA,905.3696995445944,195,11780.294362984028,20.489219133830616,765.1890396210313,180,215.3816281880054,13.011584515043499,West Africa
9,73739313B5153686593584,Norassoba,ADM3,Guinea,GIN,2676.453890592276,169,4612.130730391719,10.249541259172497,451.32731691615703,166,63.143251073382686,1.7232244301324746,West Africa
10,63176286B5401694360976,Mambasa,ADM2,DR Congo,COD,35578.54289960388,166,12872.099480638286,30.514177637069224,1392.6994199523558,163,4.665733514394379,0.36179389124959355,Congo Basin
11,63176286B65133649587609,Djugu,ADM2,DR Congo,COD,9206.115119746763,151,7548.042907271331,25.428572818632958,867.53538485281,148,16.402141189404727,0.8198944733029756,Congo Basin
12,2480657B10255028610816,Wassa Amenfi Central,ADM2,Ghana,GHA,1845.9775810484557,141,37471.999388487,25.5766131551356,14966.762998450631,133,76.38229274697721,20.299271114226702,West Africa
13,73739313B63875816569877,Malea,ADM3,Guinea,GIN,1527.8759978635655,123,4502.338853993861,17.639269617028454,385.1669819250811,118,80.50391535176371,2.94679598363316,West Africa
14,97208781B19823152407028,Dapéoua,ADM3,Côte d'Ivoire,CIV,1078.591508473971,122,6884.073147393124,17.852623731656852,707.0962294670246,115,113.11047698920777,6.382465551887156,West Africa
15,2480657B15365927336493,Wassa Amenfi East,ADM2,Ghana,GHA,1558.1170280405406,119,54596.68769807875,17.912510070326245,44597.59054785699,108,76.37423753057382,35.040171383492634,West Africa
16,2480657B37092877755739,Nzema East,ADM2,Ghana,GHA,1084.12221996414,115,11330.223781768287,17.91414856060975,5098.19506817718,103,106.07660085022879,10.451057614281774,West Africa
17,9386221B55011074826496,Kétté,ADM3,Cameroon,CMR,1943.030023345188,114,4616.622436171591,17.801419949230663,458.85382966693834,98,58.67124986763387,2.3759913026065616,Congo Basin
18,2480657B13145859726554,Wassa Amenfi West,ADM2,Ghana,GHA,1448.356935516218,111,21120.06565644582,25.195779280695355,11302.27359589679,97,76.6385669706741,14.582086182311327,West Africa
19,59680162B91711719497512,Jos South,ADM2,Nigeria,NGA,558.6454788976044,108,2525.892329220661,10.177973129284135,163.57255513744374,100,193.32475439185572,4.521458464507932,West Africa
20,63176286B40120828568077,Kamonia,ADM2,DR Congo,COD,27051.77599472576,107,1896.4507129649824,10.173392686533923,79.43340418929564,107,3.9553780136602352,0.07010448087899036,Congo Basin
21,73739313B65035371054974,Siguiri Ctre,ADM3,Guinea,GIN,922.6569982352355,105,3864.9063577899365,15.472230777858357,365.5985671015199,100,113.80177053968411,4.188887490348348,West Africa
22,9386221B69502983306293,Batouri,ADM3,Cameroon,CMR,3710.242835378162,97,4866.715919090004,25.229691036872502,463.44084941312616,93,26.143841334340426,1.3116974103917296,Congo Basin
23,73739313B32163342457455,Koundian,ADM3,Guinea,GIN,839.7786095166238,97,3104.9086814432717,15.464557686460552,441.61570817309916,94,115.50663341595848,3.6972943181185047,West Africa
24,2480657B55478680834493,Bekwai Municipal,ADM2,Ghana,GHA,535.4516929402959,95,6520.941099488866,17.907827432675695,2225.883029817896,81,177.42030000564912,12.17839290726823,West Africa
25,73739313B77493487589567,Morodou,ADM3,Guinea,GIN,854.0046694434604,92,3027.750443964674,15.464171019757586,322.36748298473435,90,107.72774821003584,3.545355842067942,West Africa
26,97208781B99390674922981,Gnanmangui,ADM3,Côte d'Ivoire,CIV,1681.7072845060052,92,5149.418926526891,17.804551770033697,740.0576704092088,91,54.70630997892397,3.062018565281717,West Africa
27,9386221B24384451871957,Garoua-Boulaï,ADM3,Cameroon,CMR,2221.244065039763,89,3837.8483899265407,18.00474354948608,307.7202548006509,80,40.06763660093642,1.7277922990681525,Congo Basin
28,9386221B78668613240419,Ngoura,ADM3,Cameroon,CMR,1718.9105456972275,88,3628.7472908521313,17.801530986420495,405.8470290582574,76,51.195217936315174,2.1110739589885017,Congo Basin
29,59680162B6096372749080,Barkin Ladi,ADM2,Nigeria,NGA,1140.7859065621244,87,1426.7595209826534,10.176573694791276,100.64864353673426,83,76.26321424515442,1.2506812301725745,West Africa
30,73739313B37512567027668,Balandougouba,ADM3,Guinea,GIN,568.6216418306971,86,3804.857249929232,16.56383425264652,786.1595868539723,81,151.2429244218001,6.691369040544011,West Africa
31,9386221B62336518359995,Meiganga,ADM3,Cameroon,CMR,6761.141877252767,86,3198.3373438613285,17.80262790158275,282.9054359676261,83,12.71974491310987,0.4730469204649938,Congo Basin
32,2480657B81329004729189,Bibiani-anhwiaso-bekwai Municipal,ADM2,Ghana,GHA,833.7236940641448,84,5805.703865847953,17.915858806987615,1718.7774194386866,67,100.75280407412438,6.96358266795435,West Africa
33,2480657B25907117051030,Atwima Mponua,ADM2,Ghana,GHA,1883.43348456095,84,13038.618671051325,21.874365336658734,6036.471214911501,70,44.599398220628615,6.922792218537399,West Africa
34,2480657B66267254954762,Sekyere South,ADM2,Ghana,GHA,416.9337037179495,83,2807.5232750931145,17.80416037833372,317.50937030597703,77,199.07241669325077,6.733740280666706,West Africa
35,2480657B25462964367622,Amansie Central,ADM2,Ghana,GHA,849.9220644990008,82,40129.93344253014,23.024840230334867,35132.867953299596,71,96.47943432123522,47.21601558395278,West Africa
36,2480657B7921909152770,Wassa East,ADM2,Ghana,GHA,1652.6011224287276,82,3639.7396666652244,17.906893837447072,469.23808864768745,75,49.61874882396883,2.2024308329865585,West Africa
37,1427508B92601755498307,Boko-Songho,ADM2,Republic of the Congo,COG,11326.24530504007,81,4639.157924799016,25.428511888325076,409.19934677824165,81,7.151531493314539,0.40959362965012197,Congo Basin
38,73739313B2111894456005,Mandiana Ctre,ADM3,Guinea,GIN,569.2432941255886,80,4669.555370648337,17.915867680241075,789.19827572895,72,140.53744826785803,8.203092454204866,West Africa
39,59680162B20429116941940,Atakunmosa West,ADM2,Nigeria,NGA,396.41285449491505,80,5260.598011491374,25.437031616695315,906.5978321229023,74,201.80980281764852,13.27050309252485,West Africa
40,2480657B91945870955547,Ahafo Ano South East,ADM2,Ghana,GHA,686.3636048068162,79,7984.890578380188,25.575087428961773,1284.070509153142,72,115.09934304024662,11.63361594708626,West Africa
41,73739313B20260119025852,Banankoro,ADM3,Guinea,GIN,1082.0793759928272,77,4221.269654318337,10.177598385012097,1217.2451592917926,75,71.15928988975611,3.9010720913567427,West Africa
42,97208781B6783741894011,Kouakro,ADM3,Côte d'Ivoire,CIV,505.3957495031477,77,3948.0268437450345,17.803134096106827,544.6507816169149,72,152.35585197481052,7.811753161015544,West Africa
43,52401652B80104604901725,Abba,ADM3,Central African Republic,CAF,3125.860389736211,75,3774.7841281307124,25.430773328498717,547.608787175534,75,23.99339402561392,1.2075984393049826,Congo Basin
44,97208781B82011274263183,Grand-Zatry,ADM3,Côte d'Ivoire,CIV,1038.1018590441452,74,2541.4002382336234,19.122504171243445,213.72922059100483,69,71.28394902224441,2.448122230099533,West Africa
45,73739313B27312623721975,Siguirini,ADM3,Guinea,GIN,2071.3257590420326,74,3839.8424318871403,20.487160746019754,566.5292035271425,72,35.725911135399706,1.8538090472369877,West Africa
46,2480657B65169023596143,Atiwa West,ADM2,Ghana,GHA,585.767692596936,72,12259.186249393346,17.803187651368546,7791.471492923992,59,122.9156215167757,20.928409682417968,West Africa
47,73739313B53416699173523,Niandankoro,ADM3,Guinea,GIN,740.1167137418162,70,1992.3110289197132,17.22922870453179,445.12279316848947,70,94.57967736750632,2.6918876332993005,West Africa
48,2480657B1767599566587,Asante Akim Central Municipal,ADM2,Ghana,GHA,300.39725372616505,69,3181.52282018154,17.89833914252608,408.0855782369077,65,229.69584157017212,10.591051618207334,West Africa
49,2480657B78031413348906,Kintampo North Municipal,ADM2,Ghana,GHA,4889.781909121511,68,1159.45876987109,10.175636414418655,66.18592971769125,67,13.906550693631397,0.23711870824099723,West Africa
50,63176286B21708239892428,Fizi,ADM2,DR Congo,COD,15021.439888837309,67,4221.7196879925505,17.80109911371996,849.0796766438073,63,4.460291456466091,0.2810462724768338,Congo Basin
51,2480657B72362309510067,Upper Denkyira West,ADM2,Ghana,GHA,579.34927145552,65,23184.765927000648,23.035747166963187,17821.22363051069,59,112.19484204527981,40.01863309287113,West Africa
52,73739313B54276492848132,Faralako,ADM3,Guinea,GIN,1271.6945004889888,65,1912.9382656070925,15.464757594061803,281.04367889087405,61,51.11290484861448,1.5042435623269064,West Africa
53,63176286B75372177576839,Irumu,ADM2,DR Congo,COD,7932.142541585256,64,3186.168892730238,17.79993323539884,459.8297412747739,57,8.068437961682099,0.4016782194755511,Congo Basin
54,2480657B81401264659986,Birim North,ADM2,Ghana,GHA,566.5499571407865,64,4344.35474473803,17.81289865261507,894.8433124047052,49,112.9644423997302,7.668087676968027,West Africa
55,62588387B70898832426748,Golakonneh,ADM2,Liberia,LBR,1798.1928952989654,62,1998.0170900132841,13.91853257856063,320.61373939332475,57,34.47905959482281,1.1111250051297172,West Africa
56,63176286B98159467986291,Wamba,ADM2,DR Congo,COD,9824.984253859071,62,3819.54432936475,28.166829742528243,1198.457437433376,60,6.310442683472755,0.38875831560386515,Congo Basin
57,63176286B94121502354965,Faradje,ADM2,DR Congo,COD,12578.193322300074,61,2880.9620045577044,18.22341569112249,368.7236756000988,58,4.849663098423853,0.22904418231909368,Congo Basin
58,2480657B89256099008264,Mpohor,ADM2,Ghana,GHA,524.6164405193888,60,1288.5551672422025,12.80567238718209,84.31680975718498,54,114.36927127292824,2.456185257874281,West Africa
59,2480657B39398526932747,Bole,ADM2,Ghana,GHA,6169.2704079386085,60,1750.5343232069572,17.775641904948195,178.05537972834009,56,9.725623296199188,0.28375062324296435,West Africa
60,37073778B48288979863705,Nimikoro,ADM3,Sierra Leone,SLE,570.3564515743107,59,3219.4338688981693,21.737204512834662,683.419827844377,51,103.4440827962003,5.644599723579555,West Africa
61,2480657B39079904074923,Asante Akim South,ADM2,Ghana,GHA,1153.906865479147,59,1929.1739761593587,14.774746053370436,218.77804456376978,39,51.13064300514488,1.6718628113528822,West Africa
62,63176286B28648737127916,Shabunda,ADM2,DR Congo,COD,24784.698643633572,58,1854.6345941173704,17.800189261628937,279.7196565987277,57,2.3401535291573303,0.07482982225381099,Congo Basin
63,63176286B66669834222633,Lupatapata,ADM2,DR Congo,COD,2100.1903255750103,58,1114.7897940834566,13.221334631957271,115.07001970638711,34,27.616544697738384,0.5308041754635922,Congo Basin
64,2480657B30283206314404,Bosome Freho,ADM2,Ghana,GHA,569.0404440198706,58,3183.5244456786427,23.03199419821068,455.9905944584718,44,101.92597136026181,5.594548646119564,West Africa
65,2480657B1960270363323,Bodi,ADM2,Ghana,GHA,662.0569896075829,57,3162.998576604222,17.802301953902766,379.5655497673396,51,86.09530734474275,4.777532185679374,West Africa
66,2480657B59515552665793,Amansie West,ADM2,Ghana,GHA,638.0642982979923,57,22749.20556500911,25.570948893351297,18755.07222160818,52,89.33268974936371,35.6534688207624,West Africa
67,2480657B39512912083476,Ellembelle,ADM2,Ghana,GHA,995.6094244202695,57,2634.9779107877785,17.911638934881683,490.85667954586444,54,57.25136645144793,2.6465979993330135,West Africa
68,59680162B1032840889978,Bokkos,ADM2,Nigeria,NGA,1592.6880124937184,57,755.5945078439217,10.175548972845606,40.94830375851148,57,35.78855340962442,0.4744146385963345,West Africa
69,2480657B7526405183619,Atiwa East,ADM2,Ghana,GHA,580.0344859666778,56,5507.596780570177,29.248249334972144,2968.5022608687973,50,96.54598365245668,9.49529194180806,West Africa
70,2480657B54074930978119,Kwaebibirem,ADM2,Ghana,GHA,803.854643421611,56,5177.218450107216,17.800169315089324,1828.505225673087,43,69.66433603174293,6.440490818178722,West Africa
71,73739313B59441777910128,Sibiribaro,ADM3,Guinea,GIN,1425.020827934231,55,1628.1200293159752,17.806116131414576,216.20697647412894,54,38.59592710636396,1.1425236722161916,West Africa
72,2480657B45731574572143,Upper Denkyira East Municipal,ADM2,Ghana,GHA,502.0405938015249,54,4312.584476012332,19.166014898875996,1904.114133245517,46,107.56102328519711,8.590111097106332,West Africa
73,2480657B44972771575405,Atwima Nwabiagya South,ADM2,Ghana,GHA,366.3693754633318,54,3256.1185204150966,16.637260458154735,651.4393073458722,46,147.39223203824963,8.887529194538223,West Africa
74,2480657B27047738560833,Afigya Kwabre South,ADM2,Ghana,GHA,223.05842847726655,52,2346.6457932985027,20.460461939899957,287.99472989175086,48,233.12277574527826,10.520318865860142,West Africa
75,2480657B74771824828795,Ejisu Municipal,ADM2,Ghana,GHA,411.43414142044645,52,1871.6580538950345,10.242235906632736,458.4507158529448,40,126.38717783719596,4.549107294385612,West Africa
76,73739313B33106633982064,Koundianakoro,ADM3,Guinea,GIN,390.09844875774644,52,2665.3445984393557,17.915579306697076,533.3146824150318,48,133.29968413253633,6.832492174544767,West Africa
77,52401652B38876207717227,Samba-Boungou,ADM3,Central African Republic,CAF,9764.377819936853,50,724.3633815196832,10.173223538915071,38.149275526937565,50,5.120653965059635,0.07418428443445542,Congo Basin
78,2480657B92670413622569,Adansi North,ADM2,Ghana,GHA,257.8967281214202,49,3594.088477072497,17.907956497131277,991.247029682003,39,189.99853296677085,13.936153836664289,West Africa
79,63176286B13611321695248,Miabi,ADM2,DR Congo,COD,1635.4147979974368,49,1068.2640361059105,10.173001015234282,186.31984324668886,44,29.96181767463547,0.653206781187255,Congo Basin
80,73739313B34508324285675,Banora,ADM3,Guinea,GIN,3182.2699388800993,49,1541.2718784699348,10.247120726090845,347.6977070605652,48,15.397813806217842,0.4843309675395851,West Africa
81,2480657B37143689168174,Amansie South,ADM2,Ghana,GHA,593.1005231107978,47,22183.738357438957,17.913938490480078,20044.29601087821,43,79.24457687793992,37.4029991426846,West Africa
82,73739313B19604805931046,Balandougou,ADM3,Guinea,GIN,918.4279249435906,46,1688.5705601385496,17.91719054628285,250.5110353639029,45,50.085585107645,1.8385444456539806,West Africa
83,2480657B56579001772859,Juaboso,ADM2,Ghana,GHA,1369.0290716240463,46,3225.1430030517618,17.78079531426303,961.3094289786492,38,33.60045520832608,2.3557885437931954,West Africa
84,63176286B83745324886444,Banalia,ADM2,DR Congo,COD,23611.61583462753,46,4623.233646304892,75.01423388735017,447.1829657216927,43,1.9481936485066331,0.19580335707159463,Congo Basin
85,97208781B97851533032092,Niakaramandougou,ADM3,Côte d'Ivoire,CIV,2780.3568842610116,45,2486.087378900468,33.1402414690652,213.50896246062155,43,16.18497260360175,0.8941612470592037,West Africa
86,37073778B83358051086144,Diang,ADM3,Sierra Leone,SLE,1063.6113012517933,45,1464.2257526721285,25.271999486282667,157.8725954625969,43,42.308689224191454,1.3766549405302868,West Africa
87,73739313B70723281608441,Kantoumanina,ADM3,Guinea,GIN,1011.7487185940497,45,2017.3388405755288,17.880547020878577,439.4542859184921,45,44.47744699151493,1.993912918791606,West Africa
88,73739313B90735414619279,Dialokoro,ADM3,Guinea,GIN,1371.026233774084,44,1501.0790454062771,15.463147540663346,261.58054974529944,42,32.0927484216544,1.0948580037554725,West Africa
89,52401652B68776126405215,Gueli,ADM3,Central African Republic,CAF,2782.7872758835174,44,6021.566884117923,31.909028549398542,2854.36842544574,42,15.811485262031134,2.16386172824012,Congo Basin
90,63176286B64695958976401,Mitwaba,ADM2,DR Congo,COD,24297.54592270256,43,1339.5579738812528,17.419466836436488,260.44634246039254,43,1.7697260512150195,0.055131410313731664,Congo Basin
91,2480657B27014820297576,Wenchi Municipal,ADM2,Ghana,GHA,1145.175307525321,42,1289.2968342944846,17.818947042443735,228.8863057087821,36,36.67560741486852,1.1258510603766025,West Africa
92,2480657B6434141016984,Abuakwa South,ADM2,Ghana,GHA,349.5070127105273,42,1717.2606560240185,25.42330303756672,269.3713954684332,41,120.16926262588534,4.9133796850202485,West Africa
93,1427508B48531502218736,Loudima,ADM2,Republic of the Congo,COG,7307.98003865996,42,1775.0870163476436,17.79970708387036,231.3960290230406,42,5.747142134737056,0.24289708058276735,Congo Basin
94,63176286B85957320837216,Kabambare,ADM2,DR Congo,COD,18835.697283678768,41,3271.2582342601904,10.17234644052048,1242.0289338314951,31,2.1767179299237687,0.17367332809572988,Congo Basin
95,2480657B26285365473669,Talensi,ADM2,Ghana,GHA,838.7834068289994,41,722.2626508340632,10.17764178096271,129.5149839795934,39,48.880318406630764,0.861083618194785,West Africa
96,2480657B53762921220630,Denkyembour,ADM2,Ghana,GHA,436.47292417318573,40,2653.532138493212,17.813398553976224,1035.8927898339289,32,91.64371438565709,6.079488535330846,West Africa
97,2480657B41275879010095,Suaman,ADM2,Ghana,GHA,399.8648642880377,39,4142.770689038511,25.474932162174007,1935.968003090055,37,97.53295046175107,10.360426881753524,West Africa
98,2480657B88279606337785,Adansi Akrofuom,ADM2,Ghana,GHA,568.4349385941929,38,10099.450382661516,28.115750163544615,5405.422537758334,35,66.85021876730258,17.76711756606421,West Africa
99,2480657B80894926360364,Offinso Municipal,ADM2,Ghana,GHA,585.844433564541,38,647.085083309076,10.24389993762449,61.31210372769211,38,64.86363584406001,1.1045339790495565,West Africa
100,63176286B33283671139480,Mwenga,ADM2,DR Congo,COD,11056.340306476177,38,3360.848816198358,17.800455891148484,1411.459774370813,35,3.436941966931115,0.303974798444813,Congo Basin
101,63176286B50174012793828,Bafwasende,ADM2,DR Congo,COD,48803.587416457696,38,2082.406698857189,17.79999911327493,791.2971396699536,34,0.7786312853547631,0.04266913169901427,Congo Basin
102,59680162B48237076936000,Riyom,ADM2,Nigeria,NGA,802.8298491520176,37,578.6539664514613,10.178094614846868,66.25858163684433,33,46.08697601251492,0.7207678776052732,West Africa
103,37073778B34841244186726,Tane,ADM3,Sierra Leone,SLE,445.85822159620244,37,1287.3297238117946,14.317541377535344,254.04068959069758,27,82.9860215822364,2.8873073579378383,West Africa
104,62588387B82153656109433,Bopolu,ADM2,Liberia,LBR,2297.5879724270053,36,1680.6953777011217,17.951451734628556,444.80027066891023,33,15.668605699555528,0.7315042548406784,West Africa
105,97208781B97931087454423,Daoukro,ADM3,Côte d'Ivoire,CIV,862.9247425715554,35,2049.857811681735,33.17792342523604,269.70855378565096,33,40.55973629368697,2.375476922324726,West Africa
106,63176286B6974395638231,Dungu,ADM2,DR Congo,COD,33714.80008085912,35,3351.1394229386888,25.429516516983195,1916.633725781802,29,1.0381197550054742,0.09939668676372276,Congo Basin
107,84187393B45474415371964,Perma,ADM3,Benin,BEN,255.86132338148053,35,947.9993135451379,16.47041341090233,122.75126984060036,33,136.7928514456098,3.705129407666289,West Africa
108,2480657B32008532681061,Sekyere Kumawu,ADM2,Ghana,GHA,576.8312222375135,35,519.7539035346068,10.24146860883311,58.76409768070601,31,60.676327235262846,0.901050226647744,West Africa
109,2480657B90441463194933,Bosomtwe,ADM2,Ghana,GHA,422.6470554950557,34,950.0111067721207,16.63256884269493,130.1428039461033,29,80.44537293694158,2.247764640544702,West Africa
110,2480657B50723205918173,Kwahu West,ADM2,Ghana,GHA,401.1055009858187,34,2265.9947409727324,17.814530660336757,982.0618808278736,32,84.76572850892435,5.649373382821912,West Africa
111,22940354B50404497002370,Mouloundou,ADM2,Gabon,GAB,15811.39456996189,34,1241.266341523304,25.428225578369933,109.52531044567192,34,2.1503479563145165,0.07850454531578335,Congo Basin
112,37073778B72408673214573,Kafe Simiria,ADM3,Sierra Leone,SLE,574.9845080942019,33,1108.9286641182416,20.351761567228024,111.59341065079614,28,57.39285065154048,1.9286235516045618,West Africa
113,62588387B58325877345443,Bokomu,ADM2,Liberia,LBR,590.4477438744694,32,783.6124993721593,16.149181027327764,123.53476830983475,20,54.19615932481787,1.327149620777884,West Africa
114,97208781B69882029195929,Namané,ADM3,Côte d'Ivoire,CIV,599.8644714401745,32,999.3862578439905,17.801497622390155,170.58703316917425,30,53.34538303822752,1.66602008524464,West Africa
115,63176286B80368275017521,Bondo,ADM2,DR Congo,COD,37641.71764513335,31,754.9315278655702,17.801014205573527,106.46368444445939,31,0.8235543418143658,0.02005571411439494,Congo Basin
116,2480657B61321065662810,Sekyere East,ADM2,Ghana,GHA,239.22287052977356,31,473.626775378589,10.240148661395427,63.86689670277365,25,129.5862721292016,1.9798557484479382,West Africa
117,84187393B32674572300168,Tanongou,ADM3,Benin,BEN,4732.1939784339465,31,516.5500244706208,10.177232592109451,63.567020346284274,30,6.550872627216143,0.10915656180298125,West Africa
118,52401652B27765994497489,Koudou-Bego,ADM3,Central African Republic,CAF,11439.4225701919,30,1821.175001468961,25.578426499350705,334.54751698083084,30,2.6225099926085464,0.1592016546547078,Congo Basin
119,56601680B44610096966608,Zio,ADM2,Togo,TGO,2264.1284222772115,30,1505.4591127583897,17.799296713212616,490.89050151406946,29,13.250131796776195,0.6649177219568807,West Africa
120,2480657B53382680619634,Juaben Municipal,ADM2,Ghana,GHA,171.20462528266336,30,790.1794772019072,15.491890510405696,125.64750886744643,27,175.2289107287213,4.615409635676022,West Africa
121,2480657B2289284937660,Twifo Atti-morkwa,ADM2,Ghana,GHA,955.8455288405568,29,2031.154903404701,35.80714888933553,451.1500958138454,27,30.33963033250475,2.1249823764604487,West Africa
122,97208781B32740797067717,Yakasse-Attobrou,ADM3,Côte d'Ivoire,CIV,624.2406426768767,29,2164.3792594739843,25.48329583873247,768.0544785070317,28,46.45644326463882,3.467219388652212,West Africa
123,63176286B83227238071318,Katanda,ADM2,DR Congo,COD,2163.202964115839,29,932.3471027803716,13.46310239763236,227.6421582966988,20,13.40604671917741,0.431003062702185,Congo Basin
124,2480657B21856882152043,Banda,ADM2,Ghana,GHA,2298.2022108134843,28,772.0645738540787,15.32803284292206,183.12910346164472,21,12.183436195585665,0.33594283837225725,West Africa
125,37073778B90057876374159,Kholifa Rowala,ADM3,Sierra Leone,SLE,450.94522952242954,28,804.7353394385608,10.169896360946236,266.51672099638813,15,62.09179777697883,1.784552284300269,West Africa
126,97208781B37695921546316,Bouaflé,ADM3,Côte d'Ivoire,CIV,1249.789334286652,28,2469.942568036236,23.546968610678732,495.298918517608,26,22.40377576592273,1.9762871231782566,West Africa
127,1427508B96128266527522,Djambala,ADM2,Republic of the Congo,COG,3652.425986272867,28,1185.396964669892,26.701828534610236,206.15681943665194,28,7.666137549462766,0.3245505779241088,Congo Basin
128,2480657B74414618551217,Nabdam,ADM2,Ghana,GHA,245.03938490818214,27,603.0050863756146,10.178178858579045,130.79989727719408,23,110.18636865301093,2.4608496572971914,West Africa
129,37073778B92821607114193,Imperri,ADM3,Sierra Leone,SLE,622.1886896382465,27,1010.0836502201975,17.80417801413977,158.04152621277896,26,43.39519578168218,1.6234362132289504,West Africa
130,62588387B55137864763124,Gounwolaila,ADM2,Liberia,LBR,719.8929228906236,27,871.3562258976308,11.473681847232957,145.47761764385857,20,37.50557776229483,1.2103969884838273,West Africa
131,2480657B45906044715427,Adansi Asokwa,ADM2,Ghana,GHA,596.0590642400238,27,1002.7259653948826,17.90507354676083,171.09082221778786,20,45.29752438950835,1.682259402721037,West Africa
132,63176286B11863220768150,Malemba-Nkulu,ADM2,DR Congo,COD,15008.754218928407,27,418.91648265080016,10.173966322959613,63.20795681901237,27,1.7989501064617834,0.02791147596530566,Congo Basin
133,2480657B78695952433486,Techiman Municipal,ADM2,Ghana,GHA,649.1987995978333,27,637.9732529845246,17.80502373187705,81.41604048548731,25,41.589725699933524,0.9827086146489139,West Africa
134,59680162B68239008143557,Mangu,ADM2,Nigeria,NGA,1619.9169805589536,27,410.1071893577319,10.17579049114922,55.96377179448836,26,16.667520819914877,0.25316555988950995,West Africa
135,59680162B29331014496737,Obokun,ADM2,Nigeria,NGA,510.31521510444725,27,2219.0200931317627,20.34606155171349,691.4810717427798,24,52.90847539098723,4.348332221835854,West Africa
136,97208781B43936330423339,Fronan,ADM3,Côte d'Ivoire,CIV,1514.1482978986362,27,1974.7194133886803,25.430774979164713,851.7191310220965,27,17.831806856350273,1.3041783398160098,West Africa
137,22940354B67631152101375,Haut-Ntem,ADM2,Gabon,GAB,14642.347232504793,27,750.1391854177231,17.799851790376263,150.02923700172698,27,1.8439666517443492,0.05123080155840565,Congo Basin
138,73739313B38940945648246,Soromaya,ADM3,Guinea,GIN,1680.7547750940053,27,696.6744469218921,20.351701717803557,81.7986477175389,24,16.06421138889216,0.41450094757751127,West Africa
139,63176286B98681964412172,Pangi,ADM2,DR Congo,COD,14211.039278252822,26,439.1640924366849,10.171832407392277,58.486567163349235,26,1.829563587216865,0.030903024320588463,Congo Basin
140,2480657B96818528094138,Sefwi Akontombra,ADM2,Ghana,GHA,1119.4985405722693,26,877.886043252544,10.48688753335739,254.280838691368,23,23.22468414001614,0.784177925594957,West Africa
141,2480657B93462158202754,Sunyani West,ADM2,Ghana,GHA,1059.330153874714,26,1197.4494955127022,25.43161951072976,345.94017765631946,22,24.543811865356375,1.1303836590819103,West Africa
142,22940354B21315660080276,Ivindo,ADM2,Gabon,GAB,17145.27245780965,25,750.4838960583271,17.79979575591445,119.51293201036881,25,1.458127892777378,0.04377206007691541,Congo Basin
143,2480657B97463209696641,Adansi South,ADM2,Ghana,GHA,760.3778227360569,24,1177.248121467657,22.922163304035443,359.6138351300043,13,31.56325616341773,1.5482410010744152,West Africa
144,97208781B50164001504088,Papara,ADM3,Côte d'Ivoire,CIV,366.9998606110594,24,1074.9051910977275,17.854827809966917,228.6806146473669,24,65.39512020533114,2.928898090882097,West Africa
145,9386221B21402585210419,Ouli,ADM3,Cameroon,CMR,659.0937977550317,24,613.5484052823801,17.80171670997886,126.84797590909412,16,36.413633509748465,0.9308969487684671,Congo Basin
146,2480657B60919857809422,Central Gonja,ADM2,Ghana,GHA,7558.114546855254,24,532.1225632979508,13.993043084372886,104.30725333585276,24,3.1753951135850156,0.07040414113852693,West Africa
147,73739313B51104233347201,Niantanina,ADM3,Guinea,GIN,854.9546706454174,23,489.8669793305714,15.461992085002954,68.62996593128686,23,26.902011053564948,0.5729742127272828,West Africa
148,52401652B86858953026695,Daba Nydou,ADM3,Central African Republic,CAF,4401.708414695318,23,436.6603611146926,17.802670943274265,70.8971792347751,22,5.225243890125338,0.09920247321628134,Congo Basin
149,22940354B86386728493807,Zadiè,ADM2,Gabon,GAB,10133.023075783974,23,1070.7251911122162,17.799846722751,259.3686205878491,23,2.2698063379492037,0.10566690543427742,Congo Basin
150,37073778B10589606908593,Sambaya,ADM3,Sierra Leone,SLE,689.0591109817069,23,940.9651383212617,10.1745380781747,282.8404147893649,12,33.37884897455569,1.365579706189013,West Africa
151,97208781B91989706835532,Maféré,ADM3,Côte d'Ivoire,CIV,675.8952090882716,23,534.3510263203357,11.11185007240691,134.11037910492053,17,34.02894367460476,0.7905826511792151,West Africa
152,63176286B2433914913285,Tshilenge,ADM2,DR Congo,COD,1897.4625349333903,22,779.0708439115097,10.173022724565516,321.1965068868454,20,11.594431824063552,0.4105856266294389,Congo Basin
153,62588387B99058243343156,Fuamah,ADM2,Liberia,LBR,936.6807224752913,22,471.5008874288681,17.801272110904954,104.27565857051728,15,23.487192030452338,0.5033741766168417,West Africa
154,37073778B88257151862409,Lower Bambara,ADM3,Sierra Leone,SLE,686.8652117908645,22,417.3273119850068,10.176216420084977,45.62636974838378,22,32.02957381207206,0.6075825428644273,West Africa
155,2480657B32538733435540,Akyem Mansa,ADM2,Ghana,GHA,612.0377547504419,22,356.3370624734865,10.238055501313458,59.415661280905155,14,35.94549491308832,0.5822141848402519,West Africa
156,22940354B22341987955952,Ogoulou,ADM2,Gabon,GAB,8408.556094876683,22,1764.895938656503,29.24263068930296,770.6424566104836,22,2.6163826169161855,0.20989286611667493,Congo Basin
157,97208781B62623606131378,Arikokaha,ADM3,Côte d'Ivoire,CIV,586.3596545261132,22,578.3213967777381,17.73187525926795,91.49706513405572,21,37.51963463069446,0.986291250282437,West Africa
158,2480657B57614018833162,West Akim,ADM2,Ghana,GHA,475.27202205578493,22,1227.3208399857767,17.7988334172448,693.4808995714619,19,46.28928062047329,2.582354489702573,West Africa
159,59680162B37059166930142,Jema'A,ADM2,Nigeria,NGA,1383.5584380893736,21,309.020156622406,10.17587330450631,38.15293671621365,19,15.178252990166408,0.2233517198226536,West Africa
160,2480657B7981851544250,Tano South Municipal,ADM2,Ghana,GHA,489.1479615091653,21,521.0406321121109,17.80271633694386,61.040817975409304,18,42.931794983278316,1.0652004569426137,West Africa
161,52401652B22195420083013,Danga-Gboudou,ADM3,Central African Republic,CAF,2134.0729179121217,21,574.4683576725997,17.8023969001967,92.14477824266233,21,9.840338548762162,0.26918872024046536,Congo Basin
162,97208781B72810703779687,Kanakono,ADM3,Côte d'Ivoire,CIV,465.31321227818853,21,703.4101129076774,17.808416526686084,97.65499481633421,20,45.130891291874825,1.5116916828210374,West Africa
163,37073778B79700515979112,Sandor,ADM3,Sierra Leone,SLE,1475.2131588381887,21,930.4453310455115,10.175862104848871,239.23091763917967,14,14.23523093878762,0.6307192458737884,West Africa
164,59680162B92942987363648,Ife East,ADM2,Nigeria,NGA,271.85737766392276,21,1214.1066699257776,17.7398679034251,559.5432308863448,20,77.24638625022254,4.46596917971705,West Africa
165,2480657B5172435396617,Fanteakwa South,ADM2,Ghana,GHA,262.22252555236827,21,3108.059357206334,40.680209549629076,1842.5346655742935,19,80.08465312338738,11.852755024227031,West Africa
166,9386221B80147153922778,Mandjou,ADM3,Cameroon,CMR,2642.865803221028,20,806.8416228741037,21.810228097374235,162.56138674509418,18,7.567542769528719,0.305290424466787,Congo Basin
167,73739313B13845675576919,Konsankoro,ADM3,Guinea,GIN,937.0038926519601,20,665.3495826851703,10.177045486325913,162.90518334532962,19,21.344628508847382,0.7100819835465798,West Africa
168,62588387B97917112158690,Dorbor,ADM2,Liberia,LBR,237.8773531857173,20,558.9173778243268,10.175827686754044,198.20910575743423,16,84.07694020533958,2.3496031477530557,West Africa
169,63176286B74212537268608,Manono,ADM2,DR Congo,COD,34070.771720403674,20,757.9276428380331,10.173564416584899,335.72733201615114,20,0.5870134132601044,0.022245684631326954,Congo Basin
170,62588387B90652682225930,Nyenawliken,ADM2,Liberia,LBR,245.67293173380034,20,384.95781801505285,10.175179414913504,74.3736788144638,19,81.40905006853201,1.5669525140530136,West Africa
171,37073778B90417432465064,Lower Banta,ADM3,Sierra Leone,SLE,497.52097837504766,20,515.8179370568535,17.805297659807128,124.62931483067877,19,40.19930991718572,1.0367762556295927,West Africa
172,73739313B50633663826307,Kinieran,ADM3,Guinea,GIN,403.25524976863437,20,1020.5718427522038,19.171327838759137,311.9017922601516,20,49.59637850089961,2.5308333700249452,West Africa
173,73739313B6606446840451,Komola Khoura,ADM3,Guinea,GIN,3155.310328444579,20,456.48424502843386,12.858535837320302,155.8953746256483,19,6.338520753316542,0.14467174303373806,West Africa
174,63176286B34424841963647,Nyunzu,ADM2,DR Congo,COD,15584.568104011778,20,1023.9031455072992,33.06048720382786,208.9315121760948,20,1.2833207738911674,0.0656998088541014,Congo Basin
175,2480657B43720081643569,Obuasi Municipal,ADM2,Ghana,GHA,145.72760637433336,20,3272.485648624316,31.565783341489162,1838.7271614202082,17,137.24235577317867,22.45618198255599,West Africa
176,37073778B67715296145118,Kalansogoia,ADM3,Sierra Leone,SLE,449.72300332742924,20,399.2921391414699,12.500273831885444,127.84078170752595,16,44.47181899085252,0.8878623868184874,West Africa
177,2480657B7942392054994,Sefwi-wiawso,ADM2,Ghana,GHA,1011.3642091479037,19,777.9475483455345,38.33161441257608,99.3890949542162,16,18.786506214223174,0.7692061290175299,West Africa
178,59680162B63960569375521,Anka,ADM2,Nigeria,NGA,2580.6160479498735,19,389.01696551906184,10.179053519909285,56.14835712566841,19,7.362583060387548,0.150745774764948,West Africa
179,62588387B94232483093280,Belleh,ADM2,Liberia,LBR,2381.559715151521,19,1559.4561975374622,40.696460850898355,393.3780608087603,18,7.977964977792369,0.6548045751765857,West Africa
180,97208781B27932736709238,N'Guessankro,ADM3,Côte d'Ivoire,CIV,470.34241996148353,19,592.1219429806634,25.372357991450254,96.77126476780815,17,40.39610120974399,1.2589167335345863,West Africa
181,59680162B5974853059370,Ife South,ADM2,Nigeria,NGA,1045.825146636505,18,547.8259318613614,10.175428054245968,263.83923675237725,15,17.2112901070414,0.5238217245236769,West Africa
182,59680162B83099166959131,Igabi,ADM2,Nigeria,NGA,3221.662905766379,18,183.16424683929515,10.17634767834025,10.179619904707906,18,5.5871767241017745,0.0568539453682301,West Africa
183,62588387B20671280647544,Konobo,ADM2,Liberia,LBR,1614.6393484030202,18,1159.4389477849006,10.175413638996424,709.4167469637232,18,11.148000336919281,0.7180792100301895,West Africa
184,37073778B69621627860201,Kamara,ADM3,Sierra Leone,SLE,123.49196490585112,18,897.1258551363625,10.173460846481015,605.6035029922771,10,145.75847111772006,7.264649613602968,West Africa
185,59680162B98234428566305,Ilesha West,ADM2,Nigeria,NGA,100.2400289636193,18,920.160205646889,16.435019270993873,518.7324828240749,17,179.5689824324856,9.179568433493253,West Africa
186,2480657B26017273678273,Obuasi East,ADM2,Ghana,GHA,75.01624191421315,18,976.7993096743537,17.852015254701822,372.44306709139363,9,239.94803712753813,13.021170945771967,West Africa
187,97208781B22300824819671,Zaranou,ADM3,Côte d'Ivoire,CIV,627.7289517455891,18,1890.5462555253428,14.825329183455558,848.2145111654596,16,28.674796582100583,3.0117238503467307,West Africa
188,2480657B60556198830817,Kwabre East,ADM2,Ghana,GHA,123.0093897430952,18,590.4195667520636,16.990639446665945,122.6806015583073,14,146.330292651585,4.799792666113972,West Africa
189,63176286B79011641071296,Mbuji-Mayi,ADM2,DR Congo,COD,137.47463564893337,18,534.0621789833834,12.074960250832742,221.305536755184,8,130.93324390374303,3.884805196699767,Congo Basin
190,2480657B44214183650816,Assin North,ADM2,Ghana,GHA,726.1594519751733,18,1237.1313181478567,46.14022376641342,287.67959759016014,14,24.787944233239013,1.7036634513023639,West Africa
191,73739313B43026183880128,Bankon,ADM3,Guinea,GIN,328.2412237672426,18,437.8396164066777,16.564954202162113,92.12868120423194,17,54.837719020825624,1.3338958811497479,West Africa
192,59680162B25309364748934,Maru,ADM2,Nigeria,NGA,7420.731313323743,17,173.00990973152304,10.17656968559344,10.181724131568991,17,2.2908793328060417,0.023314401563210886,West Africa
193,52401652B56175823548729,Basse-Boumne,ADM3,Central African Republic,CAF,2777.876662965147,17,276.07137868989656,10.172049881334667,68.66148072893402,12,6.119782143910575,0.09938215845595313,Congo Basin
194,52401652B94242269588204,Basse-Kadei,ADM3,Central African Republic,CAF,854.0758622010477,17,621.6259152127366,18.020490255686557,201.3789247158875,16,19.9045550311996,0.7278345434218666,Congo Basin
195,73739313B52759580744832,Kiniebakoura,ADM3,Guinea,GIN,491.8237403573155,17,491.8619131809921,10.250106775609567,114.79015261346164,14,34.56522856674082,1.000077614845613,West Africa
196,1427508B16336577504654,Lekana,ADM2,Republic of the Congo,COG,2890.3692805211867,17,546.5722115783459,17.801024983363117,147.49394920314504,17,5.881601397636841,0.18910116961933282,Congo Basin
197,63176286B33968238717987,Walikale,ADM2,DR Congo,COD,23691.845619636133,16,386.78347090497743,17.79981398575523,122.05560116935273,16,0.6753378464841496,0.016325594768539512,Congo Basin
198,2480657B68079094729511,Tano North Municipal,ADM2,Ghana,GHA,837.4542697854589,16,339.2816903640722,21.617054347214165,63.55350910435425,15,19.105520835303544,0.40513458776798666,West Africa
199,2480657B58897854519282,Ahafo Ano South West,ADM2,Ghana,GHA,504.5939868876736,16,743.9990504457558,35.23082621390448,150.04974791016764,13,31.708661648323837,1.4744508848286682,West Africa
200,97208781B80176496097675,Andé,ADM3,Côte d'Ivoire,CIV,323.50894689317704,16,847.4698200784312,25.430864719168316,241.6017746695579,15,49.45767390254964,2.6196178752307167,West Africa
201,62588387B76680524179510,Porkpa,ADM2,Liberia,LBR,1277.8869419334726,16,388.3419105902292,19.153281228292073,83.77300053707762,16,12.520669454366306,0.3038937936110834,West Africa
202,37073778B24790862482379,Valunia,ADM3,Sierra Leone,SLE,823.668571412353,16,353.7282659502514,20.346903194123303,40.53474289719695,16,19.425288951555643,0.42945461102602217,West Africa
203,52401652B33074004162122,Baboua,ADM3,Central African Republic,CAF,4855.475623373183,16,668.5161174234019,17.801854151068675,187.97922149735453,15,3.295248754412348,0.13768293145275273,Congo Basin
204,37073778B97840762677219,Sanda Loko,ADM3,Sierra Leone,SLE,599.8661764756341,16,811.3602400301279,13.90710713275925,448.1985784077025,15,26.672615705729662,1.352568742577011,West Africa
205,52401652B17341421637756,Birvan-Bole,ADM3,Central African Republic,CAF,2801.106705112423,16,733.1589242612866,42.07627176148114,106.81377158171024,16,5.712028024779527,0.26173902012485495,Congo Basin
206,62588387B9251982733395,Gbarma,ADM2,Liberia,LBR,839.3556326346676,16,217.2529196548411,10.175049138891701,30.517449595379,14,19.062241769650523,0.25883297997644006,West Africa
207,37073778B70652026637692,Nimiyama,ADM3,Sierra Leone,SLE,356.7024014700952,16,471.81728151680915,13.911418741847838,150.2648329822715,13,44.8553189831591,1.3227196665127157,West Africa
208,73739313B29503978974944,Kiniero,ADM3,Guinea,GIN,940.5367307731235,16,650.9061136004765,18.43902039239425,217.24632725493478,15,17.011563160162773,0.6920581539281618,West Africa
209,97208781B23251034005882,Abongoua,ADM3,Côte d'Ivoire,CIV,183.80351531836882,16,628.1654653422024,17.80035069209975,244.1897800185395,12,87.04947765708485,3.417592227516147,West Africa
210,2480657B11085167902059,Ayensuano,ADM2,Ghana,GHA,499.22917802699345,15,274.96634877518505,10.176217677283974,50.85858495069131,15,30.046320728450986,0.5507818069886884,West Africa
211,97208781B74042578927029,Diamarakro,ADM3,Côte d'Ivoire,CIV,425.9231274519622,15,996.1757601466699,25.390687354700624,325.536402591595,14,35.217622695756944,2.3388628039669523,West Africa
212,73739313B40511621415580,Franwalia,ADM3,Guinea,GIN,843.865900271135,15,231.1981040553909,10.247904445702892,82.20560711020617,13,17.775336099231506,0.27397493367264475,West Africa
213,59680162B87556890682936,Doma,ADM2,Nigeria,NGA,3083.3903438975076,15,193.31684482795245,10.17600564330286,25.43890922971228,15,4.864774915601346,0.06269619583214806,West Africa
214,59680162B9133954487337,Nasarawa,ADM2,Nigeria,NGA,5207.257721286747,15,332.8524962097089,10.174590041122368,88.91286448298536,15,2.8805948932931638,0.06392088005343798,West Africa
215,62588387B18265546179194,Putu,ADM2,Liberia,LBR,1091.2048756871268,15,917.5732251383942,25.433187044924907,276.72827777817673,15,13.746272889914067,0.8408807966153949,West Africa
216,63176286B6958016734749,Kalemie,ADM2,DR Congo,COD,25977.432670091643,15,1306.8983429629284,20.345421603693662,857.2054708868345,13,0.5774242663044147,0.05030898778798829,Congo Basin
217,97208781B11870825623553,Ouellé,ADM3,Côte d'Ivoire,CIV,733.0641041430733,15,1114.7248697043528,40.75187948023951,539.0124000198256,15,20.462057704400195,1.5206376405613637,West Africa
218,73739313B99734393924412,Kouroussa Ctre,ADM3,Guinea,GIN,681.231974221313,15,756.9075122092122,15.4684447826949,451.88201203430435,14,22.018931241660898,1.1110862978420832,West Africa
219,1427508B81001765289527,Mayama,ADM2,Republic of the Congo,COG,37636.767352288356,15,1540.0819860860618,33.05698731158136,459.8125879587575,15,0.39854644952890683,0.04091961383586848,Congo Basin
220,9386221B22697281755042,Ndélélé,ADM3,Cameroon,CMR,1983.567837748774,15,265.92477946782253,10.17195666160513,50.85984933689675,14,7.562131082455977,0.13406386936059145,Congo Basin
221,9386221B49844150240276,Bélabo,ADM3,Cameroon,CMR,6641.384448109062,15,397.456455427457,17.801423643924387,104.07199203858875,14,2.2585652309693964,0.059845422070186144,Congo Basin
222,62588387B68127744098501,Nanee,ADM2,Liberia,LBR,246.87056830427625,14,490.97593782764847,17.741504320659374,183.09925513288482,13,56.70987876831284,1.988798993740332,West Africa
223,97208781B85694674600174,Assikoi,ADM3,Côte d'Ivoire,CIV,213.55704839740991,14,243.1722312078421,10.172871273207846,36.205486068914205,8,65.55625349319912,1.138675745112009,West Africa
224,97208781B61535562407480,Bongouanou,ADM3,Côte d'Ivoire,CIV,584.8145164924672,14,508.0256325400945,17.803161485311783,141.46812658748848,13,23.939214238332486,0.8686953182815498,West Africa
225,59680162B79502957035648,Kajuru,ADM2,Nigeria,NGA,2229.2105859232183,14,142.30640183747096,10.174401812027249,17.916446306600143,13,6.280250097682879,0.06383712814576258,West Africa
226,97208781B31348963651867,Krégbé,ADM3,Côte d'Ivoire,CIV,600.5893529282857,14,1210.7346763911846,31.741887645916133,536.9277026760743,12,23.310436543272672,2.0159109889111773,West Africa
227,59680162B76884691739548,Zangon Kataf,ADM2,Nigeria,NGA,2578.997108099703,14,144.10921060209603,10.175738574939325,21.816701651294892,11,5.428466730742362,0.05587800395335877,West Africa
228,97208781B38790553549950,Bloléquin,ADM3,Côte d'Ivoire,CIV,1665.1508351794253,14,217.8113788483163,13.9888366485666,33.173259307358656,11,8.40764674540217,0.13080579503468612,West Africa
229,2480657B18075285363234,Mamprugu Moagduri,ADM2,Ghana,GHA,2122.2704040611075,14,170.97920774649407,10.177075375322712,20.3510845098252,13,6.59670887046724,0.08056428974333989,West Africa
230,62588387B27805419534049,Jaedae,ADM2,Liberia,LBR,292.80754231995394,14,291.77016124129176,17.79851907673282,101.84874444342701,11,47.81297602198392,0.9964571230971618,West Africa
231,97208781B67300902404476,Kossou,ADM3,Côte d'Ivoire,CIV,412.30834316333323,13,520.9064559315268,20.33992348892285,147.2934706267176,8,31.529800974340542,1.2633905293669334,West Africa
232,9386221B24523978405317,Dir,ADM3,Cameroon,CMR,4911.678634338977,13,315.97134765281425,10.17287019342233,99.18418039173713,11,2.646752967328361,0.06433062323006364,Congo Basin
233,1427508B75307715996039,Boko,ADM2,Republic of the Congo,COG,4272.8663895750815,13,351.8123293595463,25.42873467287125,81.19393970828828,13,3.042454131427404,0.08233637499592693,Congo Basin
234,2480657B19171272300465,Bolga  East,ADM2,Ghana,GHA,71.86268970608059,13,257.650039198827,10.178464557680815,94.13417126512782,8,180.90054871547645,3.58531026674091,West Africa
235,9386221B45326950687577,Kentzou,ADM3,Cameroon,CMR,1014.0915974800106,13,276.6846064909876,17.801070954054197,99.38880178258664,11,12.81935481203536,0.2728398570489502,Congo Basin
236,2480657B54162505201867,Kwahu East,ADM2,Ghana,GHA,623.3840573981864,13,1056.051771657801,18.479559806097434,780.7891889302309,12,20.85391797515324,1.694062847974388,West Africa
237,73739313B39858006192076,Sanguiana,ADM3,Guinea,GIN,3106.315050105182,13,174.2963733074929,10.24590177614665,30.801082353143983,13,4.185023022555233,0.056110333464595326,West Africa
238,59680162B38390932765307,Atakunmosa East,ADM2,Nigeria,NGA,355.651565629878,13,741.2604550898664,27.46458237999664,308.28701569374596,11,36.55262975428297,2.084232228183937,West Africa
239,52401652B23474656802186,Bakouma,ADM3,Central African Republic,CAF,17510.51136612065,13,409.4545660914482,20.34551800219228,142.0960465456453,13,0.742411213938184,0.023383358574191115,Congo Basin
240,97208781B97941677137453,Grand Lahou,ADM3,Côte d'Ivoire,CIV,1100.3406388834776,13,228.88747886684874,17.801540980555878,48.32116177286151,13,11.814523194554715,0.20801510984734894,West Africa
241,73739313B34811663168812,Sansando,ADM3,Guinea,GIN,586.7647548724174,13,161.57267677589402,10.248607146716896,20.492496518421163,13,22.15538662138397,0.2753619324170645,West Africa
242,2480657B15542052325310,Offinso North,ADM2,Ghana,GHA,946.1422965787488,13,353.31968191790855,17.801362368686643,122.1683898192628,10,13.740005120802662,0.3734318645255717,West Africa
243,2480657B14749544754301,Atwima Kwanwoma,ADM2,Ghana,GHA,251.56792335810323,13,602.3316619768037,14.804246445451447,426.99971877963196,9,51.67590456870247,2.394310267924713,West Africa
244,97208781B16898116601135,Kasséré,ADM3,Côte d'Ivoire,CIV,725.0530158156599,13,191.52190046303485,15.75087982660611,28.021908094164417,11,17.929723367022262,0.26414882261758366,West Africa
245,22940354B24104320747688,Okano,ADM2,Gabon,GAB,9047.685760189253,13,335.82124554143036,10.171325340649517,119.51256732977438,13,1.4368315107937695,0.037116811352918375,Congo Basin
246,63176286B15680618396169,Mahagi,ADM2,DR Congo,COD,5233.395793211888,13,270.1943039223546,12.352866993307867,81.3723452897558,10,2.484046786001163,0.05162886863493435,Congo Basin
247,62588387B21593373041420,Tewor,ADM2,Liberia,LBR,635.6044123740489,13,218.89117267951733,10.17304501991903,61.196115948871416,13,20.452973180981612,0.3443827141821372,West Africa
248,62588387B79134287051190,Tchien,ADM2,Liberia,LBR,1335.129792545291,13,803.2117107328952,32.95544959442319,462.8728995549201,13,9.736881067732602,0.6015982230474034,West Africa
249,73739313B44805600557265,Bate Nafadji,ADM3,Guinea,GIN,1295.8626880571242,12,191.5153873547591,14.08246141913681,41.2419170867234,9,9.260240387036296,0.14778987706012006,West Africa
250,73739313B84406997627275,Missamana,ADM3,Guinea,GIN,1162.8170606966219,12,157.29547773101993,10.247669833989956,28.000302597141108,10,10.319766028209996,0.1352710439566368,West Africa
251,97208781B25502414115375,Biéby,ADM3,Côte d'Ivoire,CIV,639.7729916154894,12,281.3394827127885,11.88557548376124,150.0546977788653,5,18.756652996086668,0.4397489209451914,West Africa
252,52401652B66404081495444,Binon,ADM3,Central African Republic,CAF,3658.519366185784,12,248.76059204734582,17.685942506132797,53.17265658944724,12,3.280015437641564,0.0679948818493458,Congo Basin
253,97208781B73186434972039,Baya,ADM3,Côte d'Ivoire,CIV,268.56812309601384,12,363.89956222879715,13.950735739136753,83.94328425096532,10,44.68140098558892,1.3549618548687627,West Africa
254,63176286B78021290688444,Kabinda,ADM2,DR Congo,COD,14251.617135100645,12,177.6794666723836,10.172887573164694,55.60519972350016,12,0.8420097092311662,0.0124673196724302,Congo Basin
255,2480657B92948775681515,South Tongu,ADM2,Ghana,GHA,643.4222749365998,12,203.4307685306936,10.172154203881073,38.1478835519844,12,18.65027131860244,0.31616991897077057,West Africa
256,63176286B7058717383424,Kananga,ADM2,DR Congo,COD,755.9206044862309,12,185.02074507112,13.829368461995227,30.51834192468654,12,15.874683040497253,0.24476214032672283,Congo Basin
257,56601680B41562196478781,Ave,ADM2,Togo,TGO,906.3087998203309,12,294.8135701105713,26.708355266957057,43.25144222099821,12,13.240520231491642,0.32529041996394154,West Africa
258,59680162B32850327292174,Kachia,ADM2,Nigeria,NGA,4569.836706855559,11,105.37731391105912,10.175923802373529,10.178013000502258,10,2.4070881971555056,0.023059317142114642,West Africa
259,97208781B57438439336764,Annepé,ADM3,Côte d'Ivoire,CIV,188.7147228249582,11,403.4279962671776,25.432042530845926,124.497160099592,8,58.289039855162855,2.1377664139187282,West Africa
260,2480657B66034837272834,Bongo,ADM2,Ghana,GHA,414.94844764565545,11,125.91129367659116,10.177463659506351,25.42979514510836,10,26.50931715111134,0.3034384015435886,West Africa
261,2480657B98266466330064,Asutifi North,ADM2,Ghana,GHA,936.1784302042965,11,144.97816698160895,10.176307753122636,27.976782404361717,11,11.749896862716156,0.1548616826708678,West Africa
262,63176286B1925057871065,Punia,ADM2,DR Congo,COD,16382.683951479146,11,337.8208189205263,17.79991756565734,101.33608586145647,11,0.671440652372888,0.02062060282192195,Congo Basin
263,2480657B7709388821831,Ketu South,ADM2,Ghana,GHA,278.0858865663798,11,216.14333106780705,17.8030754921939,43.23607669916197,11,39.55612467723805,0.7772538683519743,West Africa
264,2480657B57037677938762,Asutifi South,ADM2,Ghana,GHA,597.2179296395733,11,332.9590528732343,10.24652684316462,237.3630728806355,8,18.41873703731334,0.557516839915001,West Africa
265,97208781B27222280957683,Zouan Hounien,ADM3,Côte d'Ivoire,CIV,440.9884203553256,11,237.3318955709451,17.689657836430452,58.6446313350423,9,24.94396562870465,0.5381816950651797,West Africa
266,56601680B43007755983133,Vo,ADM2,Togo,TGO,744.4371863962351,11,549.3373430834694,33.059449594144525,239.1280221004153,11,14.776263465894521,0.7379230284596212,West Africa
267,52401652B2595457832182,Kouazo,ADM3,Central African Republic,CAF,921.2071917795101,11,145.190197550176,10.173045249782525,20.346039359440283,11,11.940853369534741,0.1576086236036758,Congo Basin
268,52401652B25912082837046,Koro-Mpoko,ADM3,Central African Republic,CAF,6275.111844598262,11,368.8245948812383,17.802046978574605,119.5929106537826,11,1.7529568033865426,0.058775780259395644,Congo Basin
269,2480657B47912218033723,Afigya Kwabre North,ADM2,Ghana,GHA,186.47298861689623,11,166.82699352324386,10.17516385975201,40.127193240831254,9,58.989776919375736,0.8946442847332996,West Africa
270,37073778B70310037054669,Kunike Barina,ADM3,Sierra Leone,SLE,415.29719708079966,11,1268.8845147721927,35.77290573292302,825.7725578480145,10,26.487055721350934,3.055364986066401,West Africa
271,62588387B10493983903288,Bodae,ADM2,Liberia,LBR,277.9223188260813,11,477.95005293756066,22.180216241635023,170.51166936641482,8,39.579404944745,1.7197253353252748,West Africa
272,2480657B14484334363928,Atwima Nwabiagya North,ADM2,Ghana,GHA,212.98555561210054,11,266.2928044252203,10.243069172264605,91.3507463520669,8,51.64669485865851,1.2502857466550712,West Africa
273,59680162B94726154492089,Bassa,ADM2,Nigeria,NGA,1454.392194236839,11,125.90418555153272,10.176236282813385,25.56458791255626,10,7.563296917838598,0.08656824895680784,West Africa
274,2480657B71012260699376,Birim South,ADM2,Ghana,GHA,311.77452672364103,11,248.7359055637367,10.171892776780002,136.40710141537556,7,35.28190745920199,0.7978070183527786,West Africa
275,73739313B78448346493831,Nionsomoridou,ADM3,Guinea,GIN,811.2490605347401,11,159.14420010624298,10.17426753441842,43.24362875511691,10,13.559337736242526,0.19617181436406475,West Africa
276,63176286B37681851712476,Tshikapa,ADM2,DR Congo,COD,84.1949798514342,11,142.98088379005293,10.17304749988028,35.6055781630866,10,130.64911969110264,1.6982115090751144,Congo Basin
277,97208781B3606600851093,Dabakala,ADM3,Côte d'Ivoire,CIV,1938.1854656382804,10,256.31404511925206,22.256543130996462,60.72491875022275,9,5.159464962093716,0.13224433350852885,West Africa
278,97208781B81065183839398,Grégbeu,ADM3,Côte d'Ivoire,CIV,262.81741827503305,10,188.18867855149784,17.804806304929983,35.597685204965146,10,38.04922849342963,0.716043403008252,West Africa
279,97208781B76565601953115,Bégbéssou,ADM3,Côte d'Ivoire,CIV,251.39067488069955,10,308.66280396083124,26.703691895980803,71.37313585609887,10,39.77872291701202,1.2278212153545904,West Africa
280,56601680B83789166363061,Blitta,ADM2,Togo,TGO,3213.853772938967,10,289.9920973206603,21.620180742126625,122.11073884066506,10,3.1115292438633007,0.0902318891302487,West Africa
281,73739313B22311708510080,Gberedou Baranama,ADM3,Guinea,GIN,857.5475547046959,10,135.2348789373646,10.24708235337237,35.89145212771807,9,11.661160882726309,0.15769956802446244,West Africa
282,63176286B14719092717616,Aru,ADM2,DR Congo,COD,6902.448400228422,10,134.12522195761952,11.623885289233794,25.428545132726402,9,1.4487612829773666,0.019431542864294493,Congo Basin
283,52401652B8260276568756,Kounde,ADM3,Central African Republic,CAF,924.6889454004137,10,477.47128666092493,34.23066212975278,209.53396066325803,8,10.81444744174999,0.5163588134539315,Congo Basin
284,2480657B70421803893954,Jomoro,ADM2,Ghana,GHA,1494.8866971393563,10,89.79091878140399,10.24675697568475,20.493998143629472,6,6.689470191377173,0.06006536746445707,West Africa
285,97208781B24716160275637,Parc National de Bona,ADM3,Côte d'Ivoire,CIV,9079.74627796022,10,101.75393473250729,10.176202261394689,10.17811296771744,10,1.1013523609435611,0.011206693625294395,West Africa
286,62588387B65596489935901,Central Rivercess,ADM2,Liberia,LBR,1799.736681104442,10,391.53151038369907,21.682135339640666,91.42532507836138,10,5.556368387103892,0.2175493306851025,West Africa
287,37073778B97978683673257,Boama,ADM3,Sierra Leone,SLE,397.5242944566936,10,151.3558229280187,17.80485448711519,38.149997127511114,7,25.155695235349704,0.3807460953672793,West Africa
288,37073778B36212055733655,Gbense,ADM3,Sierra Leone,SLE,214.05450168797833,10,705.1806537038524,17.88440835058584,516.5116109021875,8,46.71707402153466,3.2943976797637076,West Africa
289,59680162B79463473975333,Birnin Gwari,ADM2,Nigeria,NGA,6257.453870891434,10,342.8529079952904,25.48688790822152,88.95149645081767,10,1.598094082086362,0.054791120329337355,West Africa
290,37073778B29055695897831,Nieni,ADM3,Sierra Leone,SLE,2266.2823377831455,10,234.16363716779108,12.82949871992874,94.78889837237948,6,4.41251287771227,0.10332500644948218,West Africa
291,97208781B76112163078618,Liliyo,ADM3,Côte d'Ivoire,CIV,707.0405537057103,9,320.3719210671945,10.17252125909681,175.56416947031911,8,12.729114267674733,0.4531167546020876,West Africa
292,63176286B17504702690240,Kailo,ADM2,DR Congo,COD,22948.47901460383,9,282.6334837284302,17.42430464402839,147.86234490039348,9,0.3921828542219564,0.012316000705256736,Congo Basin
293,37073778B45187661108429,Upper Banta,ADM3,Sierra Leone,SLE,194.00293877346417,9,200.7545295557368,17.804684953285804,61.2186204401213,9,46.39104983099888,1.0348014871576583,West Africa
294,97208781B28465230267782,Oumé,ADM3,Côte d'Ivoire,CIV,1293.8092238185493,9,272.2791396937515,17.80616023030503,127.23578767404673,9,6.956203305953713,0.2104476724088786,West Africa
295,62588387B83711466952292,Forpoh,ADM2,Liberia,LBR,77.89872331285163,9,546.3576967693187,40.572883368946044,200.66786144895366,8,115.53462774806724,7.013692568170516,West Africa
296,9386221B12783546794801,Gari-Gombo,ADM3,Cameroon,CMR,3453.277811621283,9,107.89564404824736,10.171902778778499,40.9022496306147,5,2.6062195082342883,0.031244414708005007,Congo Basin
297,97208781B92717938417659,Ebilassokro,ADM3,Côte d'Ivoire,CIV,207.62409927758267,9,805.4602890791291,61.13606120225999,323.8037368324697,7,43.347569146910374,3.8794161751053298,West Africa
298,62588387B74933582499482,Jeadepo,ADM2,Liberia,LBR,1677.142835956527,9,638.1193177452752,10.173095564731069,383.6955797899743,9,5.366269233035848,0.3804800068691441,West Africa
299,62588387B4912984440097,Bokon,ADM2,Liberia,LBR,139.36371033474674,9,259.5146252454931,17.9191450925176,99.18757871967995,9,64.57922208286732,1.8621391797200868,West Africa
300,2480657B83789922051105,Effutu Municipal,ADM2,Ghana,GHA,85.23074924668144,9,367.1369570104725,25.420959394208833,116.99190603825184,9,105.59569262909449,4.30756458502877,West Africa
301,59680162B28710912427622,Ife Central,ADM2,Nigeria,NGA,143.20039726550118,9,100.28376034815886,10.173054331159868,17.801292649396576,7,62.84898765548477,0.7003036462407811,West Africa
302,62588387B59492535947478,Dugbe River,ADM2,Liberia,LBR,673.6606738195635,9,359.1154886877365,17.799287918600214,244.0132589655519,8,13.35984175678719,0.53308067791994,West Africa
303,37073778B46767996067491,Tankoro,ADM3,Sierra Leone,SLE,174.20059704284265,9,196.24757468854446,17.804733016872603,50.87812309907196,7,51.664576085158615,1.1265608615582392,West Africa
304,2480657B66464396810782,Shai Osudoku,ADM2,Ghana,GHA,968.6087323961119,9,132.2372159315243,10.176400471517374,25.434134215767045,9,9.291677536022311,0.1365228409663418,West Africa
305,59680162B24550873512487,Chikun,ADM2,Nigeria,NGA,4466.333855425341,9,91.58469996299438,10.176582304820498,10.179478972227157,9,2.015075516369545,0.020505565174386748,West Africa
306,97208781B7051126132716,M'Bengué,ADM3,Côte d'Ivoire,CIV,1591.135676422386,8,112.01448436633433,10.175255198503226,33.156208565744414,8,5.027855335371353,0.07039907785751813,West Africa
307,2480657B35637781657714,Bawku West,ADM2,Ghana,GHA,1071.5813437133208,8,112.74476002963966,10.175318766960547,33.06608799461386,7,7.465602165373489,0.10521344057647403,West Africa
308,62588387B63880548555579,Wlogba,ADM2,Liberia,LBR,90.38410813493127,8,237.9982753084176,26.642489707403044,94.09156355002129,6,88.5111350333521,2.6331871854410323,West Africa
309,97208781B91471046110409,Kouto,ADM3,Côte d'Ivoire,CIV,666.2573096322484,8,194.7141036471417,12.697656118395503,80.1047184885648,7,12.007372953875329,0.29225060773384587,West Africa
310,2480657B42374646075926,Abuakwa North,ADM2,Ghana,GHA,158.94994597886333,8,189.4398258241625,17.8059926306858,50.87419213911607,7,50.330309650207845,1.1918206367264423,West Africa
311,73739313B58894955543606,Kouankan,ADM3,Guinea,GIN,1272.9691598765455,8,205.65145586432206,22.890775123944817,55.832983075290066,8,6.284519886385819,0.16155258300544095,West Africa
312,73739313B41128408250381,Koumana,ADM3,Guinea,GIN,444.88646166021084,8,225.2603177965317,15.305022166212165,76.79473193004661,8,17.98211608900369,0.5063321481078871,West Africa
313,62588387B18343621802172,Todee,ADM2,Liberia,LBR,767.7922437300114,8,159.6191467702527,17.0563973303652,51.745537379910715,8,10.419485303908777,0.2078936692493883,West Africa
314,2480657B26264719340764,Gomoa East,ADM2,Ghana,GHA,539.9357205223578,8,80.04206758216995,9.167029717669275,30.86456176478359,4,14.816578522088601,0.14824369742519294,West Africa
315,2480657B54445116346139,West Gonja,ADM2,Ghana,GHA,4717.213523268918,8,81.40129375124991,10.176157526556207,10.177139267003975,8,1.6959164473979946,0.01725622411402754,West Africa
316,59680162B89640587380951,Jos East,ADM2,Nigeria,NGA,911.3441848349527,8,81.39172532078578,10.173649145813997,10.17887465148193,8,8.778242219704103,0.08930953494318514,West Africa
317,73739313B51277709942395,Vasseredou,ADM3,Guinea,GIN,742.01024764402,8,236.83979885566959,10.177067666948087,78.85218755807323,7,10.781522257140049,0.31918669534237176,West Africa
318,2480657B70680953475259,Kasena Nankana West,ADM2,Ghana,GHA,873.271497480237,8,71.2763886861932,10.176399145249633,17.82713300708535,6,9.160953979470797,0.08161996457213612,West Africa
319,73739313B33827508019654,Naboun,ADM3,Guinea,GIN,1665.100178363933,8,86.18116722873157,10.247322278616082,17.485694234430742,7,4.8045157306153845,0.05175734670415449,West Africa
320,62588387B2159992345918,Careysburg,ADM2,Liberia,LBR,342.8878395383733,8,95.31230598902435,6.4702160908141435,45.77605413304724,4,23.33124444066119,0.2779693386541279,West Africa
321,97208781B8113546039676,Siempurgo,ADM3,Côte d'Ivoire,CIV,673.1264684925281,8,183.94493523878342,17.80455839965657,64.92481245729286,6,11.884839438740332,0.2732695026103037,West Africa
322,97208781B30290349067993,Sokoro,ADM3,Côte d'Ivoire,CIV,617.4679582275514,8,119.45333954623163,13.991111903421796,25.334198178738035,8,12.956137874690839,0.1934567420941546,West Africa
323,52401652B2745722682101,Haute-Kade,ADM3,Central African Republic,CAF,1063.4455260712734,8,185.8520762199553,17.800860680919676,45.77363461504672,6,7.522717246791849,0.17476407739149138,Congo Basin
324,2480657B62831767110058,Asante Akim North,ADM2,Ghana,GHA,1126.3082470960258,8,110.48941637275085,9.395984052510975,52.09176780547826,3,7.102851302586568,0.09809873687565288,West Africa
325,63176286B25314267977171,Moba,ADM2,DR Congo,COD,29332.713396216754,8,133.97898214967628,10.173919189234383,33.064216181563516,8,0.27273303672724036,0.004567561832413243,Congo Basin
326,63176286B50481715267247,Pweto,ADM2,DR Congo,COD,24533.59186302615,7,71.2191138232622,10.17417277071736,10.17424855250186,7,0.28532308025183595,0.0029029224184084685,Congo Basin
327,63176286B52782039621830,Lubudi,ADM2,DR Congo,COD,18345.910913127387,7,78.49262841243488,10.175436936996865,17.439919648278845,7,0.38155641511325344,0.00427848084426648,Congo Basin
328,97208781B21606803060639,Ferkéssédougou,ADM3,Côte d'Ivoire,CIV,2199.185659042046,7,73.57482882864184,10.17602247330128,17.805067542916248,6,3.182996383783788,0.03345548772843974,West Africa
329,56601680B9516770320708,Kpendjal,ADM2,Togo,TGO,1823.4940709960067,7,44.26643382419383,7.132041984088145,10.17763152224117,6,3.838784074672941,0.024275611600982704,West Africa
330,97208781B27027001967971,M'Bahiakro,ADM3,Côte d'Ivoire,CIV,1592.7879093138963,7,185.7282811169004,17.802747792549116,83.99053852514702,7,4.394809854511826,0.11660578287344237,West Africa
331,73739313B69998439313290,Doura,ADM3,Guinea,GIN,715.2567763577495,7,79.39583649474994,10.247208190919928,17.91419051691604,7,9.786695116186939,0.11100326360982085,West Africa
332,97208781B49059605853173,Katogo,ADM3,Côte d'Ivoire,CIV,444.8350611931399,7,62.93462101922131,10.175002911199114,17.80598468901053,5,15.73616967427106,0.1414785535349161,West Africa
333,73739313B77477433225827,Babila,ADM3,Guinea,GIN,129.8923579773674,7,96.3564519375103,10.247404804656219,20.464142800502696,7,53.89077624735775,0.7418177130505211,West Africa
334,63176286B26674316015082,Sandoa,ADM2,DR Congo,COD,29590.05858329114,7,78.85645957378838,10.175214493740281,17.806255879296344,7,0.23656593920881075,0.0026649646316792668,Congo Basin
335,63176286B69668932062204,Luebo,ADM2,DR Congo,COD,8167.048179482119,7,83.1860927722295,10.172539970651773,25.13495702211716,7,0.857102816851985,0.010185576348284065,Congo Basin
336,62588387B25170598917016,Boinsen,ADM2,Liberia,LBR,270.3344637475258,7,416.96782779874695,25.432211640817936,188.19539028661399,7,25.893849799844723,1.5424146149126103,West Africa
337,59680162B86357482908219,Lafia,ADM2,Nigeria,NGA,2732.67939779947,7,208.44770492847073,10.175677260325902,76.5410545309689,7,2.561588456237074,0.07627960495341177,West Africa
338,59680162B43558777101724,Bukkuyum,ADM2,Nigeria,NGA,3752.1097256574453,7,64.97655571635332,10.177756489083864,10.180922235094497,6,1.8656170826063618,0.01731733890190754,West Africa
339,97208781B67337972529413,Koun-Fao,ADM3,Côte d'Ivoire,CIV,1035.4542323464268,7,268.5348845817518,23.745465154122684,99.24041712061587,4,6.760318110958326,0.2593401776660172,West Africa
340,97208781B9462228913839,Yorobodi,ADM3,Côte d'Ivoire,CIV,1175.3071865221234,7,122.10772904296464,17.80503336171697,41.77941570692474,4,5.95588972846652,0.10389430988190945,West Africa
341,52401652B47233023336915,Boganangone,ADM3,Central African Republic,CAF,2974.4718542851033,7,88.97417985053619,10.172211823609219,20.31194940610963,7,2.3533589635133425,0.029912597667501074,Congo Basin
342,97208781B81251785358251,Zou,ADM3,Côte d'Ivoire,CIV,444.0859666815783,7,249.55740810772298,25.432816113848965,86.58125579842827,7,15.762713810362737,0.5619574290368478,West Africa
343,97208781B89868914654464,Noé,ADM3,Côte d'Ivoire,CIV,382.17759469614475,7,85.49901842542599,10.173970490740258,17.80746933211601,6,18.31609203978962,0.223715412970253,West Africa
344,2480657B96138797401471,Asunafo North Municipal,ADM2,Ghana,GHA,1411.4042242654962,7,168.14479687662697,10.249809286848311,89.00212094842838,6,4.959599723206755,0.11913298400685361,West Africa
345,97208781B93209963538851,Bonieredougou,ADM3,Côte d'Ivoire,CIV,827.2003018113942,7,236.64708639976186,10.17498353920496,178.29560492177987,5,8.462279310913543,0.28608196331838204,West Africa
346,2480657B19364380807593,Bolgatanga Municipal,ADM2,Ghana,GHA,325.47068603432854,7,92.64865044767723,10.177500061499094,33.07180219369902,5,21.50731325542997,0.284660506838718,West Africa
347,56601680B13855645397073,Yoto,ADM2,Togo,TGO,1309.836461859815,7,391.2550760690863,53.40788096107994,119.55334192555237,6,5.344178608420181,0.2987052868520316,West Africa
348,56601680B14222633765071,Tchaoudjo,ADM2,Togo,TGO,2388.4957430729355,7,78.86938645398054,10.174459008220222,17.825056298190525,7,2.9307148737029363,0.03302052628007224,West Africa
349,37073778B11350845793138,Sella Limba,ADM3,Sierra Leone,SLE,426.76446775486164,7,187.37768699787853,17.80932714015869,47.98637710657176,7,16.402490199865653,0.439065810665171,West Africa
350,2480657B5340678211162,Mfantseman Municipal,ADM2,Ghana,GHA,300.8070662369266,7,112.99164586791214,10.24065289075993,38.32346263178268,7,23.270729931877813,0.3756282965072231,West Africa
351,2480657B79468660523811,Builsa North,ADM2,Ghana,GHA,816.9110880498959,7,72.88370739864843,10.177027260831634,17.80333251768406,7,8.568863983362224,0.08921865361459848,West Africa
352,62588387B63326242332262,St. Paul River,ADM2,Liberia,LBR,452.1548114713387,6,67.22434270332886,10.17110776917297,25.283545174118586,5,13.269791336457624,0.14867550006728192,West Africa
353,2480657B99130964172058,Shama,ADM2,Ghana,GHA,193.75059008270347,6,101.83066881371198,10.242258815961993,43.43299267558149,6,30.96764762078334,0.5255760448019541,West Africa
354,2480657B24956698199939,Assin Fosu,ADM2,Ghana,GHA,278.86302528672456,6,107.37479658433378,10.240612454851789,43.40068098368955,6,21.515939568649706,0.3850449390840967,West Africa
355,52401652B36649325225122,La Mbi,ADM3,Central African Republic,CAF,2225.0702930876396,6,68.66270226649544,10.172217272086513,17.801579433551268,6,2.6965440231886086,0.03085866656878287,Congo Basin
356,62588387B48887094579275,Glio-Twarbo,ADM2,Liberia,LBR,1376.6315303254114,6,124.40043420188466,13.934962056029068,45.66511023344842,6,4.358464750972038,0.09036581791242178,West Africa
357,97208781B4624637694591,Djamandioké,ADM3,Côte d'Ivoire,CIV,494.67486798208245,6,158.77825812843864,17.800846736869744,89.00944128709861,5,12.129178958445339,0.3209749845916768,West Africa
358,52401652B82252103599593,Yaloke,ADM3,Central African Republic,CAF,2074.394320870271,6,175.3254063522784,14.233271682721913,100.84171096288617,5,2.8924105410599177,0.08451884224149057,Congo Basin
359,62588387B86192689871255,Commonwealth 1,ADM2,Liberia,LBR,98.5078061000513,6,86.39902601059971,10.17422664314994,27.968309610614618,6,60.90887857055701,0.8770779639823358,West Africa
360,2480657B26357719954092,Wa Municipal,ADM2,Ghana,GHA,579.79664832876,6,106.85498097784654,19.097103698062217,20.356507461940225,6,10.34845582032037,0.18429734163840306,West Africa
361,2480657B99246651758289,Kumbungu,ADM2,Ghana,GHA,1541.840195050028,6,106.83817441457306,10.176750998723389,45.78659777963011,6,3.8914538739245406,0.06929263795143602,West Africa
362,97208781B49334729964673,Tienko,ADM3,Côte d'Ivoire,CIV,886.4653790356147,6,91.57688726091288,10.176680226365523,40.69995841272174,6,6.768453841398068,0.1033056557274006,West Africa
363,52401652B39681637125456,Pende,ADM3,Central African Republic,CAF,1659.3342003801333,6,74.19061354231269,13.988079285175562,17.80302195550697,5,3.615908114607336,0.044711073589224236,Congo Basin
364,37073778B1227526614757,Wandor,ADM3,Sierra Leone,SLE,319.3704934008293,6,51.028427580617844,10.172328077191505,17.647636281826447,4,18.786957856089845,0.15977815306993337,West Africa
365,52401652B94828911903813,Baidou-Ngoumbourou,ADM3,Central African Republic,CAF,5499.778759311592,6,60.882518162675225,10.172679102829807,10.172834487513365,6,1.0909529751249523,0.011069994053778247,Congo Basin
366,2480657B20036139360918,Awutu Senya East,ADM2,Ghana,GHA,108.06241740742776,6,71.62345334148763,10.170521915230939,27.973865042125432,4,55.523466381269245,0.6627970672860825,West Africa
367,2480657B69696031481498,North Gonja,ADM2,Ghana,GHA,4847.480851032609,6,76.31866389004416,10.177215174508564,17.80945800863365,6,1.2377563077370137,0.01574398460466054,West Africa
368,37073778B4565161041920,Gorama Mende,ADM3,Sierra Leone,SLE,657.9505066604785,6,111.66385496849873,17.72531008196645,35.771688456169414,6,9.11922696200031,0.169714672818271,West Africa
369,62588387B63271162227743,Cavala,ADM2,Liberia,LBR,1279.498287260827,6,294.392169158061,29.303270440965626,152.47369753546306,5,4.689338047372387,0.23008406661356387,West Africa
370,2480657B73071492710762,Assin South,ADM2,Ghana,GHA,1101.4008983801043,6,69.43937383449372,10.238515451831525,20.50550721725542,6,5.447607686560413,0.06304641110845499,West Africa
371,97208781B60350436539807,Foungbesso,ADM3,Côte d'Ivoire,CIV,655.175885115017,6,290.78134510484307,33.01040584977381,160.46355990229142,5,9.157846215519198,0.4438218068019949,West Africa
372,73739313B9050920714544,Karifamoriah,ADM3,Guinea,GIN,845.54675330399,6,57.00256464896548,10.246966385218837,10.248489194474468,6,7.096000282130923,0.06741503580520755,West Africa
373,37073778B92103638814493,Kandu Leppiama,ADM3,Sierra Leone,SLE,225.62956007879637,6,91.41377977554416,13.990683791273078,25.277909885977675,6,26.592260331069323,0.40514983827305173,West Africa
374,56601680B59731994726086,Assoli,ADM2,Togo,TGO,989.4914855660539,6,68.70236263273281,10.17535200951173,17.826705710696416,6,6.063720696462191,0.06943198969865877,West Africa
375,97208781B9893828972421,Worofla,ADM3,Côte d'Ivoire,CIV,2480.183172579227,6,142.06739888131662,24.113297783661437,45.783796800267396,5,2.4191761585739635,0.05728101071404975,West Africa
376,97208781B63763615932149,Tanda,ADM3,Côte d'Ivoire,CIV,713.9326913987675,6,240.08279975355475,29.20454305849173,110.01981272084704,5,8.404153601993688,0.3362821210542611,West Africa
377,37073778B82925620541344,Bagruwa,ADM3,Sierra Leone,SLE,827.8643735282836,6,147.50563779450175,13.90057643957071,71.38994534623129,6,7.2475639631991156,0.17817609080802205,West Africa
378,97208781B33562053387529,Bouaké,ADM3,Côte d'Ivoire,CIV,1765.4130568802982,6,99.07670561682446,17.805482055294053,25.432331173467507,5,3.39863805618541,0.05612097703180306,West Africa
379,52401652B28685360054828,Seliba,ADM3,Central African Republic,CAF,1709.746733859423,6,114.13476047379977,17.801755869063726,25.431092347810157,6,3.5092916869951605,0.0667553610213149,Congo Basin
380,2480657B51466124780551,Kintampo South,ADM2,Ghana,GHA,1513.7987515774967,6,89.58572548149189,10.17585093936231,43.21217816307178,5,3.96353874235101,0.05917941561791921,West Africa
381,59680162B79526209894783,Kauru,ADM2,Nigeria,NGA,3186.1658789036715,6,61.06477875083182,10.178305629969183,10.179713111774223,6,1.8831411257421855,0.019165599366673156,West Africa
382,2480657B81968156308620,Ningo/prampram,ADM2,Ghana,GHA,622.2727772572088,6,251.77944200822657,10.17271335643289,142.4257107305911,6,9.64207373243322,0.40461265735903573,West Africa
383,2480657B88326891244380,Sissala East,ADM2,Ghana,GHA,5094.327768855497,6,73.16865786211176,10.173408145877437,33.0937496579997,5,1.1777805183014312,0.014362769963376343,West Africa
384,59680162B88998270560680,Jos North,ADM2,Nigeria,NGA,258.4382966263058,6,59.24139968042927,10.175570476338333,11.150783770760643,5,23.21637341804579,0.2292284094647574,West Africa
385,2480657B80684943588404,Birim Central Municipal,ADM2,Ghana,GHA,106.42467058085448,6,85.27169243883777,10.926907359307089,31.4405727163047,0,56.37790530384206,0.8012399002358568,West Africa
386,63176286B70684258400559,Buta,ADM2,DR Congo,COD,17541.534192990115,5,516.0006230703443,88.63762364811829,230.48175650139936,5,0.2850377820429231,0.029415934626547468,Congo Basin
387,62588387B10332133917800,Jorquelleh,ADM2,Liberia,LBR,1302.3652005155604,5,145.22989119482293,20.346788526195184,53.27534439384572,5,3.8391689197628103,0.11151241689913977,West Africa
388,59680162B97817900806996,Epe,ADM2,Nigeria,NGA,1314.9712437058522,5,114.3806388344471,10.174140287046637,55.89020978854456,5,3.802364518564679,0.08698337654297257,West Africa
389,59680162B50771081897552,Ezinihitte,ADM2,Nigeria,NGA,112.80309855114739,5,99.32963566004716,10.17472429564181,47.108672640014916,5,44.32502355183879,0.8805576880054313,West Africa
390,2480657B68278489034036,Asene Akroso Manso,ADM2,Ghana,GHA,419.06469484402294,5,282.792465839613,19.52808278620024,209.569511214258,4,11.93133199125976,0.6748181589118816,West Africa
391,59680162B60046857326615,Ile Oluji/Okeigbo,ADM2,Nigeria,NGA,887.2827866528032,5,66.20036678817961,10.17699080981669,25.499713649691902,5,5.635182013236235,0.07461022323887823,West Africa
392,2480657B58435284570364,Bia West,ADM2,Ghana,GHA,1286.2045249636008,5,128.3389595552856,10.170659465986924,94.30459547576426,5,3.8874066316486475,0.09978114449482098,West Africa
393,97208781B33698736493592,Yaou,ADM3,Côte d'Ivoire,CIV,938.0155658983906,5,60.33296466704216,10.175635581963578,20.35127116378657,5,5.330401948299459,0.06431979048157678,West Africa
394,97208781B48051259717159,Diawala,ADM3,Côte d'Ivoire,CIV,1823.9912435651636,5,56.69129613677777,10.172619398569495,30.52488272207079,5,2.7412412299891455,0.031080903670331915,West Africa
395,2480657B6504340506710,Ahafo Ano North,ADM2,Ghana,GHA,593.6715398517548,5,60.77514658707207,10.247388152156299,17.774986203630522,5,8.422165565235863,0.10237166936156006,West Africa
396,37073778B70802022429033,Penguia,ADM3,Sierra Leone,SLE,210.04364602581128,5,518.7339646482922,30.522382473805262,419.39282261587823,5,23.804576308799998,2.4696484490873263,West Africa
397,2480657B36155100412367,Tolon,ADM2,Ghana,GHA,1354.2632725293852,5,81.40342638221186,10.179384790133012,33.04919422818844,5,3.6920443029230183,0.06010901132257173,West Africa
398,97208781B34317634099596,Galébouo,ADM3,Côte d'Ivoire,CIV,397.8924756026207,5,233.313250193899,17.58101821730368,184.66800952409275,4,12.566208980019896,0.5863726119488405,West Africa
399,62588387B49218131763508,Gbao,ADM2,Liberia,LBR,1759.6343257728327,5,79.3294433261491,10.17402732472019,33.505009880929514,4,2.8414994676828647,0.04508291419656613,West Africa
400,62588387B18809430914172,Kongba,ADM2,Liberia,LBR,3010.3521472694447,5,66.13204630219808,10.17501033537798,25.432115721476574,5,1.6609352512247697,0.021968209387789893,West Africa
401,52401652B38764253442669,Fo,ADM3,Central African Republic,CAF,1005.484696033286,5,130.70646672225362,21.351714264852767,43.23338219029019,5,4.972726108836248,0.12999349193269738,Congo Basin
402,52401652B15292217422522,Topia,ADM3,Central African Republic,CAF,4397.682431879004,5,50.86090685821818,10.172178265008002,10.17229969003125,5,1.13696249728147,0.011565388735103996,Congo Basin
403,37073778B58500612321420,York Rural,ADM3,Sierra Leone,SLE,241.62390264175696,5,49.95552156364058,10.175931539379174,10.176836183049444,5,20.69331694974415,0.20674908822123864,West Africa
404,97208781B30212631503759,Agnibilekrou,ADM3,Côte d'Ivoire,CIV,448.9490799551257,5,228.93918273500256,3.051715742273728,221.4372984181245,1,11.137120495936356,0.5099446528721832,West Africa
405,63176286B8564391110970,Walungu,ADM2,DR Congo,COD,1636.597009482545,5,39.87917944261506,10.171564723505915,14.447443350938993,3,3.055119843815972,0.02436713449404625,Congo Basin
406,97208781B41763889641511,Bassawa,ADM3,Côte d'Ivoire,CIV,1025.4434306774117,5,112.12249626532756,25.133108021753717,32.05208942575428,5,4.8759393745367134,0.10934049886229123,West Africa
407,52401652B56994217168582,Yengou,ADM3,Central African Republic,CAF,11066.318907217948,5,76.29960746107413,10.173337479280118,27.97643592826263,5,0.4518214269732256,0.0068947595041118975,Congo Basin
408,97208781B5266533926639,Lakota,ADM3,Côte d'Ivoire,CIV,1016.9345234830139,5,58.571530182951335,10.172425981432223,17.881225138256866,5,4.916737395122486,0.05759616654801244,West Africa
409,2480657B2595733520620,Asikuma-odoben-brakwa,ADM2,Ghana,GHA,772.9643391732382,5,58.55353705403903,10.176026521962777,17.800881664288273,5,6.46860372025441,0.07575192552436226,West Africa
410,52401652B87621344901133,Niem-Yelewa,ADM3,Central African Republic,CAF,2204.83366523238,5,98.96995410095472,17.586963759783316,40.6914298971693,5,2.2677447640808865,0.04488771904275315,Congo Basin
411,63176286B14336347527587,Lubutu,ADM2,DR Congo,COD,15908.695657657921,5,124.70359136605819,18.173819851060966,58.48520182528511,4,0.3142935227121002,0.007838706205057736,Congo Basin
412,22940354B65697742744176,Abanga-Bignè,ADM2,Gabon,GAB,8662.646348928003,5,53.8256631998286,10.171266527442206,17.799756883776848,5,0.5771908258287316,0.006213535798617647,Congo Basin
413,2480657B75157144819377,Techiman North,ADM2,Ghana,GHA,389.5175875172417,5,111.23295242864616,10.172273519578237,50.926896156516236,5,12.836390859446569,0.2855659307648657,West Africa
414,73739313B72366567100153,Kerouane Ctre,ADM3,Guinea,GIN,864.8241746124846,5,50.87704962389708,10.175957650978786,10.177870039603517,5,5.781522009650607,0.05882935643732942,West Africa
415,2480657B16380673722667,Dormaa East,ADM2,Ghana,GHA,569.8974464755879,5,86.46292075800747,17.800974816661654,27.971252526752675,5,8.77350834070491,0.15171663128641721,West Africa
416,59680162B326996000256,Lokoja,ADM2,Nigeria,NGA,3187.0355069388115,5,50.872061512885296,10.172706316790807,10.178917158502804,5,1.5688560698850085,0.015962188498410725,West Africa
417,59680162B2017456399117,Obowo,ADM2,Nigeria,NGA,82.05751746616903,5,81.93707444503814,14.787511323533588,33.056691762250175,4,60.932869460271185,0.9985322122232061,West Africa
418,37073778B11307101613369,Kongbora,ADM3,Sierra Leone,SLE,378.3302189351135,5,198.35539911205544,35.78673046220161,84.10062952946924,4,13.215967823224657,0.5242917144455619,West Africa
419,59680162B37281482686762,Wamba,ADM2,Nigeria,NGA,1230.248334587915,5,73.76385546011468,10.17817335293257,25.31377454845838,5,4.064220092339978,0.05995850868989202,West Africa
420,97208781B56555456967170,Séguéla,ADM3,Côte d'Ivoire,CIV,820.766978049935,5,92.60695504318431,25.528533605214196,30.51923243532879,4,6.091863018026784,0.11282977692792868,West Africa
421,2480657B85939384202988,Dormaa Municipal,ADM2,Ghana,GHA,1209.5640260102168,5,159.8767511815286,17.84258689646337,77.4287181654334,5,4.133720822115262,0.13217717106624513,West Africa
422,73739313B31542077036071,Baro,ADM3,Guinea,GIN,255.6976691339787,5,140.6451260366253,10.247227061252087,61.53444467942634,5,19.554343287267645,0.5500446152402391,West Africa
423,37073778B124914705203,Jong,ADM3,Sierra Leone,SLE,384.1514759886351,5,76.12276643754683,10.173612812916996,25.259693909670286,5,13.015699047185027,0.19815820371805334,West Africa
424,2480657B2337940648547,Asunafo South,ADM2,Ghana,GHA,923.4864402787215,5,367.53930033750845,10.247506555356102,326.5510517799374,4,5.414264662609369,0.3979910091875088,West Africa
425,37073778B74831765668933,Gbane,ADM3,Sierra Leone,SLE,370.0339074524599,4,210.14570372872302,42.52602679779579,114.91964097570118,4,10.809820179827438,0.567909317217697,West Africa
426,1427508B27104831936236,Boundji,ADM2,Republic of the Congo,COG,11504.631760762364,4,63.57063052079969,10.171289144655606,33.056801075505405,4,0.34768605229437927,0.005525655391910356,Congo Basin
427,37073778B54221791491782,Malegohun,ADM3,Sierra Leone,SLE,238.47156947251563,4,69.21492672127346,7.369112111850406,50.87171824546319,2,16.773487962727604,0.2902439350500884,West Africa
428,1427508B59827830762916,Mindouli,ADM2,Republic of the Congo,COG,8730.82183028884,4,109.34252957947788,13.985732618862443,71.19968824220956,4,0.45814701957646853,0.012523738509947412,Congo Basin
429,84187393B9935388970643,Kossoucoingou,ADM3,Benin,BEN,183.16031259885116,4,63.614696913324515,17.808203229966544,17.82725784061276,4,21.838792166513745,0.3473170361564644,West Africa
430,52401652B30715690483256,Haute-Boumbe,ADM3,Central African Republic,CAF,3116.3028034243225,4,96.31722635421296,21.72237652459293,51.07137191688018,3,1.2835723138344048,0.030907531273397314,Congo Basin
431,62588387B28167569470031,Grand Cess Wedabo,ADM2,Liberia,LBR,419.6058619243208,4,66.1225965722463,10.174722657160888,35.600344947290985,4,9.532755290061775,0.1575826330666754,West Africa
432,2480657B44541331554905,Twifo Hemang Lower Denkyira,ADM2,Ghana,GHA,575.7279011591318,4,149.69093366660104,25.002090253342583,98.33553294555031,3,6.947726507516259,0.2600029169425755,West Africa
433,2480657B90334619080238,West Mamprusi Municipal,ADM2,Ghana,GHA,2611.7583508100643,4,48.11256044882635,10.177338885070192,17.584033157084505,4,1.5315352581372461,0.01842152067165928,West Africa
434,59680162B97802053648263,Nkanu East,ADM2,Nigeria,NGA,811.9750638973112,4,40.70145714676269,10.175564316019866,10.177266584784954,4,4.926259657286559,0.05012648658371868,West Africa
435,2480657B89828953333594,Komenda-edina-eguafo-abirem Municipal,ADM2,Ghana,GHA,452.64200219303774,4,76.71836128515814,20.458325481385245,25.563371759578196,4,8.837005802864322,0.16949015096579603,West Africa
436,22940354B4497534497521,Woleu,ADM2,Gabon,GAB,8592.741760714567,4,612.4852077519779,82.64227402172742,437.0293368594635,4,0.4655091601015789,0.07127936865881607,Congo Basin
437,97208781B65006749613232,Doké,ADM3,Côte d'Ivoire,CIV,305.59308913945927,4,57.02324198627979,10.170840458017057,36.63207213640736,3,13.089301238008611,0.1865985979815692,West Africa
438,84187393B57634093244572,Birni,ADM3,Benin,BEN,451.84922647613377,4,57.31759079398522,10.175601531516808,28.004163247646574,3,8.852510451760784,0.12685114289337548,West Africa
439,2480657B81057694902297,Ahanta West Municipal,ADM2,Ghana,GHA,554.3730835548762,4,28.873457270434525,5.636127104355346,16.57646920469382,2,7.21535752484644,0.05208307929614048,West Africa
440,97208781B96399202877003,Goulaleu,ADM3,Côte d'Ivoire,CIV,261.7373629811341,4,139.8276530587935,20.32143244009653,89.01344014686445,4,15.282495225140318,0.5342288600533971,West Africa
441,73739313B57973121068042,Saladou,ADM3,Guinea,GIN,2909.992896330605,4,40.84612821204567,10.212261886780539,10.247412057639869,4,1.374573802239811,0.014036504440801607,West Africa
442,52401652B11380714258081,Bilolo,ADM3,Central African Republic,CAF,3182.6084310540455,4,442.2108028530997,64.95607684037729,294.4979429484515,4,1.2568307055842378,0.1389460288417084,Congo Basin
443,97208781B76890827547883,Djouroutou,ADM3,Côte d'Ivoire,CIV,2331.816690800284,4,40.69291714279546,10.172989107007805,10.175436839201955,4,1.715400707002913,0.017451164709190572,West Africa
444,62588387B32884824633153,District #1,ADM2,Liberia,LBR,1167.3854832795435,4,170.5372327761112,25.434737259815044,102.00836080856344,4,3.426460288646707,0.14608476396076117,West Africa
445,84187393B54730665861058,Mass?,ADM3,Benin,BEN,82.32649755913883,4,117.02563042240114,13.98788734197607,78.87894618434336,4,48.587029918606945,1.4214819516442607,West Africa
446,63176286B24678106401017,Ango,ADM2,DR Congo,COD,34312.56871827625,4,55.945403458993326,10.17201490820762,25.429562450787806,4,0.11657535851780866,0.0016304638664138998,Congo Basin
447,2480657B50810028950834,Builsa South,ADM2,Ghana,GHA,1241.9003785888206,4,41.661948352884664,8.614174816053502,20.348763926619828,3,3.220870263801051,0.03354693264545535,West Africa
448,84187393B61911473015701,Kouandata,ADM3,Benin,BEN,133.564092746586,4,56.07005628196881,13.983374590131167,17.926268599102144,4,29.948168835985623,0.4197988780439045,West Africa
449,84187393B55490506698075,Guilmaro,ADM3,Benin,BEN,1501.4725368572072,4,94.07695800051233,21.623648488639954,40.65597598544308,4,2.6640513907584094,0.06265646269989635,West Africa
450,97208781B68600842439416,Ayamé,ADM3,Côte d'Ivoire,CIV,475.94783937356436,4,32.75006916720413,10.173909294338104,12.165658618979444,3,8.404282295439648,0.06881020661908939,West Africa
451,59680162B28193395760126,Olorunda,ADM2,Nigeria,NGA,147.81583221356902,4,98.17925923346043,12.184900921099954,63.63608302039482,3,27.060700738880747,0.6641998882204168,West Africa
452,37073778B14541201915726,Simbaru,ADM3,Sierra Leone,SLE,269.90599198802147,4,63.11601360052434,17.62963118794146,20.351104892949284,4,14.819974801365364,0.2338444327806011,West Africa
453,59680162B93423525469915,Etche,ADM2,Nigeria,NGA,811.9394060691739,4,78.77129499735693,16.49863559575627,35.60573340230603,4,4.926476003135653,0.09701622363509962,West Africa
454,84187393B61117819015856,Kotopounga,ADM3,Benin,BEN,302.88915859695777,4,84.39183075171039,20.02744931468599,34.15961989763579,2,13.206151116562863,0.2786228174776211,West Africa
455,73739313B34341982814115,Boola,ADM3,Guinea,GIN,1034.1883586013612,4,86.23829091740706,19.01812093042858,30.52303956440556,4,3.8677673817655513,0.08338741216738886,West Africa
456,2480657B66646573774103,Binduri,ADM2,Ghana,GHA,392.07105898627157,4,40.702557503495214,10.17612484484181,10.176987678583425,4,10.202232244181177,0.10381423614569935,West Africa
457,63176286B41140464701712,Kapanga,ADM2,DR Congo,COD,24966.467027077957,4,55.958201662753396,10.174285589676,25.435453908452672,4,0.16021489927516408,0.0022413344107543383,Congo Basin
458,52401652B79798255023644,Dan-Gbabiri,ADM3,Central African Republic,CAF,3290.0772956401934,4,84.15743553781996,17.80238689772515,38.37960874709417,4,1.2157769075214593,0.02557916668077683,Congo Basin
459,97208781B50465941006768,Odienné,ADM3,Côte d'Ivoire,CIV,1625.5497627100126,4,150.40444327374922,22.947169861825003,94.33423024488454,4,2.4607059665349498,0.09252527773927054,West Africa
460,2480657B14065489870616,Tain,ADM2,Ghana,GHA,1829.6128986609751,4,35.25299404586599,8.266820312119659,12.322962008647375,2,2.1862548099258863,0.019268006949265785,West Africa
461,62588387B64851496201268,Kpi,ADM2,Liberia,LBR,182.72209344614976,4,211.47305203680284,10.646942834679917,190.0017646880576,2,21.89116775404527,1.1573480143993988,West Africa
462,37073778B78696711916085,Koidu Town,ADM3,Sierra Leone,SLE,15.688182952382117,4,73.74718352515282,11.610556801876422,50.48799463935274,3,254.96897965437316,4.7008110339480025,West Africa
463,73739313B34600427212879,Komodou,ADM3,Guinea,GIN,1457.095785624067,4,30.84105435508571,10.171997400079373,10.172126444184682,3,2.745186719682138,0.021166113209144063,West Africa
464,52401652B84799948835039,Bossembele,ADM3,Central African Republic,CAF,5177.793412204598,4,76.54221268577287,10.172471760203027,46.02490167470888,4,0.7725298561683793,0.014782786139237402,Congo Basin
465,97208781B16015063034438,Brofodoumé,ADM3,Côte d'Ivoire,CIV,174.7461302595111,4,31.31860880600886,10.170621514383086,10.171209097324445,3,22.890349526251025,0.17922347556136656,West Africa
466,2480657B66384530229883,Sawla-tuna-kalba,ADM2,Ghana,GHA,4226.593506229018,4,51.24317758129078,10.174791647415127,25.397961022291085,4,0.9463886210265852,0.01212399004204455,West Africa
467,37073778B18373904912551,Gbonkolenken,ADM3,Sierra Leone,SLE,734.273963655162,4,78.5170322201206,21.454032743788684,25.435876693651597,4,5.447557993324852,0.10693152162071573,West Africa
468,62588387B39118473724395,Zorzor,ADM2,Liberia,LBR,3127.3145986857216,4,203.20249506297617,13.990274934764273,165.05177088556846,4,1.2790526420594306,0.06497667204584202,West Africa
469,97208781B7000693746900,Tanguélan,ADM3,Côte d'Ivoire,CIV,244.5911206509942,4,127.34114931828697,9.989007447291636,101.26778902028363,4,16.353823431340253,0.5206286678737998,West Africa
470,37073778B54074796811457,Magbaimba Ndorh,ADM3,Sierra Leone,SLE,343.56871285537716,4,386.57096262363933,21.921886062353046,332.55221472216596,4,11.642503669080519,1.1251634626764273,West Africa
471,37073778B18755417608590,Small Bo,ADM3,Sierra Leone,SLE,427.86707484901615,3,27.31778655772903,8.733534380410623,10.17753228233775,3,7.011523382720268,0.06384643307122617,West Africa
472,63176286B12691977822681,Bukama,ADM2,DR Congo,COD,18941.285403552905,3,30.524079983893998,10.174942218589939,10.175091651169986,3,0.15838418228138182,0.001611510482713515,Congo Basin
473,37073778B76280170136746,Upper Bambara,ADM3,Sierra Leone,SLE,225.13108258202607,3,20.87170995288662,5.830810004659918,10.177116598181168,1,13.325569999455565,0.09270914399517469,West Africa
474,2480657B7958262081913,Nandom,ADM2,Ghana,GHA,404.41333782540653,3,40.699387368226134,10.176695932450203,20.349149659071525,3,7.418152962341616,0.10063809365703187,West Africa
475,62588387B68728641169413,Nyenebo,ADM2,Liberia,LBR,348.08461414542825,3,111.99982673833276,45.770118948606786,56.05611931902302,3,8.618594094901917,0.32176034845234414,West Africa
476,63176286B33291186627226,Niangara,ADM2,DR Congo,COD,9333.567154680397,3,264.06360357367635,68.25871081627334,147.08921697372733,3,0.3214205191094194,0.028291820179518333,Congo Basin
477,62588387B63407074353739,Kakata,ADM2,Liberia,LBR,1033.2099320024101,3,38.146844184875164,10.174545980511022,17.802370516367425,3,2.9035725529523866,0.03692070991898496,West Africa
478,2480657B54527757245703,Berekum West,ADM2,Ghana,GHA,401.30667734289653,3,86.59008267837238,25.470491163929875,43.276697609409474,3,7.475579573864527,0.2157703511232271,West Africa
479,97208781B76519329112770,Abidjan,ADM3,Côte d'Ivoire,CIV,553.0130337249316,3,75.38062719518385,17.7485620714823,47.46003347346341,3,5.424826933631005,0.13630895222747705,West Africa
480,37073778B17923745165321,Gbendembu Ngowa,ADM3,Sierra Leone,SLE,789.2055571064404,3,73.77318924293675,17.806219645503077,45.788007180882715,3,3.8012910235949957,0.09347778735038346,West Africa
481,37073778B45681274754851,Kpeje Bongre,ADM3,Sierra Leone,SLE,179.79143033246518,3,29.98238384942002,10.14711544025484,14.522927794081433,3,16.686001076094037,0.16676202972509563,West Africa
482,37073778B10181100359091,Nongowa,ADM3,Sierra Leone,SLE,623.7557267811557,3,38.153306456459774,10.175651975100651,17.805926998461715,3,4.809575080747192,0.061167063993699956,West Africa
483,62588387B34365926899718,Suehn Mecca,ADM2,Liberia,LBR,460.4928113553908,3,206.15588690833556,78.8432908929874,117.14119027901211,3,6.5147596792444045,0.447685353223098,West Africa
484,62588387B53229219679368,Trenbo,ADM2,Liberia,LBR,245.45383959503877,3,60.80373814319803,17.688915257382135,32.94529064946295,3,12.222257370060051,0.24771964554930115,West Africa
485,62588387B53220692513074,District #3,ADM2,Liberia,LBR,2279.181727793587,3,30.519142835915822,10.172729185522208,10.174794139218253,3,1.3162618686418732,0.013390394659516932,West Africa
486,62588387B5166019461138,Kpayan,ADM2,Liberia,LBR,1004.1885401145822,3,31.655133762488596,10.168268692264261,17.799104097573117,3,2.9874867917310497,0.03152309800197143,West Africa
487,62588387B84481919127843,Buah,ADM2,Liberia,LBR,279.3102310558579,3,12.468952488586583,1.6353622863977306,10.173184395811179,1,10.74074511577789,0.0446419468468843,West Africa
488,63176286B62322725812229,Kabeya-Kamwanga,ADM2,DR Congo,COD,2255.2010516686933,3,30.518805209097906,10.172950269986243,10.172954672132324,3,1.3302583367368541,0.013532631685550205,Congo Basin
489,63176286B31000864957103,Kamina,ADM2,DR Congo,COD,40913.13759999999,3,38.15420351393167,10.174451291350584,17.80531277923119,3,0.0733260799826802,0.0009325660595126705,Congo Basin
490,63176286B45916106821058,Lubero,ADM2,DR Congo,COD,17156.63858016777,3,71.19910308138833,17.799802317827833,43.22801226175892,3,0.17485942750276573,0.004149944801173988,Congo Basin
491,2480657B63998169387071,Nkoranza North,ADM2,Ghana,GHA,1387.121951645768,3,21.07863742431886,10.171106366454996,10.177154360162492,2,2.1627514411696915,0.015195951155779671,West Africa
492,97208781B8549979726306,Kongasso,ADM3,Côte d'Ivoire,CIV,639.300121863398,3,30.522550574984145,10.175509737490987,10.175711931240025,3,4.69263167236033,0.04774369584979686,West Africa
493,62588387B41100614633328,Dweh,ADM2,Liberia,LBR,84.02653867952162,3,647.9634282721128,22.78496333028614,623.6489381631308,2,35.703005825838446,7.711414018176497,West Africa
494,97208781B81484527004172,Bengassou,ADM3,Côte d'Ivoire,CIV,356.0156345221701,3,45.71994748292573,17.739809316814704,17.806937233454565,3,8.426596219647712,0.12842117887403795,West Africa
495,62588387B82144239475407,Garr-Bain,ADM2,Liberia,LBR,396.5750876143993,3,53.40531083011147,17.801619882321862,25.431092627265766,3,7.564771700730181,0.13466632801210876,West Africa
496,63176286B23528212594514,Dekese,ADM2,DR Congo,COD,25648.53949133924,3,38.144648097507,10.17190877828762,17.800849159733723,3,0.11696572434516249,0.001487205464872077,Congo Basin
497,97208781B9258660541315,Karakoro,ADM3,Côte d'Ivoire,CIV,236.20164973744693,3,30.524585338714736,10.17615839371869,10.177318271892027,3,12.701012051925503,0.1292310420890148,West Africa
498,84187393B30931268807514,Kompa,ADM3,Benin,BEN,1466.4376346979736,3,33.441024333830846,10.181403951926749,20.353854390323242,2,2.045774009760652,0.022804259480641558,West Africa
499,97208781B43836402688143,Bobi-Diarabana,ADM3,Côte d'Ivoire,CIV,953.259194748861,3,68.08644981562092,17.807555592179117,43.239287610067,3,3.147097889562302,0.07142490750751007,West Africa
500,9386221B79807514363005,Ngaoundal,ADM3,Cameroon,CMR,3711.118721824475,3,137.15107191317406,17.802504067221715,109.17559774347977,3,0.8083815757112529,0.036956799874553005,Congo Basin
501,59680162B23155718085687,Mokwa,ADM2,Nigeria,NGA,3886.632555154993,3,30.524422262258906,10.17571645265062,10.175871383123429,3,0.771876414203597,0.007853693867142951,West Africa
502,59680162B70265669805684,Shiroro,ADM2,Nigeria,NGA,4639.19936856062,3,40.70819650404188,10.17897807917565,20.35413117506925,3,0.6466633058132171,0.00877483230833259,West Africa
503,59680162B39513276000218,Owerri North,ADM2,Nigeria,NGA,184.2856624877534,3,30.5219808891048,10.175199947293208,10.175436838380588,3,16.279074343069762,0.16562319866383052,West Africa
504,59680162B68325668602500,Okpe,ADM2,Nigeria,NGA,434.4529476584678,3,42.73779730304644,14.7652573477395,17.80041990268957,3,6.90523569046736,0.09837152108965201,West Africa
505,84187393B85554805616647,Oroukayo,ADM3,Benin,BEN,581.9164709598515,3,57.67067316168669,18.090435263590685,33.08918409352869,2,5.155379078807654,0.09910472729283788,West Africa
506,9386221B8023957088863,Bertoua II,ADM3,Cameroon,CMR,91.13499571300652,3,34.15538746169773,10.17213260419855,13.811137646466715,3,32.918199825754186,0.374777956530075,Congo Basin
507,73739313B97724990988037,Mamouroudou,ADM3,Guinea,GIN,1537.1293376916456,3,37.83040608593865,10.1751686976982,17.80321693671892,3,1.951690027922564,0.02461107543672918,West Africa
508,59680162B46313771844948,Toungo,ADM2,Nigeria,NGA,5646.497276034567,3,30.523940006286907,10.174614396871878,10.17487961572312,3,0.5313028331268134,0.0054058186011777054,West Africa
509,97208781B13213820773721,Tienkoikro,ADM3,Côte d'Ivoire,CIV,275.8150165940621,3,635.729157439327,175.36320722507125,419.62666331922793,3,10.87685520913942,2.3049113325652524,West Africa
510,97208781B46630915241510,Gbon,ADM3,Côte d'Ivoire,CIV,869.6021605049489,3,30.03244745571125,10.176696450760128,10.177894496200803,3,3.4498534344233924,0.03453584733307517,West Africa
511,97208781B57280370247049,Bilimono,ADM3,Côte d'Ivoire,CIV,3338.028340157579,3,30.52083270495536,10.174060419761956,10.175340793288738,3,0.8987341311363397,0.009143371354215212,West Africa
512,73739313B98030804287011,Binikala,ADM3,Guinea,GIN,801.3124746286607,3,241.22721461582205,10.177222120050326,220.8755922122079,3,3.7438578519450125,0.30104013384742334,West Africa
513,59680162B60875368726655,Sanga,ADM2,Nigeria,NGA,1820.5005518119096,3,34.131413695963566,10.175293174488056,13.781021809498402,3,1.6478984293710632,0.018748367673930785,West Africa
514,97208781B94169592532596,Okrouyo,ADM3,Côte d'Ivoire,CIV,938.4776289395877,3,66.12033422429255,10.173952644689386,45.77488379962889,3,3.196666502737827,0.07045488585487518,West Africa
515,52401652B79208883634836,Moboma,ADM3,Central African Republic,CAF,925.1106925263509,3,94.34197634686063,17.80062875394194,66.36947276712803,3,3.24285517855967,0.10197912218399031,Congo Basin
516,97208781B50700511028321,Issia,ADM3,Côte d'Ivoire,CIV,560.8459057914275,3,68.66808909704793,17.80400204857387,33.0611552433767,3,5.349062851348811,0.12243664148737646,West Africa
517,97208781B48788955670746,Kagbolodougou,ADM3,Côte d'Ivoire,CIV,111.66620020202662,3,15.057780896710952,4.868544558243965,10.179116797984323,1,26.8657838681033,0.13484636236809705,West Africa
518,52401652B809513116141,Yoro-Samba Bougoulou,ADM3,Central African Republic,CAF,2980.3601379503143,3,30.51711229982589,10.17235398133241,10.172434726632462,3,1.0065897613511878,0.010239404262336379,Congo Basin
519,52401652B80282695778598,Boganda,ADM3,Central African Republic,CAF,2753.2687852019453,3,20.376332652129136,10.172017425772747,10.172065717668042,2,1.0896139222309738,0.00740077858058983,Congo Basin
520,97208781B91375892980153,Kaouara,ADM3,Côte d'Ivoire,CIV,649.3265323490449,3,21.374189855042065,9.559235071173903,10.177958740378267,3,4.620171594016048,0.032917474937790445,West Africa
521,2480657B3117094904377,Ajumako-enyan-essiam,ADM2,Ghana,GHA,521.3826903225329,3,14.113369796905138,2.1284454779024675,10.172994762883038,1,5.753930952606363,0.027069118439997417,West Africa
522,63176286B83726148102259,Basoko,ADM2,DR Congo,COD,22655.748498700905,3,38.14256131181808,10.1713869828956,17.7997966548617,3,0.13241672417806113,0.0016835710068905997,Congo Basin
523,97208781B74973421178114,Bécouéfin,ADM3,Côte d'Ivoire,CIV,333.4615841285279,3,38.08308149532276,10.174835014064334,17.73393118263466,3,8.996538560326918,0.11420530372291458,West Africa
524,59680162B90439441381954,Kubau,ADM2,Nigeria,NGA,2363.123102363137,3,30.525256807126716,10.175542220435256,10.177177170231726,3,1.2695064412852561,0.012917336712844656,West Africa
525,97208781B32587209316404,Kimbirila-Nord,ADM3,Côte d'Ivoire,CIV,505.6350830058237,3,30.519614750563772,10.174124193870943,10.174825338485611,3,5.9331326105104285,0.060358973845595014,West Africa
526,2480657B52907018957478,Ketu North,ADM2,Ghana,GHA,423.48246120957936,3,107.18816647885048,48.324484984856404,58.16077699139317,2,7.084118646687743,0.2531112296190316,West Africa
527,56601680B30245465113687,Keran,ADM2,Togo,TGO,1700.3673281480592,3,30.521421061193394,10.173979318003328,10.17420744506229,3,1.7643246552304817,0.0179498985636448,West Africa
528,97208781B88736597708911,Tendéné-Bambarasso,ADM3,Côte d'Ivoire,CIV,1287.8292207516224,3,53.412934487027414,17.80112859038814,25.437739386301995,3,2.329501421197055,0.041475168932611856,West Africa
529,97208781B5332127061288,Yocoboué,ADM3,Côte d'Ivoire,CIV,384.9777058862264,3,30.101412914429297,10.17380863299701,10.174062841001078,3,7.792659040070749,0.07819001582217662,West Africa
530,59680162B89388744582495,Southern Ijaw,ADM2,Nigeria,NGA,2695.1569177576675,3,38.13861924656913,10.168687462172752,17.801302676001097,3,1.1131077304752843,0.014150797304336521,West Africa
531,59680162B11957186029310,Pankshin,ADM2,Nigeria,NGA,1364.3448068826533,3,30.530126018543132,10.176204250917568,10.17907535712272,3,2.19885763838146,0.022377133598874034,West Africa
532,59680162B87049040782715,Isiala-Ngwa North,ADM2,Nigeria,NGA,274.89447134530565,3,40.55282824013233,16.47484124008822,24.05770920538054,0,10.91327877682772,0.14752143992445865,West Africa
533,59680162B13157392837231,Karim Lamido,ADM2,Nigeria,NGA,6091.905321466758,3,30.52566152972672,10.176838043891065,10.178289733186197,3,0.49245676708542224,0.005010856196691021,West Africa
534,97208781B16408365293694,Hiré,ADM3,Côte d'Ivoire,CIV,433.21912618029427,3,45.69838940356719,10.172152233590284,25.357035095127696,3,6.924902015409818,0.10548562296058171,West Africa
535,73739313B57499007890340,Tinti Oulen,ADM3,Guinea,GIN,2138.7346008466443,3,27.192946409167476,10.170960605122815,10.176083040200256,3,1.402698585795738,0.01271450249058617,West Africa
536,59680162B44675208679717,Nasarawa Egon,ADM2,Nigeria,NGA,1193.0386423129332,3,38.0364057347293,10.175710008838273,17.687917502777662,3,2.514587452242056,0.03188195619631269,West Africa
537,97208781B71549231984623,Kotobi,ADM3,Côte d'Ivoire,CIV,236.0120214724788,3,221.39206950349939,58.50656051065457,132.3655836502558,3,12.711216917184991,0.938054206401159,West Africa
538,56601680B12598387573686,Bassar,ADM2,Togo,TGO,3269.024577393006,3,29.92770012742397,10.17482258257414,10.17751281737285,3,0.9177049388819375,0.009154932738771522,West Africa
539,84187393B29262589637543,Singr?,ADM3,Benin,BEN,271.7447525108429,3,40.698666067250485,10.17609567307279,20.349842506784288,3,11.039771595517,0.14976799254155448,West Africa
540,97208781B84299212231717,Sikolo,ADM3,Côte d'Ivoire,CIV,2231.0540587821683,3,30.52610603040062,10.176953157113443,10.177606346774386,3,1.3446558984938108,0.013682369510608559,West Africa
541,97208781B66139148706712,Ayaou-Sran,ADM3,Côte d'Ivoire,CIV,275.93847271156494,3,134.79223068680744,30.51955557872047,94.09754653676623,3,10.87198885505126,0.4884865432581562,West Africa
542,63176286B79209138861399,Rungu,ADM2,DR Congo,COD,9325.868059543121,3,61.029468721748515,17.800336564364407,25.428957753156492,3,0.32168587211890826,0.0065441059569031025,Congo Basin
543,22940354B39129548134605,Louetsi-Bibaka,ADM2,Gabon,GAB,3126.112767437662,3,71.20070167587993,25.42890041950894,35.600285692747384,3,0.9596582795248838,0.02277611429041315,Congo Basin
544,2480657B20562210440652,East Gonja Municipal,ADM2,Ghana,GHA,2254.4052967567395,2,20.344227226907673,10.172113613453837,10.173713800092111,2,0.8871519255553847,0.009024210179143715,West Africa
545,63176286B68044599971787,Poko,ADM2,DR Congo,COD,21921.87877437128,2,20.343463758738224,10.171731879369112,10.171815200916827,2,0.09123305628065906,0.000927998187022256,Congo Basin
546,2480657B15531990631346,Gomoa Central,ADM2,Ghana,GHA,121.53327551162825,2,27.989371779140615,13.994685889570308,17.815216688112653,2,16.456398394435116,0.2303021264037486,West Africa
547,2480657B13680530894334,Nkwanta South Municipal,ADM2,Ghana,GHA,2732.57899197182,2,20.35338304357779,10.176691521788895,10.177124279981662,2,0.7319093083405456,0.007448415252907604,West Africa
548,63176286B3160723083670,Kabare,ADM2,DR Congo,COD,2350.050044749096,2,10.535567412213775,5.267783706106887,10.171627863955877,2,0.8510457062260267,0.004483124704409692,Congo Basin
549,84187393B73765795797922,Copargo,ADM3,Benin,BEN,295.8234653496837,2,10.218075151684886,5.109037575842443,10.174113063471646,1,6.760788896972261,0.03454112451696966,West Africa
550,22940354B82512793469031,Ntem,ADM2,Gabon,GAB,2773.8711933939076,2,20.34290039442883,10.171450197214416,10.171484099038716,2,0.7210140127497936,0.007333758122178245,Congo Basin
551,73739313B44759029438194,Kankan Ctre,ADM3,Guinea,GIN,154.4902306028246,2,20.49375987559123,10.246879937795615,10.24912578395866,2,12.945802412204008,0.13265408301627932,West Africa
552,22940354B47016566751071,Lombo-Bouenguidi,ADM2,Gabon,GAB,2267.1699441317164,2,27.97128663978986,13.98564331989493,17.79992002435571,2,0.8821570721580655,0.012337534163325519,Congo Basin
553,22940354B13456808053161,Lolo-Bouenguidi,ADM2,Gabon,GAB,7935.649960379058,2,20.342757939029575,10.171378969514787,10.17141522683004,2,0.25202724540340826,0.002563464623640969,Congo Basin
554,73739313B54422906421351,Manfran,ADM3,Guinea,GIN,863.5872527082016,2,20.346773840109066,10.173386920054533,10.173613629585812,2,2.315921169202091,0.023560762130637958,West Africa
555,97208781B85455704698498,Tibéita,ADM3,Côte d'Ivoire,CIV,675.1823846667605,2,27.974927742649232,13.987463871324616,17.80210877324833,2,2.9621625880940443,0.04143314218195486,West Africa
556,73739313B57897565323629,Nzoo,ADM3,Guinea,GIN,534.488773660978,2,20.292415696603392,10.146207848301696,10.174013215700223,2,3.741893372803718,0.037966027906649186,West Africa
557,2480657B76140913943028,Sissala West,ADM2,Ghana,GHA,2050.2928197024635,2,20.291142244702023,10.145571122351011,10.176570152414277,2,0.975470420995884,0.009896704533963425,West Africa
558,2480657B27215926841583,Savelugu,ADM2,Ghana,GHA,1546.9067140442257,2,10.382540805059849,5.191270402529924,10.173058741027619,1,1.2929027858255326,0.006711807965404573,West Africa
559,97208781B93049708448352,Diamba,ADM3,Côte d'Ivoire,CIV,369.7311599857223,2,78.73022351410873,39.365111757054365,76.347064965767,1,5.409335799766601,0.21293910828924728,West Africa
560,2480657B63581433334614,Kpone Katamanso,ADM2,Ghana,GHA,239.92081031796243,2,48.317396752805294,24.158698376402647,38.14856662252421,2,8.336083882633767,0.20138893616094064,West Africa
561,63176286B88012685356826,Kasongo,ADM2,DR Congo,COD,16544.04604800886,2,35.60172479099879,17.800862395499394,25.429660013808235,2,0.12088941206983088,0.0021519357893278832,Congo Basin
562,63176286B86170870415972,Oïcha,ADM2,DR Congo,COD,7353.471458818845,2,35.59958171243714,17.79979085621857,25.428294907438918,2,0.2719803852099605,0.004841193973731061,Congo Basin
563,84187393B70856760202832,Kokohou?,ADM3,Benin,BEN,19.298378187868526,2,20.3054519106586,10.1527259553293,10.17373945347418,2,103.63565168689944,1.0521843707790506,West Africa
564,97208781B87226277819358,Tapéguia,ADM3,Côte d'Ivoire,CIV,353.1743612834681,2,127.34865335677755,63.67432667838877,101.91516279256338,2,5.662925226881748,0.3605829508517573,West Africa
565,63176286B5322857834849,Ngandajika,ADM2,DR Congo,COD,5660.1627686696065,2,20.34630093002883,10.173150465014414,10.173237468954804,2,0.3533467290146658,0.00359464944058687,Congo Basin
566,63176286B53815785774290,Idiofa,ADM2,DR Congo,COD,19128.41349807805,2,20.344449259521987,10.172224629760994,10.172374670939824,2,0.10455650178207158,0.001063572222629238,Congo Basin
567,2480657B49181902253284,Effia Kwesimintsim Municipal,ADM2,Ghana,GHA,104.92135084969549,2,9.763973612242957,4.881986806121478,9.216973389675008,1,19.061897162047494,0.09305993044476034,West Africa
568,2480657B24752518727633,Nanumba South,ADM2,Ghana,GHA,1789.497955816782,2,12.860369934512622,6.430184967256311,10.170529791985608,1,1.1176318997733297,0.007186579840848576,West Africa
569,97208781B20053123627263,Kokoumbo,ADM3,Côte d'Ivoire,CIV,447.4643478200195,2,78.68722799106618,39.34361399553309,68.51498300039563,2,4.4696298369774174,0.175851391008957,West Africa
570,97208781B17247623090176,Gogo,ADM3,Côte d'Ivoire,CIV,687.2661276124841,2,20.353814540717437,10.176907270358718,10.179831241710389,2,2.9100808546288532,0.02961562300680409,West Africa
571,63176286B77262619841164,Kasenga,ADM2,DR Congo,COD,23882.625127430067,2,20.351314883353552,10.175657441676776,10.175661541306463,2,0.08374288795007409,0.0008521389409566759,Congo Basin
572,73739313B66618100257356,Yombiro,ADM3,Guinea,GIN,370.53916510655995,2,20.348849363861007,10.174424681930503,10.176968217771044,2,5.397540093838227,0.054916865152457146,West Africa
573,63176286B71176382547280,Gungu,ADM2,DR Congo,COD,14803.444138838826,2,20.34518969216167,10.172594846080836,10.172595704254787,2,0.13510369487278512,0.0013743551501493717,Congo Basin
574,97208781B87716043914490,Bin-Houyé,ADM3,Côte d'Ivoire,CIV,214.43069051202846,2,16.662764249286354,8.331382124643177,10.169231014448142,1,9.327023082490191,0.07770699338559309,West Africa
575,63176286B93910554563220,Kisangani,ADM2,DR Congo,COD,2193.7529244425223,2,30.513892588396082,15.256946294198041,20.342582116275345,2,0.9116796963396601,0.013909448164564972,Congo Basin
576,63176286B48907865482387,Kalehe,ADM2,DR Congo,COD,4632.178076995787,2,27.971579177180903,13.985789588590452,17.800125346720993,2,0.4317623301082384,0.006038537101173355,Congo Basin
577,2480657B39319620746428,Ga North Municipal,ADM2,Ghana,GHA,124.78645079523304,2,20.348179545835187,10.174089772917593,10.174127149957028,2,16.02738107586599,0.1630640138906211,West Africa
578,2480657B38880944597072,Nkoranza South,ADM2,Ghana,GHA,923.0046915104164,2,35.565230513496275,17.782615256748137,17.783298637002098,2,2.1668362234726835,0.03853201488639987,West Africa
579,2480657B36678414015123,Central Tongu,ADM2,Ghana,GHA,681.8968293159862,2,20.3469253157658,10.1734626578829,10.174876010084212,2,2.932995013345654,0.029838715244028768,West Africa
580,63176286B42701779698156,Uvira,ADM2,DR Congo,COD,3532.006511066253,2,24.61010570187683,12.305052850938415,17.80059304778994,2,0.5662503717741545,0.006967740751544496,Congo Basin
581,97208781B15527909642797,Songon,ADM3,Côte d'Ivoire,CIV,608.248545405629,2,20.349068606935994,10.174534303467997,10.176214136493677,2,3.2881295238712642,0.033455186634874075,West Africa
582,73739313B19386409851735,Madina Oula,ADM3,Guinea,GIN,1351.9818255729836,2,27.807443670812134,13.903721835406067,17.63049231554532,1,1.4793098266334903,0.02056791233789482,West Africa
583,2480657B66784074859314,Mampong Municipal,ADM2,Ghana,GHA,670.5306912035983,2,33.129999121317965,16.564999560658983,17.823144560546602,2,2.982712090941002,0.04940862447600994,West Africa
584,73739313B19411633263542,Womey,ADM3,Guinea,GIN,490.6083722303412,2,50.867546395040094,25.433773197520047,40.69719044129311,2,4.076571280077947,0.10368258936102649,West Africa
585,2480657B35012095074914,North Tongu,ADM2,Ghana,GHA,1131.6562322024545,2,30.522698209281863,15.261349104640932,20.346689808372712,2,1.7673211555664352,0.026971705135116795,West Africa
586,9386221B14880096394558,Yokadouma,ADM3,Cameroon,CMR,12847.780550845588,2,20.343442472126146,10.171721236063073,10.17174047960877,2,0.1556689104460434,0.0015834207621788206,Congo Basin
587,63176286B36790783393673,Namoya,ADM2,DR Congo,COD,15.221230270656813,2,20.34399474116993,10.171997370584965,10.172020664210093,2,131.39542365741357,1.3365539039501086,Congo Basin
588,97208781B87038499547210,Nafoun,ADM3,Côte d'Ivoire,CIV,364.03759813859136,2,119.59623904300774,59.79811952150387,109.41971029670313,2,5.493938016914911,0.3285271621792118,West Africa
589,97208781B1399761331342,Gouiné,ADM3,Côte d'Ivoire,CIV,1372.0324588228195,2,20.350795332545793,10.175397666272897,10.17763621233012,2,1.4576914614075283,0.01483259029455209,West Africa
590,97208781B20708403365114,Aboisso,ADM3,Côte d'Ivoire,CIV,646.888140380638,2,43.18156263826545,21.590781319132724,33.013708827119295,2,3.0917246354573327,0.06675275050313462,West Africa
591,97208781B11986933289454,Guintéguéla,ADM3,Côte d'Ivoire,CIV,1460.2207119963412,2,40.69589711477224,20.34794855738612,30.52228503407615,2,1.3696559592458453,0.027869689000051805,West Africa
592,2480657B45105521184723,Afadzato South,ADM2,Ghana,GHA,552.9794807860211,2,27.984928298167898,13.992464149083949,17.807766858078157,2,3.616770729281206,0.05060753476492348,West Africa
593,56601680B4810153335262,Tone,ADM2,Togo,TGO,1235.8311217988742,2,35.609253980759235,17.804626990379617,25.434280618124372,2,1.6183440963105078,0.028814012976891575,West Africa
594,84187393B61654479773196,S?,ADM3,Benin,BEN,81.93303053679504,2,91.61856139383991,45.809280696919956,73.78867132536702,2,24.41017971502746,1.1182127744279546,West Africa
595,97208781B40820422658221,Guiglo,ADM3,Côte d'Ivoire,CIV,1928.3177606869024,2,20.34640362282918,10.17320181141459,10.174848731170455,2,1.0371734580132494,0.010551374901811522,West Africa
596,52401652B71932547914894,Bawi Tedoa,ADM3,Central African Republic,CAF,2344.0865390075883,2,20.344910297954335,10.172455148977168,10.172460268104745,2,0.8532108208115629,0.008679248807327618,Congo Basin
597,97208781B55985343841314,Débété,ADM3,Côte d'Ivoire,CIV,323.3581518623813,2,35.6159466136924,17.8079733068462,25.437733522981556,2,6.185092252912135,0.11014395774024051,West Africa
598,59680162B4050907661224,Wasagu-Danko,ADM2,Nigeria,NGA,4017.2533927667896,2,8.635569671665458,4.317784835832729,6.269614452230962,1,0.49785258843792934,0.002149620356837364,West Africa
599,52401652B58466354713012,Bede,ADM3,Central African Republic,CAF,3570.2820500878975,2,38.14953003370734,19.07476501685367,20.346381951219506,2,0.5601798322770498,0.010685298667865226,Congo Basin
600,52401652B57251917651910,Ouakanga,ADM3,Central African Republic,CAF,2326.641685577081,2,27.97320852720419,13.986604263602095,17.801111782342,2,0.8596080833581113,0.012022998083723386,Congo Basin
601,9386221B51081556140896,Bertoua I,ADM3,Cameroon,CMR,167.5709669316256,2,13.969076424425708,6.984538212212854,10.172117211117254,1,11.935241746358514,0.08336215204943911,Congo Basin
602,59680162B45442733436767,Aleiro,ADM2,Nigeria,NGA,268.6655621307981,2,14.254086565316474,7.127043282658237,10.174667488737722,1,7.444199338902665,0.053055130893095125,West Africa
603,59680162B45761990386675,Mashegu,ADM2,Nigeria,NGA,8727.268105660962,2,20.35455494210249,10.177277471051244,10.177894333190391,2,0.22916678802415794,0.0023322939888714383,West Africa
604,84187393B2276030726030,Kpankou,ADM3,Benin,BEN,313.0780684942549,2,20.34384733579748,10.17192366789874,10.17327670853494,2,6.388183016520369,0.0649801100206123,West Africa
605,97208781B72338404024633,Yorodougou,ADM3,Côte d'Ivoire,CIV,530.3183225382327,2,20.353111202364794,10.176555601182397,10.176606874507549,2,3.7713198186845833,0.03837904582468478,West Africa
606,97208781B52376651385402,Sinématiali,ADM3,Côte d'Ivoire,CIV,301.37348850464383,2,25.696581662794145,12.848290831397073,15.52109431634252,2,6.63628380161642,0.08526490432285715,West Africa
607,52401652B50155572760878,Haute-Batouri,ADM3,Central African Republic,CAF,2289.3878967336373,2,27.97329857144435,13.986649285722175,17.801201281755848,2,0.8735959523737682,0.012218680203278348,Congo Basin
608,59680162B51712615582520,Ijero,ADM2,Nigeria,NGA,361.8449455378177,2,20.35358401410354,10.17679200705177,10.177799062795424,2,5.527229341361555,0.0562494633823103,West Africa
609,52401652B49227657461354,Damara,ADM3,Central African Republic,CAF,6879.4919238340435,2,50.8613814893681,25.43069074468405,33.05978414681541,2,0.2907191435272985,0.007393188632602143,Congo Basin
610,59680162B54356159238049,Orumba North,ADM2,Nigeria,NGA,320.5328018198268,2,20.342648714658903,10.171324357329452,10.17133757823637,2,6.239611012180309,0.06346510746845066,West Africa
611,52401652B48667488935339,Carnot,ADM3,Central African Republic,CAF,3706.7028270418464,2,27.973622779720728,13.986811389860364,17.801415696361556,2,0.5395630816177704,0.007546767055519588,Congo Basin
612,59680162B58427071840888,Uvwie,ADM2,Nigeria,NGA,83.34452192832731,2,20.83774384450161,10.418871922250805,17.80370849673017,1,23.996778117221833,0.25001935775000506,West Africa
613,59680162B62313947241233,Wushishi,ADM2,Nigeria,NGA,1824.5809370223162,2,27.899783897711124,13.949891948855562,17.721621119595245,2,1.0961421110010963,0.015291064009055732,West Africa
614,59680162B63511927639310,Kudan,ADM2,Nigeria,NGA,345.4125405925212,2,13.48544541334666,6.74272270667333,7.9190935365062165,2,5.7901777294165315,0.039041562851811075,West Africa
615,59680162B64690225464412,Kaura Namoda,ADM2,Nigeria,NGA,911.6981832078287,2,20.35113373296346,10.17556686648173,10.180780841391625,2,2.1937084408383476,0.022322226925315988,West Africa
616,52401652B36761045215833,Mbres,ADM3,Central African Republic,CAF,3490.441418214473,2,73.47560220366921,36.737801101834606,63.302506206374346,2,0.5729934298748653,0.021050518659400816,Congo Basin
617,59680162B67809263123643,Ewekoro,ADM2,Nigeria,NGA,626.8523014232668,2,27.414298628267325,13.707149314133662,17.846237560692643,2,3.1905442405794866,0.043733266298972215,West Africa
618,97208781B72948044564142,Saïoua,ADM3,Côte d'Ivoire,CIV,837.1621974456122,2,20.340506686168148,10.170253343084074,10.17055062433512,2,2.3890233052836023,0.02429697225726632,West Africa
619,63176286B19501088760626,Ilebo,ADM2,DR Congo,COD,16099.10146351009,2,2.9843025255584106,1.4921512627792053,2.9338390564146657,0,0.12423053575587192,0.0001853707508038615,Congo Basin
620,59680162B7149387462115,Sabon Gari,ADM2,Nigeria,NGA,191.00703271820595,2,6.869587105125218,3.434793552562609,4.609156496866377,0,10.470818647555319,0.035965100380675345,West Africa
621,97208781B57260927219017,Akpassanou,ADM3,Côte d'Ivoire,CIV,303.86138329255215,2,20.349020392256698,10.174510196128349,10.178130713755973,2,6.581948579080997,0.0669681029282521,West Africa
622,59680162B33788323646847,Umuahia South,ADM2,Nigeria,NGA,141.57362512979822,2,9.714731554572507,4.857365777286254,6.595012479746956,1,14.126925111696124,0.06861964257583855,West Africa
623,59680162B33139344805421,Badagry,ADM2,Nigeria,NGA,438.96350837090773,2,20.345288949526868,10.172644474763434,10.174540749009394,2,4.5561873865607865,0.04634847444388444,West Africa
624,97208781B63887713977042,Soubre,ADM3,Côte d'Ivoire,CIV,615.3413083828016,2,4.18892679039782,2.09446339519891,3.163411277549701,0,3.2502287312000306,0.006807485103522261,West Africa
625,56601680B4042875560778,Kloto,ADM2,Togo,TGO,554.0528006481179,2,53.40260347607365,26.701301738036825,43.231450492331454,2,3.6097642637316283,0.09638540480908055,West Africa
626,56601680B89390870579143,Doufelgou,ADM2,Togo,TGO,1322.0501577153914,2,27.977704720981617,13.988852360490808,17.804813679699777,2,1.5128019071955336,0.021162362530427237,West Africa
627,56601680B24632394959352,Sotouboua,ADM2,Togo,TGO,3184.737643874019,2,10.771414267771428,5.385707133885714,10.172442568810352,1,0.6279952145656603,0.0033821983071323667,West Africa
628,56601680B17683608517106,Oti,ADM2,Togo,TGO,4417.073302272295,2,13.018419352922006,6.509209676461003,9.975449077663564,1,0.45278850114874275,0.00294729529306767,West Africa
629,97208781B69071023984953,Kolia,ADM3,Côte d'Ivoire,CIV,1114.1176847513634,2,16.953545411145498,8.476772705572749,10.177166128984167,1,1.7951424947054295,0.01521701490173276,West Africa
630,59680162B1470225488806,Fune,ADM2,Nigeria,NGA,5632.759108787652,2,20.353139236963166,10.176569618481583,10.1780663581591,2,0.3550657788435876,0.0036133516175421545,West Africa
631,59680162B15165581574851,Toro,ADM2,Nigeria,NGA,6704.90619538393,2,20.354299314394964,10.177149657197482,10.17806419501059,2,0.2982890351809729,0.0030357321521378056,West Africa
632,56601680B12249670822801,Dankpen,ADM2,Togo,TGO,2653.6580053755183,2,20.348821297806587,10.174410648903294,10.174976702180333,2,0.7536766214593581,0.00766821544320555,West Africa
633,52401652B99363571212605,Yobe-Sangha,ADM3,Central African Republic,CAF,3995.76990866721,2,20.343361701593793,10.171680850796896,10.17171304442008,2,0.5005293211858389,0.005091224511568367,Congo Basin
634,97208781B70701813262699,Bingerville,ADM3,Côte d'Ivoire,CIV,304.9914392223499,2,20.345807833995096,10.172903916997548,10.17334449446868,2,6.557561107614981,0.06670943907760722,West Africa
635,84187393B46090983216631,S?m?r? II,ADM3,Benin,BEN,156.0185873221644,2,20.34504578396919,10.172522891984595,10.174330482813897,2,12.818985444793059,0.1304014228891747,West Africa
636,97208781B71195816645295,Toulepleu,ADM3,Côte d'Ivoire,CIV,109.24428658440246,2,66.2417799088939,33.12088995444695,48.44102917712437,2,18.307593582523825,0.6063637923775109,West Africa
637,84187393B30425615942647,Karimama,ADM3,Benin,BEN,2633.5160403771324,2,12.85980082395307,6.429900411976535,7.273657790983737,2,0.7594409790318157,0.004883129863948534,West Africa
638,52401652B966947158618,Goudrot,ADM3,Central African Republic,CAF,1327.5806352513741,2,78.83919244426795,39.419596222133976,61.036816105578616,2,1.5064998290076028,0.059385614968193584,Congo Basin
639,84187393B43076067101903,Gouand?,ADM3,Benin,BEN,420.94864974388446,2,20.357387697632632,10.178693848816316,10.179900735324397,2,4.75117333483989,0.048360738797994886,West Africa
640,52401652B881063029833,Ippy,ADM3,Central African Republic,CAF,557.1695803492029,2,10.326828772988017,5.163414386494009,10.172909602574174,1,3.5895714169221358,0.01853444469548344,Congo Basin
641,59680162B27814311157346,Ife North,ADM2,Nigeria,NGA,433.34250061097015,2,10.36858310921986,5.18429155460993,10.171748002507515,1,4.6152869778066945,0.023926993301144433,West Africa
642,59680162B28016750993437,Rabah,ADM2,Nigeria,NGA,2129.8416455754978,2,20.36423263707932,10.18211631853966,10.182227688794308,2,0.9390369486645973,0.009561383438709483,West Africa
643,84187393B38299213075773,Toumbouctou,ADM3,Benin,BEN,596.6562265789354,2,20.360546495747524,10.180273247873762,10.180377927569538,2,3.352013958636544,0.034124418029607036,West Africa
644,59680162B28887917480980,Ogba/Egbema/Ndoni,ADM2,Nigeria,NGA,892.0113643346293,2,20.343874549817457,10.171937274908728,10.172760821390149,2,2.242123901069179,0.022806743684249352,West Africa
645,59680162B29589714384573,Aniocha South,ADM2,Nigeria,NGA,867.3839507615247,2,20.343553732052843,10.171776866026422,10.173626459272889,2,2.305783959046151,0.02345391993268045,West Africa
646,97208781B61225441868759,Tortiya,ADM3,Côte d'Ivoire,CIV,631.1330017996105,2,28.059954587170402,14.029977293585201,17.884777721424687,2,3.168904168055238,0.0444596535233625,West Africa
647,59680162B31759462460359,Saki East,ADM2,Nigeria,NGA,1276.6104385817987,2,40.697154326561275,20.348577163280638,30.5239280041305,2,1.5666486341924504,0.0318790706206133,West Africa
648,97208781B60578758839066,Bettié,ADM3,Côte d'Ivoire,CIV,681.8034897540773,2,7.009209668986898,3.504604834493449,6.769361332903276,1,2.9333965432200837,0.010280395706855478,West Africa
649,52401652B3188800070598,Male,ADM3,Central African Republic,CAF,1088.9335420272214,2,19.91084026864452,9.95542013432226,10.173045937237545,2,1.8366593761789034,0.018284715733503216,Congo Basin
650,59680162B70922239420655,Oriade,ADM2,Nigeria,NGA,433.81945666848014,2,15.136719442244548,7.568359721122274,10.176528316491723,1,4.610212772287844,0.03489174865158677,West Africa
651,73739313B89540588134458,Moussadou,ADM3,Guinea,GIN,678.0735155053723,2,20.348259951185213,10.174129975592606,10.174439098966007,2,2.9495326896957303,0.030008928952223613,West Africa
652,62588387B21181915979204,Karluway #1,ADM2,Liberia,LBR,336.13514917246715,2,20.344876695103757,10.172438347551878,10.172581778678952,2,5.949987690736331,0.0605258829527079,West Africa
653,62588387B25205457381815,Kolahun,ADM2,Liberia,LBR,2239.1713471832236,2,20.346903372102773,10.173451686051386,10.176519652989377,2,0.8931875635671694,0.00908680052453255,West Africa
654,97208781B30808765710658,Bocanda,ADM3,Côte d'Ivoire,CIV,1314.2481533811078,2,76.2322369545285,38.11611847726425,66.06132730072409,2,1.5217826213829473,0.058004446693274175,West Africa
655,37073778B5534454973809,Bumpeh,ADM3,Sierra Leone,SLE,715.7841420900816,2,11.354407648130364,5.677203824065182,10.173836715621679,1,2.794138459340581,0.015862893546335945,West Africa
656,62588387B28377115536759,District #2,ADM2,Liberia,LBR,1876.3997759423098,2,27.97975514278719,13.989877571393595,17.802422477679293,2,1.0658709437308578,0.014911404009700452,West Africa
657,62588387B4230579459991,Gbi & Doru,ADM2,Liberia,LBR,2051.0090761050274,2,27.845211168385223,13.922605584192612,17.67116331941051,2,0.9751297657824625,0.013576347122395345,West Africa
658,62588387B44236806524966,Klay,ADM2,Liberia,LBR,608.3349252312993,2,25.09825780502042,12.54912890251021,17.961218162199035,1,3.2876626296600775,0.04125730212757,West Africa
659,97208781B78766542901998,Adzopé,ADM3,Côte d'Ivoire,CIV,1022.5664326640591,2,27.976858973822566,13.988429486911283,17.802749253661727,2,1.9558631460153304,0.027359453704083915,West Africa
660,37073778B49567861937122,Safroko Limba,ADM3,Sierra Leone,SLE,399.0994754198265,2,12.70670919578224,6.35335459789112,9.559807559532366,0,5.011281956449908,0.03183845125933983,West Africa
661,62588387B53345215693508,Doe,ADM2,Liberia,LBR,1279.9015030178357,2,20.34976664138675,10.174883320693375,10.176726976877795,2,1.562620244826863,0.015899478665666645,West Africa
662,37073778B48254011757129,Panga Kabonde,ADM3,Sierra Leone,SLE,497.5971292772583,2,20.3529094856208,10.1764547428104,10.178448988125126,2,4.019315792486437,0.04090238525930135,West Africa
663,37073778B47267513907176,Tikonko,ADM3,Sierra Leone,SLE,507.5350952032744,2,20.34911696902013,10.174558484510065,10.175062818335698,2,3.9406141937809718,0.04009400957951498,West Africa
664,37073778B36401425016683,Bumpe Ngao,ADM3,Sierra Leone,SLE,942.6555441259401,2,20.349328983255297,10.174664491627649,10.175239810591089,2,2.121665769074178,0.0215872373637009,West Africa
665,62588387B64952289701703,Yarpea Mahn,ADM2,Liberia,LBR,379.07288021195325,2,20.344293918635913,10.172146959317956,10.172979755406114,2,5.27603029497053,0.0536685555222539,West Africa
666,97208781B79194903239642,Diangokro,ADM3,Côte d'Ivoire,CIV,244.82930124180348,2,35.60643222000713,17.803216110003564,25.431948171779055,2,8.168956860374804,0.14543370437854886,West Africa
667,97208781B25597988917018,Kaniasso,ADM3,Côte d'Ivoire,CIV,619.6517051950875,2,27.981490783051715,13.990745391525857,17.807993322539826,2,3.2276196179760883,0.0451568042957974,West Africa
668,62588387B7448810269647,Dowein,ADM2,Liberia,LBR,305.2653181664974,2,20.84377163707489,10.421885818537445,10.669823561047364,2,6.551677773330157,0.06828083767349655,West Africa
669,62588387B78382325144882,Jo River,ADM2,Liberia,LBR,725.0219112476991,2,65.98894317643604,32.99447158821802,48.18839198108445,2,2.758537320007578,0.09101648123002912,West Africa
670,62588387B87591253137556,Seekon,ADM2,Liberia,LBR,932.8425718423646,2,379.05193906481554,189.52596953240777,346.23045006840164,2,2.143984483952098,0.4063407379834604,West Africa
671,73739313B72946398693154,Benty,ADM3,Guinea,GIN,310.1364035349996,2,28.70012787573676,14.35006393786838,27.790393401426652,2,6.448775368526821,0.09254033885931062,West Africa
672,62588387B88590052314441,Gwelekpoken,ADM2,Liberia,LBR,324.23426071343346,2,20.340602757874805,10.170301378937403,10.17041212950199,2,6.168379601832551,0.06273427957032693,West Africa
673,2480657B92052873943163,Jaman South Municipal,ADM2,Ghana,GHA,755.0240723810855,2,15.90595682119119,7.952978410595595,10.172525803375313,1,2.648922164418798,0.021066820784970852,West Africa
674,2480657B90617621807510,Ga West Municipal,ADM2,Ghana,GHA,174.97720787576222,2,20.351451749119136,10.175725874559568,10.177399353094104,2,11.430060087711796,0.11630915818229952,West Africa
675,62588387B94510923567486,Yarmein,ADM2,Liberia,LBR,547.0657779264809,2,20.345333076824442,10.172666538412221,10.175242186107191,2,3.6558675038685675,0.03718992102547239,West Africa
676,97208781B21764011959320,Fadiadougou,ADM3,Côte d'Ivoire,CIV,1071.8444199968028,2,27.97569992511682,13.98784996255841,17.803871766741103,2,1.8659424471379586,0.02610052298933484,West Africa
677,2480657B81635079362570,Gomoa West,ADM2,Ghana,GHA,337.20986979142293,2,20.343575838322586,10.171787919161293,10.173676897535746,2,5.931024501854218,0.06032912337621037,West Africa
678,59680162B7635361694273,Qua'An Pan,ADM2,Nigeria,NGA,2621.7047821264305,2,20.352847508460826,10.176423754230413,10.17838850044736,2,0.7628623991667841,0.007763211040090065,West Africa
679,9386221B19712168109098,Tabati,ADM3,Cameroon,CMR,9600.729919144673,2,27.792884136054205,13.896442068027103,17.6198311410257,2,0.2083174942784121,0.0028948719909965208,Congo Basin
680,84187393B58209762348356,Dj?r?gb?,ADM3,Benin,BEN,30.618374913248033,2,16.586957409806203,8.293478704903102,10.171731498975433,2,65.3202531377534,0.5417321283968378,West Africa
681,59680162B89596725903657,Idah,ADM2,Nigeria,NGA,131.60048175958826,2,20.34386253904907,10.171931269524535,10.173654712411032,2,15.197512754198426,0.15458805520342894,West Africa
682,52401652B305023416532,Yalinga,ADM3,Central African Republic,CAF,41332.3096396832,2,20.34600582767687,10.173002913838435,10.173132666986952,2,0.048388295196545174,0.0004922542680301284,Congo Basin
683,59680162B78900735102434,Owerri West,ADM2,Nigeria,NGA,286.78475466795334,2,50.86483230442657,25.432416152213285,40.69044244632502,2,6.973871405108862,0.17736239976674897,West Africa
684,52401652B27659488729720,Nola,ADM3,Central African Republic,CAF,3878.3084674208626,2,27.745473355149247,13.872736677574624,17.573676528676188,2,0.5156887382220094,0.00715401407294465,Congo Basin
685,52401652B23287208184719,Nana-Bakassa,ADM3,Central African Republic,CAF,1966.3418812615212,2,35.36366455022398,17.68183227511199,25.190302422984846,2,1.01711712447323,0.01798449439907986,Congo Basin
686,97208781B37198405051995,Anyama,ADM3,Côte d'Ivoire,CIV,498.4508075055122,2,20.34524060748496,10.17262030374248,10.174270128139133,2,4.0124320592617,0.04081694783343283,West Africa
687,97208781B7480480215844,Blességué,ADM3,Côte d'Ivoire,CIV,239.04002262354328,2,98.09902857937445,49.049514289687224,83.40432461772983,2,8.366799743613386,0.4103874635833162,West Africa
688,97208781B34110304150550,Arrah,ADM3,Côte d'Ivoire,CIV,704.9063703521606,2,10.244988246063425,5.1224941230317125,10.17422732753934,1,2.837256242982781,0.014533828430214332,West Africa
689,37073778B97494697212904,Kaiyamba,ADM3,Sierra Leone,SLE,475.4369032969109,2,15.462273535360051,7.731136767680026,8.288300240494728,1,4.206657047719743,0.03252224097064641,West Africa
690,59680162B88243538379460,Rano,ADM2,Nigeria,NGA,482.62612533702804,2,20.349560450343823,10.174780225171911,10.174983448858816,2,4.143994481449503,0.04216423310307393,West Africa
691,59680162B89203090045374,Lavun,ADM2,Nigeria,NGA,3683.3629094858256,2,20.346324431558763,10.173162215779382,10.17325681431084,2,0.5429820653428873,0.005523844630992112,West Africa
692,59680162B89404589930000,Kagarko,ADM2,Nigeria,NGA,2355.921527247698,2,20.34487451203431,10.172437256017155,10.172582030400998,2,0.848924710296483,0.008635633350573513,West Africa
693,62588387B36010153941862,Whojah,ADM2,Liberia,LBR,207.7067201084127,2,8.866202685479236,4.433101342739618,8.53739432179049,1,9.628961446004725,0.04268616191547155,West Africa
694,59680162B94327255764727,Ayedade,ADM2,Nigeria,NGA,991.4841086689776,2,20.346911266968924,10.173455633484462,10.173840508954655,2,2.017178069232909,0.020521671592178846,West Africa
695,62588387B17056544161092,Zota,ADM2,Liberia,LBR,848.1491427669129,2,73.62496464042108,36.81248232021054,45.78123072813335,2,2.358075837317255,0.08680662507095711,West Africa
696,37073778B88947028574200,Kakua,ADM3,Sierra Leone,SLE,335.5150534064379,2,10.675566846014735,5.337783423007368,10.177289565076741,1,5.960984402023923,0.03181844372592878,West Africa
697,37073778B80989880499630,Njaluahun,ADM3,Sierra Leone,SLE,326.84858357134834,2,16.74704956496106,8.37352478248053,10.174669826188365,2,6.119041355929316,0.0512379444388974,West Africa
698,59680162B9948554175301,Ilesha East,ADM2,Nigeria,NGA,85.05581378315189,2,4.820705851205654,2.410352925602827,3.8829879133208305,0,23.513971720956786,0.056676970530150333,West Africa
699,59680162B99262810585367,Ohaji/Egbema,ADM2,Nigeria,NGA,940.0629773195234,2,58.59033776941854,29.29516888470927,40.789641582153635,2,2.1275170368933787,0.062325970900887775,West Africa
700,97208781B75364742852651,Ogoudou,ADM3,Côte d'Ivoire,CIV,531.6348841185201,2,15.68290871482338,7.84145435741169,10.173140961513408,2,3.761980373647057,0.02949939739343197,West Africa
701,97208781B32686171337216,Kokomian,ADM3,Côte d'Ivoire,CIV,157.19404018304672,2,189.55865753612036,94.77932876806018,180.39780014941252,0,12.723128673778428,1.205889595530379,West Africa
702,73739313B80665202675400,Linko,ADM3,Guinea,GIN,1535.1182817471245,2,20.347535729722097,10.173767864861048,10.175671645408492,2,1.3028312044618424,0.013254702241292105,West Africa
703,9386221B64770974028815,Mouloundou,ADM3,Cameroon,CMR,9947.294831995097,1,10.171407854477314,10.171407854477314,10.171407854477314,1,0.10052984423298059,0.0010225300472407196,Congo Basin
704,9386221B63558016528388,Nyambaka,ADM3,Cameroon,CMR,5875.036859069053,1,32.86921449450739,32.86921449450739,32.86921449450739,1,0.17021169806898165,0.005594724813303687,Congo Basin
705,9386221B59641412270036,Yoko,ADM3,Cameroon,CMR,15689.084089584387,1,10.17246718340616,10.17246718340616,10.17246718340616,1,0.06373858373694845,0.0006483786513808936,Congo Basin
706,9386221B7073519614207,Ebolowa I,ADM3,Cameroon,CMR,734.6978716603227,1,11.760272566323138,11.760272566323138,11.760272566323138,1,1.3611037115707558,0.016006950639106163,Congo Basin
707,84187393B9593476147639,Kp?d?pko,ADM3,Benin,BEN,85.79055352462412,1,10.175920305458906,10.175920305458906,10.175920305458906,1,11.6562949988774,0.11861352896549564,West Africa
708,9386221B43080782869533,Mfou,ADM3,Cameroon,CMR,499.93248417686857,1,10.171771183083399,10.171771183083399,10.171771183083399,1,2.0002700997645415,0.02034628975916832,Congo Basin
709,84187393B966377882489,Lokossa,ADM3,Benin,BEN,67.70269498467874,1,81.38437059972327,81.38437059972327,81.38437059972327,1,14.770460765650498,1.2020846528803724,West Africa
710,9386221B20641552566497,Ebolowa II,ADM3,Cameroon,CMR,1995.0740024682011,1,6.040126076564117,6.040126076564117,6.040126076564117,0,0.5012345400535781,0.0030275198158522384,Congo Basin
711,9386221B60612307829975,Foumbot,ADM3,Cameroon,CMR,759.4873260431054,1,10.172462409835655,10.172462409835655,10.172462409835655,1,1.3166776662488295,0.013393854065786354,Congo Basin
712,84187393B98072742475013,Monsey,ADM3,Benin,BEN,1705.998342358741,1,14.482001798335316,14.482001798335316,14.482001798335316,1,0.5861670408292331,0.008488872139413845,West Africa
713,11065452B6027875666302,EBEBIYIN,ADM2,Equatorial Guinea,GNQ,946.1855311979168,1,3.111159307916354,3.111159307916354,3.111159307916354,0,1.056875176197158,0.0032881070417315255,Congo Basin
714,9386221B74669662055671,Mbankomo,ADM3,Cameroon,CMR,445.0816988051884,1,10.171828735522789,10.171828735522789,10.171828735522789,1,2.246778518830311,0.022853846300193492,Congo Basin
715,9386221B79899623199002,Nwa,ADM3,Cameroon,CMR,1444.1840976830813,1,2.905448016241736,2.905448016241736,2.905448016241736,1,0.6924324963862363,0.002011826623006703,Congo Basin
716,97208781B61560981812956,Olodio,ADM3,Côte d'Ivoire,CIV,328.80197895108313,1,5.069245360786522,5.069245360786522,5.069245360786522,1,3.0413442254517973,0.015417320105426402,West Africa
717,97208781B62420471656370,Yamoussoukro,ADM3,Côte d'Ivoire,CIV,855.4260300296326,1,17.801677523981066,17.801677523981066,17.801677523981066,1,1.1690081490334814,0.020810306092000033,West Africa
718,97208781B6251674116205,Pacobo,ADM3,Côte d'Ivoire,CIV,356.44960354489746,1,9.401984083975966,9.401984083975966,9.401984083975966,1,2.80544567887012,0.026376755621196016,West Africa
719,97208781B6285694181313,Bougou,ADM3,Côte d'Ivoire,CIV,456.72903192080724,1,10.17538156657506,10.17538156657506,10.17538156657506,1,2.1894820125500387,0.02227881491084933,West Africa
720,97208781B63139432837933,Lataha,ADM3,Côte d'Ivoire,CIV,324.7505479778106,1,10.17240940616136,10.17240940616136,10.17240940616136,1,3.0792865669570095,0.03132376363797981,West Africa
721,97208781B64561630595214,Taabo,ADM3,Côte d'Ivoire,CIV,571.9676979279286,1,0.7723888371627083,0.7723888371627083,0.7723888371627083,0,1.7483504813693274,0.001350406395257716,West Africa
722,97208781B64680323145016,Bédiala,ADM3,Côte d'Ivoire,CIV,1114.3197160264608,1,10.17755461854452,10.17755461854452,10.17755461854452,1,0.8974085135690572,0.009133424161995928,West Africa
723,97208781B65213223533259,Bondoukou,ADM3,Côte d'Ivoire,CIV,725.1032266544019,1,10.170355952946643,10.170355952946643,10.170355952946643,1,1.3791139843825564,0.014026080120857097,West Africa
724,97208781B66266340076843,Minignan,ADM3,Côte d'Ivoire,CIV,1167.829680805412,1,32.960431919234395,32.960431919234395,32.960431919234395,1,0.8562892487116224,0.0282236634853318,West Africa
725,97208781B67942759534749,Adiake,ADM3,Côte d'Ivoire,CIV,431.9762944738828,1,10.17103002052239,10.17103002052239,10.17103002052239,1,2.314941844709166,0.023545342998300405,West Africa
726,97208781B6959194004825,Attobrou,ADM3,Côte d'Ivoire,CIV,429.4262250827221,1,10.17455877280496,10.17455877280496,10.17455877280496,1,2.328688705044425,0.023693380093041578,West Africa
727,97208781B71601594873451,Sinfra,ADM3,Côte d'Ivoire,CIV,786.2990964111825,1,10.17681134281477,10.17681134281477,10.17681134281477,1,1.2717806806140166,0.01294267205604541,West Africa
728,97208781B71756364423359,Molonou,ADM3,Côte d'Ivoire,CIV,677.8456738611605,1,10.176550888869313,10.176550888869313,10.176550888869313,1,1.4752620523544486,0.01501307935020283,West Africa
729,97208781B74615681916174,Goulia,ADM3,Côte d'Ivoire,CIV,1766.0690155331301,1,10.173974397620531,10.173974397620531,10.173974397620531,1,0.5662292873068304,0.005760802272242614,West Africa
730,97208781B77036551275855,Danguira,ADM3,Côte d'Ivoire,CIV,1494.1872407891578,1,10.174995085780397,10.174995085780397,10.174995085780397,1,0.6692601654608215,0.0068097188946724336,West Africa
731,97208781B77308155963342,Sérihio,ADM3,Côte d'Ivoire,CIV,436.0787130187777,1,43.85595905014322,43.85595905014322,43.85595905014322,0,2.2931639865597835,0.10056890588982903,West Africa
732,97208781B78348521469186,Gabiadji,ADM3,Côte d'Ivoire,CIV,1157.9119192201122,1,10.172399097680653,10.172399097680653,10.172399097680653,1,0.8636235480445953,0.008785123400864604,West Africa
733,97208781B79507402496729,Abengourou,ADM3,Côte d'Ivoire,CIV,757.0461969109572,1,25.4804717928983,25.4804717928983,25.4804717928983,1,1.3209233519438957,0.03365775020978711,West Africa
734,97208781B82581088736791,Sirasso,ADM3,Côte d'Ivoire,CIV,613.6235529353468,1,9.781960622430132,9.781960622430132,9.781960622430132,1,1.6296636516254503,0.01594130566800585,West Africa
735,97208781B87334603869884,Grand-Béréby,ADM3,Côte d'Ivoire,CIV,1542.0460946885541,1,10.171944936616715,10.171944936616715,10.171944936616715,1,0.648489045460064,0.006596394862418904,West Africa
736,97208781B88410375487944,Zagné,ADM3,Côte d'Ivoire,CIV,2121.0217789153035,1,0.6546256199028974,0.6546256199028974,0.6546256199028974,0,0.4714708778291767,0.0003086369156650879,West Africa
737,97208781B89076629063657,Tabou,ADM3,Côte d'Ivoire,CIV,429.43005225328193,1,1.4494864014638418,1.4494864014638418,1.4494864014638418,0,2.3286679512829958,0.003375372528909367,West Africa
738,97208781B90176693202183,San-Pédro,ADM3,Côte d'Ivoire,CIV,887.0680115261633,1,25.340344444918475,25.340344444918475,25.340344444918475,1,1.1273092784391379,0.028566405411600264,West Africa
739,97208781B90560776224811,Gouékan,ADM3,Côte d'Ivoire,CIV,232.3649949341731,1,12.227736123485032,12.227736123485032,12.227736123485032,1,4.3035742121281695,0.052622969853738245,West Africa
740,97208781B91897638290034,Tiapoum,ADM3,Côte d'Ivoire,CIV,304.1654372059671,1,17.802655433583663,17.802655433583663,17.802655433583663,1,3.287684521903273,0.05852951471777021,West Africa
741,97208781B93409827095779,Assié-Koumassi,ADM3,Côte d'Ivoire,CIV,237.4858592144215,1,75.55268213624821,75.55268213624821,75.55268213624821,1,4.210777026084398,0.3181354981983711,West Africa
742,97208781B94228979198814,Napiéléodougou,ADM3,Côte d'Ivoire,CIV,324.4764043234741,1,10.173111250182853,10.173111250182853,10.173111250182853,1,3.0818881948749928,0.031352391467088514,West Africa
743,97208781B94880520389430,Togoniéré,ADM3,Côte d'Ivoire,CIV,1251.1430251064203,1,0.8037510766339294,0.8037510766339294,0.8037510766339294,1,0.7992691322520393,0.000642413425567843,West Africa
744,97208781B9590758772947,Yakasse-Féyassé,ADM3,Côte d'Ivoire,CIV,923.076775686092,1,10.17427595439148,10.17427595439148,10.17427595439148,1,1.083333506312878,0.011022134043865725,West Africa
745,84187393B88799100754278,Sah?,ADM3,Benin,BEN,51.12240504962668,1,5.089879841910834,5.089879841910834,5.089879841910834,0,19.560895052360266,0.09956260541674189,West Africa
746,97208781B59587922748093,Lobakuya,ADM3,Côte d'Ivoire,CIV,530.0522736698181,1,10.173083225168954,10.173083225168954,10.173083225168954,1,1.8866063776625233,0.01919260369309538,West Africa
747,97208781B56149702756911,Adaou,ADM3,Côte d'Ivoire,CIV,390.7608130832261,1,10.172831070772023,10.172831070772023,10.172831070772023,1,2.5591102447292107,0.02603339621111231,West Africa
748,97208781B38203482147219,Péhé,ADM3,Côte d'Ivoire,CIV,140.01723103128973,1,17.918369377991876,17.918369377991876,17.918369377991876,1,7.1419781167971355,0.1279726019863059,West Africa
749,9386221B83477091865567,Foumban,ADM3,Cameroon,CMR,560.2219312741679,1,10.172627542954324,10.172627542954324,10.172627542954324,1,1.7850068770524594,0.01815821012186673,Congo Basin
750,97208781B1322111589364,Ahouanou,ADM3,Côte d'Ivoire,CIV,462.5660221724158,1,10.171968469392825,10.171968469392825,10.171968469392825,1,2.1618535561768137,0.021990306208875304,West Africa
751,97208781B19103881325711,Alépé,ADM3,Côte d'Ivoire,CIV,526.8661141215983,1,10.174126229795386,10.174126229795386,10.174126229795386,1,1.8980154031489005,0.01931064829773289,West Africa
752,97208781B203326147101,Djékanou,ADM3,Côte d'Ivoire,CIV,203.92246099073208,1,45.77180133303797,45.77180133303797,45.77180133303797,1,4.903824694649248,0.22445688969553096,West Africa
753,97208781B21607473362482,Ananda,ADM3,Côte d'Ivoire,CIV,541.2038294596375,1,10.175128571731905,10.175128571731905,10.175128571731905,1,1.8477326758726844,0.0188009175431948,West Africa
754,97208781B22284721457010,Tiassalé,ADM3,Côte d'Ivoire,CIV,645.9350056144896,1,4.65986073826185,4.65986073826185,4.65986073826185,0,1.5481433755841767,0.007214132533084874,West Africa
755,97208781B22861051576242,Séguélon,ADM3,Côte d'Ivoire,CIV,1000.6766627218371,1,10.173320248324965,10.173320248324965,10.173320248324965,1,0.9993237948409863,0.010166440996688748,West Africa
756,97208781B23290172923267,Lauzoua,ADM3,Côte d'Ivoire,CIV,570.8395639604181,1,0.42042905057620156,0.42042905057620156,0.42042905057620156,0,1.7518056966166065,0.0007365100058225011,West Africa
757,97208781B25279176896097,Dianra,ADM3,Côte d'Ivoire,CIV,1568.7492604887311,1,10.177521516317162,10.177521516317162,10.177521516317162,1,0.6374504996983763,0.006487666176267352,West Africa
758,97208781B25597152544157,Buyo,ADM3,Côte d'Ivoire,CIV,1287.7070576624717,1,10.174192059888314,10.174192059888314,10.174192059888314,1,0.7765741393195934,0.00790101444218001,West Africa
759,97208781B28905823015626,Aniassué,ADM3,Côte d'Ivoire,CIV,653.948627101642,1,10.171348031288076,10.171348031288076,10.171348031288076,1,1.5291721070385729,0.015553741700427429,West Africa
760,97208781B31383292827998,Mamini,ADM3,Côte d'Ivoire,CIV,771.2258224481358,1,10.175922182769622,10.175922182769622,10.175922182769622,1,1.296637082023079,0.013194478045960321,West Africa
761,97208781B34302401196100,Niofoin,ADM3,Côte d'Ivoire,CIV,827.9830558940877,1,17.71682514880112,17.71682514880112,17.71682514880112,1,1.2077541839550834,0.021397569699865195,West Africa
762,97208781B38638087447723,Tengrela,ADM3,Côte d'Ivoire,CIV,1145.1166783948113,1,10.178907389119436,10.178907389119436,10.178907389119436,1,0.8732734566417885,0.008888969640532972,West Africa
763,97208781B54597700028403,Sorobango,ADM3,Côte d'Ivoire,CIV,972.8837718354378,1,10.171122629939052,10.171122629939052,10.171122629939052,1,1.0278720120013976,0.0104546122819484,West Africa
764,97208781B40427177679824,Pakouabo,ADM3,Côte d'Ivoire,CIV,186.3128450107891,1,10.174167667291629,10.174167667291629,10.174167667291629,1,5.367316461417845,0.054607977601879555,West Africa
765,97208781B41403758936369,Abigui,ADM3,Côte d'Ivoire,CIV,517.6898521849382,1,10.177760625849862,10.177760625849862,10.177760625849862,1,1.9316584935544816,0.01965995775828726,West Africa
766,97208781B41857222319985,Aboisso-Comoé,ADM3,Côte d'Ivoire,CIV,230.94251194578592,1,0.47836475533062095,0.47836475533062095,0.47836475533062095,0,4.330081939330214,0.0020713585874692388,West Africa
767,97208781B4464418924677,Bonikro,ADM3,Côte d'Ivoire,CIV,181.18508647534625,1,10.171865416181749,10.171865416181749,10.171865416181749,1,5.519218051845947,0.0561407432259378,West Africa
768,97208781B44830369126951,Tagadi,ADM3,Côte d'Ivoire,CIV,1426.7302324337988,1,10.176691518692614,10.176691518692614,10.176691518692614,1,0.7009033503790988,0.007132877181226212,West Africa
769,97208781B45405159990692,Kanoroba,ADM3,Côte d'Ivoire,CIV,923.7283428402675,1,0.3914566975281532,0.3914566975281532,0.3914566975281532,0,1.082569359001385,0.0004237790261198519,West Africa
770,97208781B47018033416586,Gagnoa,ADM3,Côte d'Ivoire,CIV,889.9583724044356,1,10.172955843764173,10.172955843764173,10.172955843764173,1,1.1236480615360251,0.011430822113937191,West Africa
771,97208781B48786101651194,Agou,ADM3,Côte d'Ivoire,CIV,345.3987286511233,1,10.176400472040765,10.176400472040765,10.176400472040765,1,2.8952046346704114,0.029462761810914583,West Africa
772,97208781B49542155600351,Nafana,ADM3,Côte d'Ivoire,CIV,789.2197428199835,1,10.177758445030642,10.177758445030642,10.177758445030642,1,1.2670742326172324,0.012895975471500756,West Africa
773,97208781B51676309593302,Toumodi,ADM3,Côte d'Ivoire,CIV,863.8652442522535,1,17.79827712082379,17.79827712082379,17.79827712082379,1,1.1575879532757245,0.020603071184128567,West Africa
774,97208781B52558839854045,Laoudi-Ba,ADM3,Côte d'Ivoire,CIV,1426.1735636105254,1,10.174953754511176,10.174953754511176,10.174953754511176,1,0.7011769293131356,0.007134442829491306,West Africa
775,97208781B53457013095353,Timbé,ADM3,Côte d'Ivoire,CIV,534.734668180719,1,10.691915824134536,10.691915824134536,10.691915824134536,0,1.8700863428253351,0.019994805761352083,West Africa
776,97208781B54206211363924,Akoboissué,ADM3,Côte d'Ivoire,CIV,253.46421155139342,1,17.803370702176146,17.803370702176146,17.803370702176146,1,3.945330166650513,0.07024017549935749,West Africa
777,84187393B93279523545143,Pab?gou,ADM3,Benin,BEN,212.67995998865263,1,10.131832735575975,10.131832735575975,10.131832735575975,1,4.701900451990654,0.047638868918898375,West Africa
778,59680162B97563361057366,Doguwa,ADM2,Nigeria,NGA,1399.2535837805717,1,10.178302383419567,10.178302383419567,10.178302383419567,1,0.7146667420341002,0.007274094203796379,West Africa
779,84187393B88448247990850,Cobly,ADM3,Benin,BEN,299.51338339484056,1,16.94652400454897,16.94652400454897,16.94652400454897,1,3.3387489689625203,0.056580189547686476,West Africa
780,56601680B48471181858151,Ogou,ADM2,Togo,TGO,2215.807513740581,1,10.171987346608201,10.171987346608201,10.171987346608201,1,0.45130273897838064,0.004590645750377712,West Africa
781,59680162B20432910054227,Goronyo,ADM2,Nigeria,NGA,2012.5069693054238,1,10.177908494878558,10.177908494878558,10.177908494878558,1,0.49689268919408003,0.005057328322391479,West Africa
782,59680162B19523503473687,Auyo,ADM2,Nigeria,NGA,386.3029682209813,1,10.179245904594698,10.179245904594698,10.179245904594698,1,2.5886417715226004,0.026350421151234194,West Africa
783,59680162B19467626863877,Ikenne,ADM2,Nigeria,NGA,179.14943460338364,1,10.171577865563322,10.171577865563322,10.171577865563322,1,5.581932213260319,0.056777058147473546,West Africa
784,59680162B17555212909244,Ido-Osi,ADM2,Nigeria,NGA,228.19474657195096,1,10.171592532867056,10.171592532867056,10.171592532867056,1,4.382221830355306,0.044574174847009033,West Africa
785,59680162B16294292751838,Khana,ADM2,Nigeria,NGA,523.4236477423825,1,10.170418964696172,10.170418964696172,10.170418964696172,1,1.9104983206493906,0.01943056835235275,West Africa
786,59680162B15998169506024,Uhunmwonde,ADM2,Nigeria,NGA,2081.785005990069,1,10.174301749796085,10.174301749796085,10.174301749796085,1,0.48035699994121794,0.004887297065028732,West Africa
787,59680162B15406999540209,Ibeno,ADM2,Nigeria,NGA,266.9272073177711,1,10.171333089560834,10.171333089560834,10.171333089560834,1,3.7463397232846387,0.038105269192181226,West Africa
788,59680162B14530293305891,Ihitte/Uboma,ADM2,Nigeria,NGA,97.29375103214089,1,0.6578153163273617,0.6578153163273617,0.6578153163273617,0,10.278152393051954,0.006761126067696301,West Africa
789,59680162B14302921886514,Umuahia North,ADM2,Nigeria,NGA,256.8361407840965,1,9.517647728153328,9.517647728153328,9.517647728153328,1,3.8935330399650705,0.037057275892313474,West Africa
790,59680162B10083289652159,Kafur,ADM2,Nigeria,NGA,980.1474307040537,1,10.18091308489055,10.18091308489055,10.18091308489055,1,1.0202546766680662,0.01038712418761069,West Africa
791,56601680B98633254865748,Agou,ADM2,Togo,TGO,1007.3870909135651,1,10.175123424005584,10.175123424005584,10.175123424005584,1,0.9926670780475597,0.010100510038080903,West Africa
792,56601680B47682688566924,Plaine de Mô,ADM2,Togo,TGO,1255.1322801886145,1,17.795833576985867,17.795833576985867,17.795833576985867,1,0.7967287717671682,0.014178452628364882,West Africa
793,84187393B87730211190051,Pahou,ADM3,Benin,BEN,74.9571195450858,1,10.1696618098525,10.1696618098525,10.1696618098525,1,13.340960886290622,0.1356730604320457,West Africa
794,52401652B99101860409048,Pouyamba,ADM3,Central African Republic,CAF,2407.9949926033105,1,10.172732960653198,10.172732960653198,10.172732960653198,1,0.4152832556013286,0.004224565662263003,Congo Basin
795,52401652B97356194185935,Herman-Brousse,ADM3,Central African Republic,CAF,1571.1611804188979,1,10.172716562563906,10.172716562563906,10.172716562563906,1,0.6364719371015667,0.0064746486161602395,Congo Basin
796,52401652B67561847729047,Ndenga,ADM3,Central African Republic,CAF,3632.291601256117,1,17.802769423883202,17.802769423883202,17.802769423883202,1,0.2753082928843545,0.004901250058703068,Congo Basin
797,52401652B6655347271106,Bea-Nana,ADM3,Central African Republic,CAF,823.1967285051198,1,4.080125918626155,4.080125918626155,4.080125918626155,0,1.2147764506012375,0.004956440881434794,Congo Basin
798,52401652B56516144492524,Bozoum,ADM3,Central African Republic,CAF,30.896669935737883,1,17.802498329391366,17.802498329391366,17.802498329391366,1,32.36594759499662,0.5761947279890959,Congo Basin
799,52401652B53549192163858,Pladama-Ouaka,ADM3,Central African Republic,CAF,2294.137439871306,1,10.172597978296775,10.172597978296775,10.172597978296775,1,0.4358936751653802,0.0044341711187396975,Congo Basin
800,52401652B53231714876332,Kotto,ADM3,Central African Republic,CAF,1904.0285006038787,1,20.34483386590674,20.34483386590674,20.34483386590674,1,0.5252022223841931,0.010685151960411414,Congo Basin
801,52401652B36237337433081,Ngandou,ADM3,Central African Republic,CAF,1227.6054803403283,1,17.801025839279127,17.801025839279127,17.801025839279127,1,0.8145939522221509,0.014500607992027015,Congo Basin
802,52401652B22992299899494,Mbali,ADM3,Central African Republic,CAF,2025.326679715356,1,10.172248464562935,10.172248464562935,10.172248464562935,1,0.4937475075085379,0.005022522325135502,Congo Basin
803,52401652B17000082011429,Bingue,ADM3,Central African Republic,CAF,850.6605114734231,1,10.172585902769164,10.172585902769164,10.172585902769164,1,1.1755570953539467,0.011958455536097826,Congo Basin
804,52401652B13150974576850,Djema,ADM3,Central African Republic,CAF,36234.27775489231,1,10.172838628981776,10.172838628981776,10.172838628981776,1,0.027598176697891573,0.00028075179800177613,Congo Basin
805,59680162B21216344152794,Yewa North,ADM2,Nigeria,NGA,1803.773574116539,1,0.6061131999669737,0.6061131999669737,0.6061131999669737,0,0.554393308755388,0.0003360251024100066,West Africa
806,59680162B21692666530817,Safana,ADM2,Nigeria,NGA,1334.702126327282,1,10.179518847889705,10.179518847889705,10.179518847889705,1,0.749230843552871,0.007626809493366753,West Africa
807,59680162B22561739962750,Ibesikpo Asutan,ADM2,Nigeria,NGA,175.47985990592431,1,10.172455678642335,10.172455678642335,10.172455678642335,1,5.698659666904825,0.057969362889256026,West Africa
808,59680162B22876202690460,Ekeremor,ADM2,Nigeria,NGA,1835.4219956177571,1,10.17145630400567,10.17145630400567,10.17145630400567,1,0.5448338324306858,0.005541753519512668,West Africa
809,59680162B46455483877403,Bunkure,ADM2,Nigeria,NGA,491.5269682798172,1,10.177907599492196,10.177907599492196,10.177907599492196,1,2.0344763655586817,0.02070671246200697,West Africa
810,59680162B44584437839531,Etim Ekpo,ADM2,Nigeria,NGA,198.76067180321942,1,10.171632704325198,10.171632704325198,10.171632704325198,1,5.031176393839309,0.05117527834880483,West Africa
811,59680162B44242102017414,Ihiala,ADM2,Nigeria,NGA,296.55925860187875,1,10.171433557759194,10.171433557759194,10.171433557759194,1,3.3720073509573605,0.03429814872653838,West Africa
812,59680162B44141715713069,Akwanga,ADM2,Nigeria,NGA,1067.4766268354008,1,10.179095603799963,10.179095603799963,10.179095603799963,1,0.9367886610918692,0.009535661341809899,West Africa
813,59680162B44112457363104,Bungudu,ADM2,Nigeria,NGA,2077.552848188542,1,17.807212438348845,17.807212438348845,17.807212438348845,1,0.4813355293810788,0.008571244025813973,West Africa
814,59680162B40051654285197,Yorro,ADM2,Nigeria,NGA,1177.1149863632145,1,10.17749059789784,10.17749059789784,10.17749059789784,1,0.8495346772277323,0.008646131190073424,West Africa
815,59680162B37931278966472,Boki,ADM2,Nigeria,NGA,2833.625458122458,1,10.175351824833534,10.175351824833534,10.175351824833534,1,0.352904790974949,0.0035909304088394436,West Africa
816,59680162B37513478805829,Gummi,ADM2,Nigeria,NGA,2943.159950041102,1,10.177226934022672,10.177226934022672,10.177226934022672,1,0.33977086430047226,0.0034579251915549288,West Africa
817,59680162B36423706884187,Odukpani,ADM2,Nigeria,NGA,1306.5081031951838,1,10.169320838851245,10.169320838851245,10.169320838851245,1,0.7653990033084445,0.007783588034380537,West Africa
818,59680162B36304665045822,Emuoha,ADM2,Nigeria,NGA,778.3858719299874,1,8.10550235371822,8.10550235371822,8.10550235371822,0,1.2847098541505206,0.010413218746662038,West Africa
819,59680162B33186191897384,Edu,ADM2,Nigeria,NGA,2423.6539637535257,1,10.177403050819397,10.177403050819397,10.177403050819397,1,0.41260015454157273,0.004199198071599956,West Africa
820,59680162B32856652540007,Chibok,ADM2,Nigeria,NGA,1264.6426200750886,1,10.175367548038952,10.175367548038952,10.175367548038952,1,0.790737228151163,0.008046041930355618,West Africa
821,59680162B32427656470349,Esan South-East,ADM2,Nigeria,NGA,1297.5151457080326,1,10.170352741923558,10.170352741923558,10.170352741923558,1,0.77070391302008,0.007838330654994986,West Africa
822,59680162B3222658090770,Abakaliki,ADM2,Nigeria,NGA,439.61893315554295,1,10.170817654421326,10.170817654421326,10.170817654421326,1,2.274697299368103,0.02313553145087761,West Africa
823,59680162B30816727026324,Ogoja,ADM2,Nigeria,NGA,917.1626413796956,1,10.17503696507172,10.17503696507172,10.17503696507172,1,1.090319159201351,0.011094037748599664,West Africa
824,59680162B29680565367836,Ikpoba-Okha,ADM2,Nigeria,NGA,807.6432378929026,1,10.17449347664908,10.17449347664908,10.17449347664908,1,1.2381704607704582,0.012597757276088613,West Africa
825,59680162B2967434957315,Giwa,ADM2,Nigeria,NGA,2302.403851148347,1,10.181117840959127,10.181117840959127,10.181117840959127,1,0.43432866892627897,0.004421951360045369,West Africa
826,59680162B28606864431003,Ndokwa West,ADM2,Nigeria,NGA,808.6010332775522,1,10.173977588167475,10.173977588167475,10.173977588167475,1,1.236703836435428,0.01258219711509478,West Africa
827,59680162B28239494939120,Zuru,ADM2,Nigeria,NGA,1177.2787086539233,1,7.812111139571376,7.812111139571376,7.812111139571376,1,0.8494165337818601,0.006635736365693376,West Africa
828,59680162B27422550871896,Damboa,ADM2,Nigeria,NGA,4799.458048227626,1,10.176888360644387,10.176888360644387,10.176888360644387,1,0.2083568582017893,0.0021204244850942227,West Africa
829,59680162B25890229119009,Bagudu,ADM2,Nigeria,NGA,5577.025997240993,1,10.17992621832335,10.17992621832335,10.17992621832335,1,0.1793070357740325,0.0018253323946059163,West Africa
830,59680162B25032665557199,Essien Udim,ADM2,Nigeria,NGA,298.1041554200936,1,10.16981265384309,10.16981265384309,10.16981265384309,1,3.3545322392127757,0.034114964414070685,West Africa
831,59680162B23949108035203,Ajaokuta,ADM2,Nigeria,NGA,1621.4935474714455,1,10.17111459870388,10.17111459870388,10.17111459870388,1,0.6167153742667669,0.006272682746449839,West Africa
832,52401652B12446041030820,Danayere,ADM3,Central African Republic,CAF,768.4603840577852,1,17.573633568007786,17.573633568007786,17.573633568007786,1,1.3013032561543263,0.0228686265845115,Congo Basin
833,37073778B98844586769208,Soa,ADM3,Sierra Leone,SLE,527.2811238214001,1,6.220541285609213,6.220541285609213,6.220541285609213,0,1.896521523002061,0.011797390432880781,West Africa
834,37073778B79926317359620,Sogbeni,ADM3,Sierra Leone,SLE,136.0281084075527,1,10.171537450412105,10.171537450412105,10.171537450412105,1,7.351421788531442,0.0747752620358231,West Africa
835,2480657B52594370214383,Wa East,ADM2,Ghana,GHA,4297.771465794261,1,10.176116609097743,10.176116609097743,10.176116609097743,1,0.2326787284896249,0.002367765873567016,West Africa
836,2480657B4921606442052,Krachi East Municipal,ADM2,Ghana,GHA,2759.5067436346326,1,10.174924959010479,10.174924959010479,10.174924959010479,1,0.36238360435491046,0.003687225980686957,West Africa
837,2480657B42231307300111,Fanteakwa North,ADM2,Ghana,GHA,836.9922169014363,1,19.225008909924064,19.225008909924064,19.225008909924064,0,1.1947542400119586,0.022969160909399457,West Africa
838,2480657B41485746076017,Ga South Municipal,ADM2,Ghana,GHA,178.24750233319435,1,10.174574468656218,10.174574468656218,10.174574468656218,1,5.610176787390382,0.057081161505629946,West Africa
839,2480657B39800519073464,Kpando Municipal,ADM2,Ghana,GHA,314.06978074928156,1,10.176861145322949,10.176861145322949,10.176861145322949,1,3.184005788822736,0.03240318479875345,West Africa
840,2480657B39710750100206,Ada West,ADM2,Ghana,GHA,323.66692774141615,1,17.801707138288467,17.801707138288467,17.801707138288467,1,3.0895958600964,0.05500008067710458,West Africa
841,2480657B35206472883168,Wa West,ADM2,Ghana,GHA,1491.529538538705,1,10.174104143119754,10.174104143119754,10.174104143119754,1,0.6704526958143445,0.00682125555025053,West Africa
842,2480657B2570339807900,Suhum Municipal,ADM2,Ghana,GHA,359.13176865068687,1,10.168162435590071,10.168162435590071,10.168162435590071,1,2.7844932899062464,0.028313180072577306,West Africa
843,2480657B22323593180175,Ekumfi,ADM2,Ghana,GHA,276.7869798492903,1,30.50962205311344,30.50962205311344,30.50962205311344,1,3.612886706392393,0.11022780793274974,West Africa
844,2480657B21050367867823,Sene East,ADM2,Ghana,GHA,4393.646487608257,1,10.171341605449216,10.171341605449216,10.171341605449216,1,0.2276013791324308,0.002315011377027315,West Africa
845,2480657B20833842549797,Keta Municipal,ADM2,Ghana,GHA,516.4799289675312,1,17.801871737954567,17.801871737954567,17.801871737954567,1,1.9361836615781938,0.034467693204538234,West Africa
846,2480657B19246099956301,Awutu Senya,ADM2,Ghana,GHA,244.52105666545032,1,10.172333103866157,10.172333103866157,10.172333103866157,1,4.089627345951574,0.04160105163369948,West Africa
847,2480657B11503231198633,Dormaa West,ADM2,Ghana,GHA,380.70986229453325,1,10.173470903878071,10.173470903878071,10.173470903878071,1,2.6266721696491215,0.026722372891951625,West Africa
848,2480657B1027184338147,Tamale Metropolitan,ADM2,Ghana,GHA,647.2487400329508,1,10.172948340745835,10.172948340745835,10.172948340745835,1,1.5450010763235955,0.015717216135836654,West Africa
849,22940354B97125723234680,Lopè,ADM2,Gabon,GAB,10839.91963110565,1,10.171253819992295,10.171253819992295,10.171253819992295,1,0.09225160647228914,0.0009383145047316967,Congo Basin
850,22940354B74910664495270,Boumi-Louetsi,ADM2,Gabon,GAB,3903.9575425478506,1,10.171425479799685,10.171425479799685,10.171425479799685,1,0.2561503267136884,0.002605413959794624,Congo Basin
851,22940354B6249741247917,Plateaux,ADM2,Gabon,GAB,5608.819774352735,1,10.171421304460745,10.171421304460745,10.171421304460745,1,0.17829062801637288,0.001813469092191421,Congo Basin
852,22940354B44244492121045,Lèkoko,ADM2,Gabon,GAB,3620.78381724823,1,10.171413415732935,10.171413415732935,10.171413415732935,1,0.27618329358309845,0.002809174457552436,Congo Basin
853,22940354B26580795617541,Offouè-Onoyè,ADM2,Gabon,GAB,3605.133480125043,1,17.799886086788852,17.799886086788852,17.799886086788852,1,0.2773822399400633,0.0049373722734314595,Congo Basin
854,22940354B21970441224980,Lèbombi-Leyou,ADM2,Gabon,GAB,2609.58650393552,1,10.171363052426551,10.171363052426551,10.171363052426551,1,0.38320247230429,0.0038976914683943645,Congo Basin
855,22940354B15845982668686,Mvoung,ADM2,Gabon,GAB,4331.186144261193,1,10.171261479021673,10.171261479021673,10.171261479021673,1,0.23088363480405863,0.0023483778208190295,Congo Basin
856,1427508B97285860455499,Mbomo,ADM2,Republic of the Congo,COG,10658.200006954135,1,10.171305270926684,10.171305270926684,10.171305270926684,1,0.09382447311436563,0.0009543173579300662,Congo Basin
857,1427508B65710782923529,Ngabe,ADM2,Republic of the Congo,COG,30827.24036473072,1,10.171468549551522,10.171468549551522,10.171468549551522,1,0.03243884266540104,0.0003299506679549767,Congo Basin
858,1427508B2711916711363,Owando,ADM2,Republic of the Congo,COG,7020.603125646329,1,10.171299154910958,10.171299154910958,10.171299154910958,1,0.14243790484993957,0.0014487785412274775,Congo Basin
859,2480657B49975124320145,Lawra,ADM2,Ghana,GHA,527.1050413699414,1,17.810544884409897,17.810544884409897,17.810544884409897,1,1.8971550668553816,0.033789365470913435,West Africa
860,2480657B54302337253194,Lower Manya,ADM2,Ghana,GHA,304.386156153979,1,10.173144010145002,10.173144010145002,10.173144010145002,1,3.28530052954883,0.03342183540370588,West Africa
861,37073778B77092476191392,Kori,ADM3,Sierra Leone,SLE,663.2752675787317,1,10.1769802816349,10.1769802816349,10.1769802816349,1,1.507669664286553,0.01534352444466336,West Africa
862,2480657B57636315193797,Ada East,ADM2,Ghana,GHA,289.70737373260897,1,10.172956435467713,10.172956435467713,10.172956435467713,1,3.451758880403815,0.035114592716086815,West Africa
863,37073778B76742293350339,Tambakha,ADM3,Sierra Leone,SLE,2458.9036416991767,1,10.176951355266812,10.176951355266812,10.176951355266812,1,0.40668531415447,0.004138816659051443,West Africa
864,37073778B72271722227669,Jaiama Bongor,ADM3,Sierra Leone,SLE,440.2647351305617,1,9.208641550056129,9.208641550056129,9.208641550056129,1,2.271360661451677,0.020916146162206887,West Africa
865,37073778B69045276040947,Niawa,ADM3,Sierra Leone,SLE,247.93490282231647,1,10.175275275081836,10.175275275081836,10.175275275081836,1,4.0333167642663605,0.04104010834801257,West Africa
866,37073778B63538459527404,Kagboro,ADM3,Sierra Leone,SLE,692.1624807275211,1,8.994485318178306,8.994485318178306,8.994485318178306,1,1.4447474803154827,0.012994760000172712,West Africa
867,37073778B63139317388796,Mandu,ADM3,Sierra Leone,SLE,204.86522326016123,1,0.027096717421650526,0.027096717421650526,0.027096717421650526,0,4.8812579513804835,0.0001322660673707417,West Africa
868,37073778B62289425613936,Fiama,ADM3,Sierra Leone,SLE,284.6383457074608,1,17.96037652083048,17.96037652083048,17.96037652083048,1,3.513230086812539,0.06309893516346314,West Africa
869,37073778B50354421738273,Makpele,ADM3,Sierra Leone,SLE,402.4269506155287,1,1.3064069404407048,1.3064069404407048,1.3064069404407048,0,2.484923036268964,0.003246320701042764,West Africa
870,37073778B25348356085210,Kpanda Kemo,ADM3,Sierra Leone,SLE,165.02039833166214,1,10.173179769281044,10.173179769281044,10.173179769281044,1,6.059856903206445,0.06164801365243787,West Africa
871,37073778B24612672597484,Mono Sakrim,ADM3,Sierra Leone,SLE,262.60789755648085,1,10.17538092587787,10.17538092587787,10.17538092587787,1,3.807958592657798,0.03874742923026289,West Africa
872,37073778B23647146766028,Mongo,ADM3,Sierra Leone,SLE,1696.8993443674854,1,10.172499816726425,10.172499816726425,10.172499816726425,1,0.5893101457781206,0.005994757349922954,West Africa
873,37073778B12007749602235,Paki Masabong,ADM3,Sierra Leone,SLE,264.3244845564658,1,4.880413456827169,4.880413456827169,4.880413456827169,0,3.783228790469378,0.018463720699262727,West Africa
874,2480657B98999442599484,Upper West Akim,ADM2,Ghana,GHA,342.60834651941184,1,27.964721611939446,27.964721611939446,27.964721611939446,1,2.9187847002534744,0.08162300158777654,West Africa
875,2480657B9523556036154,Lambussie-karni,ADM2,Ghana,GHA,811.6833607779149,1,10.173685037899228,10.173685037899228,10.173685037899228,1,1.232007514656458,0.01253405641843982,West Africa
876,2480657B93484130612637,Kpandai,ADM2,Ghana,GHA,1133.1344405773493,1,10.17345648014921,10.17345648014921,10.17345648014921,1,0.8825078156573237,0.008978154855981324,West Africa
877,2480657B87039075961323,Kwahu Afram Plains South,ADM2,Ghana,GHA,3095.64544957222,1,10.172122926272197,10.172122926272197,10.172122926272197,1,0.32303440955687857,0.003285945723428327,West Africa
878,2480657B78562505377679,Akatsi North,ADM2,Ghana,GHA,313.949216203904,1,10.173697202604442,10.173697202604442,10.173697202604442,1,3.1852285286500583,0.03240555057158296,West Africa
879,2480657B78422611914106,Krachi West,ADM2,Ghana,GHA,928.5414314838903,1,10.174476215184265,10.174476215184265,10.174476215184265,1,1.0769578675686153,0.010957482208332443,West Africa
880,2480657B76285553918092,Karaga,ADM2,Ghana,GHA,3120.4841818772297,1,10.177393210686747,10.177393210686747,10.177393210686747,1,0.32046308896794895,0.0032614788659381063,West Africa
881,2480657B72410528378772,Zabzugu,ADM2,Ghana,GHA,1100.1892047068523,1,10.170147539600805,10.170147539600805,10.170147539600805,1,0.9089345684558431,0.009243998665039312,West Africa
882,2480657B68256913631937,Kasena Nankana East,ADM2,Ghana,GHA,767.3427927638651,1,10.17778032449834,10.17778032449834,10.17778032449834,1,1.3031985306047316,0.013263668363703985,West Africa
883,2480657B67017614982997,Bawku Municipal,ADM2,Ghana,GHA,247.2581456305332,1,10.1749733624729,10.1749733624729,10.1749733624729,1,4.044356142241135,0.04115121601565721,West Africa
884,2480657B6503151283934,Nkwanta North,ADM2,Ghana,GHA,1098.9496517678508,1,10.172539218811643,10.172539218811643,10.172539218811643,1,0.9099597951474181,0.00925660170367892,West Africa
885,2480657B57712569843933,Nanumba North,ADM2,Ghana,GHA,2261.2317728228227,1,7.484412391088331,7.484412391088331,7.484412391088331,1,0.44223684277690994,0.003309882905875287,West Africa
886,59680162B46910461063287,Ukwa West,ADM2,Nigeria,NGA,244.887439328828,1,2.612459779515339,2.612459779515339,2.612459779515339,0,4.083508744836962,0.010668002355185726,West Africa
887,59680162B48603200461333,Okehi,ADM2,Nigeria,NGA,765.1497848533147,1,9.030415694568816,9.030415694568816,9.030415694568816,1,1.3069336485426941,0.011802154131560029,West Africa
888,59680162B48786148420785,Tafawa-Balewa,ADM2,Nigeria,NGA,2450.844416693276,1,10.176786027982665,10.176786027982665,10.176786027982665,1,0.4080226362753856,0.004152359063947997,West Africa
889,73739313B48971378832782,Koumban,ADM3,Guinea,GIN,834.9217862519116,1,10.173368710040771,10.173368710040771,10.173368710040771,1,1.1977169795618212,0.012184816443358773,West Africa
890,73739313B47513928918943,Diaraguerela,ADM3,Guinea,GIN,1104.4258928851448,1,10.177150938893636,10.177150938893636,10.177150938893636,1,0.9054478045490694,0.009214878974185743,West Africa
891,73739313B46150180096655,Seredou,ADM3,Guinea,GIN,688.2146682958328,1,17.80496163013607,17.80496163013607,17.80496163013607,1,1.4530349992048477,0.02587123240808711,West Africa
892,73739313B43543535928748,Kondiadou,ADM3,Guinea,GIN,481.4677990226006,1,15.154216486287163,15.154216486287163,15.154216486287163,1,2.076982099384509,0.031475036372216054,West Africa
893,73739313B41512137807356,Balato,ADM3,Guinea,GIN,244.07932012387494,1,10.246309021079426,10.246309021079426,10.246309021079426,1,4.097028783481045,0.0419794229838039,West Africa
894,73739313B37703291342812,Macenta Ctre,ADM3,Guinea,GIN,109.32636662150965,1,25.574437996397062,25.574437996397062,25.574437996397062,1,9.146924304747294,0.23392744848949704,West Africa
895,73739313B29438496669598,Nzerekore Ctre,ADM3,Guinea,GIN,91.07519112684614,1,10.175138477919633,10.175138477919633,10.175138477919633,1,10.979938528015134,0.11172239500159904,West Africa
896,73739313B25772816400212,Faranah Ctre,ADM3,Guinea,GIN,397.9648849507929,1,10.175311714236488,10.175311714236488,10.175311714236488,1,2.5127845139493825,0.025568365700141187,West Africa
897,73739313B24663978777016,Moribayah,ADM3,Guinea,GIN,1725.1576730723455,1,3.3277342409351602,3.3277342409351602,3.3277342409351602,0,0.5796571615503949,0.0019289449844945331,West Africa
898,73739313B24374530867663,Tokounou,ADM3,Guinea,GIN,1122.4284798006058,1,17.667885809373374,17.667885809373374,17.667885809373374,1,0.8909253622802277,0.01574076756544167,West Africa
899,73739313B17715005419878,Tekoulo,ADM3,Guinea,GIN,420.9342324557289,1,10.175757533274842,10.175757533274842,10.175757533274842,1,2.375668032903866,0.024174221882381736,West Africa
900,63176286B97272919542005,Kazumba,ADM2,DR Congo,COD,12304.930805427679,1,17.80261547255707,17.80261547255707,17.80261547255707,1,0.081268234321066,0.0014467871257516029,Congo Basin
901,63176286B81146580347594,Luiza,ADM2,DR Congo,COD,15837.977469506897,1,10.173835124570171,10.173835124570171,10.173835124570171,1,0.0631393750827917,0.0006423695919607168,Congo Basin
902,63176286B77989779607321,Ubundu,ADM2,DR Congo,COD,41526.91744806953,1,10.17127004217414,10.17127004217414,10.17127004217414,1,0.024080766439033802,0.00024493197827393695,Congo Basin
903,63176286B77771623677962,Aketi,ADM2,DR Congo,COD,27305.61657472739,1,10.171598432049807,10.171598432049807,10.171598432049807,1,0.036622502087191325,0.00037250938480781607,Congo Basin
904,63176286B72804638257173,Yakoma,ADM2,DR Congo,COD,16249.001220323977,1,58.81484914783434,58.81484914783434,58.81484914783434,1,0.06154224413185574,0.0036195978048342886,Congo Basin
905,63176286B65216379244562,Bunia,ADM2,DR Congo,COD,77.24864363579358,1,1.4901021950294466,1.4901021950294466,1.4901021950294466,0,12.945211112245918,0.019289687493477228,Congo Basin
906,63176286B62559292775761,Masisi,ADM2,DR Congo,COD,4316.099145492383,1,275.03581068124026,275.03581068124026,275.03581068124026,1,0.23169069251904764,0.06372323744427424,Congo Basin
907,63176286B49230128630829,Lubefu,ADM2,DR Congo,COD,13600.543568631585,1,17.80097956163189,17.80097956163189,17.80097956163189,1,0.07352647303791658,0.0013088432437868315,Congo Basin
908,63176286B33518015273847,Dilolo,ADM2,DR Congo,COD,24782.975599406585,1,10.175402980718887,10.175402980718887,10.175402980718887,1,0.04035027981159552,0.0004105803574677503,Congo Basin
909,63176286B30844666641598,Lusambo,ADM2,DR Congo,COD,11604.97879403936,1,9.924149647655183,9.924149647655183,9.924149647655183,1,0.08616991187555016,0.0008551631005782192,Congo Basin
910,63176286B20601319898864,Kalima,ADM2,DR Congo,COD,157.51303004790958,1,10.171530535548811,10.171530535548811,10.171530535548811,1,6.348681119878384,0.06457580387130521,Congo Basin
911,62588387B99879349198662,Chedepo,ADM2,Liberia,LBR,872.80432187992,1,157.97265632129904,157.97265632129904,157.97265632129904,0,1.1457321818092228,0.18099435619320048,West Africa
912,62588387B99870761463073,Meinpea-Mahn,ADM2,Liberia,LBR,695.7792490592559,1,4.67212810171706,4.67212810171706,4.67212810171706,0,1.4372374590821337,0.0067149575214180595,West Africa
913,73739313B48121401375320,Soulouta,ADM3,Guinea,GIN,357.0713296757875,1,17.683177646647643,17.683177646647643,17.683177646647643,1,2.8005608876746746,0.04952281568700449,West Africa
914,73739313B58303040682128,Koropara,ADM3,Guinea,GIN,755.9877255570132,1,10.177771050428712,10.177771050428712,10.177771050428712,1,1.3227727993377116,0.01346287870339391,West Africa
915,62588387B98873845016712,Nrokwia-Wesldow,ADM2,Liberia,LBR,232.78560902309817,1,7.381494285862869,7.381494285862869,7.381494285862869,1,4.295798199023441,0.03170940985931153,West Africa
916,73739313B60628867340300,Douako,ADM3,Guinea,GIN,2854.526463117373,1,35.47253236574932,35.47253236574932,35.47253236574932,1,0.3503208020387099,0.012426765988713399,West Africa
917,84187393B72015810655691,Tangui?ta,ADM3,Benin,BEN,300.51864548645375,1,10.173679190250574,10.173679190250574,10.173679190250574,1,3.327580551220993,0.03385373700783955,West Africa
918,84187393B71500195720104,P?onga,ADM3,Benin,BEN,459.2361857642509,1,10.174946825208806,10.174946825208806,10.174946825208806,1,2.177528755352372,0.022156239296073504,West Africa
919,84187393B70329524567023,Tohou?,ADM3,Benin,BEN,69.9848234661737,1,3.7604640369608124,3.7604640369608124,3.7604640369608124,0,14.288812209169002,0.05373256444346661,West Africa
920,84187393B70310052157260,Issaba,ADM3,Benin,BEN,164.6391758284234,1,43.2712210730893,43.2712210730893,43.2712210730893,1,6.073888519960384,0.262824572920505,West Africa
921,84187393B62295971121594,Fo-Bour?,ADM3,Benin,BEN,698.682345652052,1,10.17059039315144,10.17059039315144,10.17059039315144,1,1.4312655904690712,0.014556816064472958,West Africa
922,84187393B59379271257360,P?hunco,ADM3,Benin,BEN,783.2290755839992,1,10.175739342377176,10.175739342377176,10.175739342377176,1,1.2767656758073873,0.012992034718310015,West Africa
923,84187393B58802220805912,Koabagou,ADM3,Benin,BEN,1298.7992950663865,1,7.967032880313936,7.967032880313936,7.967032880313936,1,0.7699419023390263,0.006134152451866484,West Africa
924,84187393B55846327344543,Kouarfa,ADM3,Benin,BEN,602.8523760523187,1,10.176187819362754,10.176187819362754,10.176187819362754,1,1.6587808885291921,0.016880065872842492,West Africa
925,84187393B55784305490631,Bemb?r?k?,ADM3,Benin,BEN,823.4914780032057,1,10.17413061442546,10.17413061442546,10.17413061442546,1,1.214341649806493,0.01235487055566816,West Africa
926,84187393B55473393762097,Azohou?-Aliho,ADM3,Benin,BEN,27.289364364194345,1,10.175554861413003,10.175554861413003,10.175554861413003,1,36.644312658013895,0.37287621381039127,West Africa
927,84187393B47909937949030,Gu?n?,ADM3,Benin,BEN,1561.6850624462602,1,4.591134381751568,4.591134381751568,4.591134381751568,0,0.6403339726087771,0.0029398593174477243,West Africa
928,84187393B46413765187674,Totchangni,ADM3,Benin,BEN,25.650583158214317,1,0.04566067636187448,0.04566067636187448,0.04566067636187448,0,38.985468432898415,0.0017801028569306484,West Africa
929,84187393B3848413583050,Brignamaro,ADM3,Benin,BEN,774.8514856139776,1,10.179337983267853,10.179337983267853,10.179337983267853,1,1.2905698944457968,0.013137147146594082,West Africa
930,84187393B28073924175490,Goumori,ADM3,Benin,BEN,1128.8790763946242,1,10.179926216909022,10.179926216909022,10.179926216909022,1,0.8858344714774643,0.009017729560035187,West Africa
931,84187393B26227660563409,Siw?-Kpota,ADM3,Benin,BEN,11.527470807898652,1,20.315122306344445,20.315122306344445,20.315122306344445,1,86.74929797391441,1.7623225983295896,West Africa
932,84187393B22834012222892,Tabota,ADM3,Benin,BEN,112.92021097455303,1,13.582791343475282,13.582791343475282,13.582791343475282,0,8.855810588463687,0.12028662740044128,West Africa
933,84187393B18868490484414,Soroko,ADM3,Benin,BEN,785.0887987956818,1,33.069642397713025,33.069642397713025,33.069642397713025,1,1.2737412653625804,0.04212216815275102,West Africa
934,84187393B13135786117541,Bagou,ADM3,Benin,BEN,1658.09579470199,1,10.175162044679347,10.175162044679347,10.175162044679347,1,0.6031014632539554,0.0061366551179922214,West Africa
935,73739313B93517529551541,Bossou,ADM3,Guinea,GIN,211.0899523523705,1,0.05581061382446453,0.05581061382446453,0.05581061382446453,0,4.7373169061628735,0.0002643925644139632,West Africa
936,73739313B91803490460813,Panziazou,ADM3,Guinea,GIN,237.17819804767151,1,0.14829170932720961,0.14829170932720961,0.14829170932720961,0,4.216239132565656,0.0006252333079004327,West Africa
937,73739313B8550863125818,Bofossou,ADM3,Guinea,GIN,280.261061371807,1,81.38411286261213,81.38411286261213,81.38411286261213,1,3.568101808739512,0.29038680030774694,West Africa
938,73739313B8255693450294,Heremakono,ADM3,Guinea,GIN,1136.2884754149677,1,53.582788561144305,53.582788561144305,53.582788561144305,1,0.8800582084886536,0.04715597290694697,West Africa
939,73739313B69384770407300,Banama,ADM3,Guinea,GIN,343.4885912000758,1,10.17540269663092,10.17540269663092,10.17540269663092,1,2.9113048456899646,0.02962369917754833,West Africa
940,62588387B99544432637290,Sanoyeah,ADM2,Liberia,LBR,1101.9005782486875,1,17.6599454592071,17.6599454592071,17.6599454592071,1,0.9075228924821478,0.0160268047842166,West Africa
941,62588387B88645489379872,Beawor,ADM2,Liberia,LBR,546.6619666071496,1,10.174867257517759,10.174867257517759,10.174867257517759,1,1.8292840202629919,0.01861272208247437,West Africa
942,59680162B49809531314946,Rafi,ADM2,Nigeria,NGA,3839.6988764577,1,10.175718826690037,10.175718826690037,10.175718826690037,1,0.2604370895153493,0.002650134594949698,West Africa
943,59680162B79825109156569,Abeokuta South,ADM2,Nigeria,NGA,66.01577435744511,1,10.170909553983007,10.170909553983007,10.170909553983007,1,15.147894722637943,0.15406786715720702,West Africa
944,59680162B77130024076735,Birnin Kebbi,ADM2,Nigeria,NGA,1036.4930761163969,1,6.098650963912179,6.098650963912179,6.098650963912179,1,0.9647917801311982,0.005883928319871678,West Africa
945,59680162B76564266679550,Iwajowa,ADM2,Nigeria,NGA,2525.466788777481,1,10.176088431185068,10.176088431185068,10.176088431185068,1,0.39596640290172913,0.004029389131706251,West Africa
946,59680162B74248263036628,Obafemi Owode,ADM2,Nigeria,NGA,1611.1017569833843,1,10.17055853201615,10.17055853201615,10.17055853201615,1,0.6206932589238764,0.006312797120313141,West Africa
947,59680162B74094197759690,Ado Odo/Ota,ADM2,Nigeria,NGA,852.6272748829149,1,10.169330243006797,10.169330243006797,10.169330243006797,1,1.1728454266693764,0.0119270524678011,West Africa
948,59680162B73238408569532,Osogbo,ADM2,Nigeria,NGA,93.13534525990211,1,10.171328905813102,10.171328905813102,10.171328905813102,1,10.737062252890293,0.1092101916563378,West Africa
949,59680162B7261312330016,Adavi,ADM2,Nigeria,NGA,607.3849885408225,1,1.1438972548064565,1.1438972548064565,1.1438972548064565,0,1.6464022306550465,0.0018833149919535342,West Africa
950,59680162B72068294191364,Ahoada East,ADM2,Nigeria,NGA,405.9025589446346,1,9.696779285793614,9.696779285793614,9.696779285793614,1,2.4636454685086147,0.02388942634657364,West Africa
951,59680162B70966513794539,Ughelli North,ADM2,Nigeria,NGA,765.8122084277945,1,10.169991830565298,10.169991830565298,10.169991830565298,1,1.3058031577388807,0.013280007446530786,West Africa
952,59680162B70631413452384,Abak,ADM2,Nigeria,NGA,168.61605406995696,1,10.172520268532747,10.172520268532747,10.172520268532747,1,5.9306333878807935,0.060329488343454404,West Africa
953,59680162B6932812925911,Apa,ADM2,Nigeria,NGA,1068.3356336697352,1,10.171601709505092,10.171601709505092,10.171601709505092,1,0.9360354260252444,0.009520979539515702,West Africa
954,59680162B67711641000031,Ojo,ADM2,Nigeria,NGA,172.45763536462601,1,10.174145938036252,10.174145938036252,10.174145938036252,1,5.798525521271973,0.058995044878848796,West Africa
955,59680162B66631777088899,Isa,ADM2,Nigeria,NGA,2038.3679842943618,1,10.181830008502413,10.181830008502413,10.181830008502413,1,0.4905885530507771,0.00499508925128018,West Africa
956,59680162B64610537243626,Gwandu,ADM2,Nigeria,NGA,1010.4887853616754,1,17.812142278280923,17.812142278280923,17.812142278280923,1,0.9896200873145552,0.01762725379669165,West Africa
957,59680162B63355484795141,Jaba,ADM2,Nigeria,NGA,530.6169859483501,1,5.174493469591256,5.174493469591256,5.174493469591256,1,1.8845985456208882,0.009751842867116464,West Africa
958,59680162B62255786160615,Kogi,ADM2,Nigeria,NGA,1492.1604134084578,1,10.173513008316613,10.173513008316613,10.173513008316613,1,0.6701692331562104,0.006817975411288276,West Africa
959,59680162B6009908161486,Kosofe,ADM2,Nigeria,NGA,61.19659980932936,1,10.172273636811603,10.172273636811603,10.172273636811603,1,16.340777152908927,0.16622285663754885,West Africa
960,59680162B54988677972163,Jibia,ADM2,Nigeria,NGA,1064.3413510043379,1,10.178168557054864,10.178168557054864,10.178168557054864,1,0.9395481995098435,0.009562879942088598,West Africa
961,59680162B54666922464494,Sandamu,ADM2,Nigeria,NGA,338.2771021853756,1,17.813030464886637,17.813030464886637,17.813030464886637,1,2.956156339106869,0.052658102927478405,West Africa
962,59680162B54275853767873,Akoko-Edo,ADM2,Nigeria,NGA,1366.655514723083,1,50.86975582947509,50.86975582947509,50.86975582947509,1,0.7317132878233942,0.03722207628875849,West Africa
963,59680162B53104406185271,Ikorodu,ADM2,Nigeria,NGA,413.0137685648006,1,10.17471948012464,10.17471948012464,10.17471948012464,1,2.4212267873658138,0.024635303359210547,West Africa
964,59680162B50724647943907,Lagelu,ADM2,Nigeria,NGA,394.5412359500243,1,10.175968858514011,10.175968858514011,10.175968858514011,1,2.5345893125520287,0.025791901913651882,West Africa
965,59680162B50421987640425,Mbo,ADM2,Nigeria,NGA,297.3218974238832,1,10.169876265567629,10.169876265567629,10.169876265567629,1,3.3633580596128416,0.03420493530306223,West Africa
966,59680162B50359341822283,Odogbolu,ADM2,Nigeria,NGA,515.1570029317731,1,10.175519930313971,10.175519930313971,10.175519930313971,1,1.9411557919410425,0.019752269448740478,West Africa
967,59680162B7891718144591,Eastern Obolo,ADM2,Nigeria,NGA,158.10056089252797,1,10.175324448770501,10.175324448770501,10.175324448770501,1,6.325088249875154,0.06435982510958568,West Africa
968,59680162B82021418174103,Kwali,ADM2,Nigeria,NGA,1240.9961544700304,1,10.170942727744267,10.170942727744267,10.170942727744267,1,0.8058042697376864,0.008195789077273802,West Africa
969,62588387B87662048762198,Fenetoe,ADM2,Liberia,LBR,41.28157062164288,1,2.1710736299566813,2.1710736299566813,2.1710736299566813,0,24.2238845310727,0.0525918369205275,West Africa
970,59680162B8258215962885,Darazo,ADM2,Nigeria,NGA,3030.1290228222283,1,17.655823566242553,17.655823566242553,17.655823566242553,1,0.33001895050284397,0.005826756363594748,West Africa
971,62588387B82841165757499,Salala,ADM2,Liberia,LBR,886.6974890176602,1,10.176811343499157,10.176811343499157,10.176811343499157,1,1.1277803449154495,0.01147720780711094,West Africa
972,62588387B7916938294123,St. John River City,ADM2,Liberia,LBR,434.60341129001586,1,17.80154916190074,17.80154916190074,17.80154916190074,1,2.3009483451400903,0.04096044508500547,West Africa
973,62588387B71258849496296,Wee-Gbehyi-Mahn,ADM2,Liberia,LBR,429.49913761725236,1,5.500506609366299,5.500506609366299,5.500506609366299,1,2.328293382724202,0.01280679314021829,West Africa
974,62588387B68895676065239,Greenville,ADM2,Liberia,LBR,83.68719753561024,1,2.157181760011403,2.157181760011403,2.157181760011403,0,11.949259019869604,0.02577672360331445,West Africa
975,62588387B6652087258063,Fen River,ADM2,Liberia,LBR,256.24438054586176,1,10.172706546881006,10.172706546881006,10.172706546881006,1,3.902524605104553,0.03969923759971131,West Africa
976,62588387B65725534392235,Upper Jloh,ADM2,Liberia,LBR,258.5188101339143,1,17.804420616835646,17.804420616835646,17.804420616835646,1,3.868190478990654,0.06887089031398855,West Africa
977,62588387B65193305891299,Harper,ADM2,Liberia,LBR,314.1716049441588,1,10.169918963677947,10.169918963677947,10.169918963677947,1,3.1829738406109014,0.03237058602251963,West Africa
978,62588387B58471335034652,Butaw,ADM2,Liberia,LBR,240.90945268055523,1,33.06282543450672,33.06282543450672,33.06282543450672,1,4.15093716279367,0.13724171080305372,West Africa
979,62588387B52645090696794,Karforh,ADM2,Liberia,LBR,273.8418034875903,1,10.173808632680283,10.173808632680283,10.173808632680283,1,3.65174340536841,0.03715213858187042,West Africa
980,62588387B3504103493017,Karluway #2,ADM2,Liberia,LBR,431.4361431108544,1,10.17578096214141,10.17578096214141,10.17578096214141,1,2.317840116012388,0.023585833325806493,West Africa
981,62588387B34130334496008,Barclayville,ADM2,Liberia,LBR,539.4122963882149,1,10.169815685541904,10.169815685541904,10.169815685541904,1,1.8538694922154688,0.01885351104088048,West Africa
982,62588387B28588993408977,Tuobo,ADM2,Liberia,LBR,481.0454470733728,1,10.174633803818159,10.174633803818159,10.174633803818159,1,2.078805663963539,0.02115108638013207,West Africa
983,62588387B27641742881305,Zoe-Gbao,ADM2,Liberia,LBR,379.7177880795952,1,10.176553948781278,10.176553948781278,10.176553948781278,1,2.63353477607002,0.026800308724668178,West Africa
984,59680162B99910214526625,Ibiono Ibom,ADM2,Nigeria,NGA,334.8552248658063,1,10.174061447072798,10.174061447072798,10.174061447072798,1,2.9863652281392694,0.0303834633344905,West Africa
985,1427508B15475197726652,Mouyondzi,ADM2,Republic of the Congo,COG,4635.927556646271,1,10.171599744414063,10.171599744414063,10.171599744414063,1,0.21570656309466177,0.0021940808220420973,Congo Basin
986,59680162B90037113183568,Gujba,ADM2,Nigeria,NGA,3342.6049175535163,1,10.177645427108446,10.177645427108446,10.177645427108446,1,0.29916787196373457,0.0030448245240294685,West Africa
987,59680162B89638160160445,Ibeju Lekki,ADM2,Nigeria,NGA,415.9252137352478,1,10.174230646460543,10.174230646460543,10.174230646460543,1,2.404278382210649,0.024461682798910162,West Africa
988,59680162B89324456878264,Isoko South,ADM2,Nigeria,NGA,715.0135742630214,1,20.34522558840274,20.34522558840274,20.34522558840274,1,1.398574846681365,0.02845432075799815,West Africa
989,59680162B87797979497124,Brass,ADM2,Nigeria,NGA,1313.6150491202236,1,10.168219064887996,10.168219064887996,10.168219064887996,1,0.7612580265959474,0.0077406383793319255,West Africa
990,59680162B87372052025364,Maradun,ADM2,Nigeria,NGA,2650.536196844878,1,10.179252504815322,10.179252504815322,10.179252504815322,1,0.3772821518869922,0.0038404502896177807,West Africa
991,59680162B84198311358077,Mariga,ADM2,Nigeria,NGA,6279.531714167027,1,2.9540438545663745,2.9540438545663745,2.9540438545663745,0,0.1592475435300272,0.00047042422731966813,West Africa
992,59680162B83662033692716,Kaiama,ADM2,Nigeria,NGA,7863.560809188154,1,10.178153683295896,10.178153683295896,10.178153683295896,1,0.12716885190632124,0.0012943441184308337,West Africa
993,59680162B83278495681126,Edati,ADM2,Nigeria,NGA,1048.9853679781047,1,10.173577723115145,10.173577723115145,10.173577723115145,1,0.9533021436967011,0.00969849345251067,West Africa
994,97208781B99788682390598,Guitry,ADM3,Côte d'Ivoire,CIV,907.1253525287545,1,10.175861663692308,10.175861663692308,10.175861663692308,1,1.102383476784485,0.01121770176009908,West Africa
