det_id,region,lon,lat,area_ha
1,Congo Basin,12.23615916955017,-4.5044555878501376,30.5163893312352
2,Congo Basin,12.241730076091294,-4.492957296623976,30.51636949294834
3,Congo Basin,12.249452495575653,-4.30251684819061,51.033512470330955
4,Congo Basin,12.220625144184211,-4.30251684819061,17.628502279341273
5,Congo Basin,12.1728339711463,-4.152320419048838,10.172011123197475
6,Congo Basin,12.16851072006147,-4.150883132645566,10.172029150863306
7,Congo Basin,12.254779517725058,-4.1372289118144865,28.146157791486058
8,Congo Basin,12.063021879928595,-4.135072982209582,10.171982740465666
9,Congo Basin,12.04841847395345,-4.120700118176881,147.49394920314504
10,Congo Basin,12.02536205778514,-4.120700118176888,10.171999119119716
11,Congo Basin,12.034487874447787,-4.104171324539271,53.57301829185082
12,Congo Basin,12.006340362169183,-4.099140822127827,10.1720225200014
13,Congo Basin,12.011191520701923,-4.085486601296755,17.80104982530785
14,Congo Basin,12.096111818247302,-4.079737455683674,17.801031415261992
15,Congo Basin,12.139146166716031,-4.071113737264047,25.258452722051416
16,Congo Basin,11.977041122647485,-4.070395094062411,10.17197010920781
17,Congo Basin,11.971997854609782,-4.066801878054233,17.801024983363117
18,Congo Basin,12.09293948126801,-4.061052732441152,17.801006003482193
19,Congo Basin,12.097885863865972,-4.053147657223155,50.86001023585637
20,Congo Basin,11.982613011423215,-4.053147657223155,10.172018894723578
21,Congo Basin,12.11642371700971,-4.041649365996999,96.46259270419405
22,Congo Basin,12.140918805984512,-4.040212079593733,30.51604253625408
23,Congo Basin,12.196123876123863,-2.4017055798652116,35.60028569274738
24,Congo Basin,12.214825174825165,-2.3945191478488606,25.428900419508942
25,Congo Basin,12.208973354858292,-2.3902072886390506,10.171515563623604
26,Congo Basin,11.817470081646348,-1.7851097128621154,10.171425479799685
27,Congo Basin,11.306525437944842,-1.588201475614045,66.11407290248768
28,Congo Basin,11.310748634054388,-1.5687981091698875,17.799918666872195
29,Congo Basin,11.314343227785407,-1.5623303203551615,10.171412636580891
30,Congo Basin,11.441500451317609,-1.5458015267175584,53.39989983322278
31,Congo Basin,11.59372478852314,-1.5134625826439665,274.62769599022465
32,Congo Basin,11.334201340351935,-1.519211728257051,10.17136927797394
33,Congo Basin,11.55777971259915,-1.5069947938292545,17.799993805868592
34,Congo Basin,11.390903572113242,-1.5026829346194335,17.799885874778898
35,Congo Basin,11.5476228513004,-1.4983710754096224,144.94229282276868
36,Congo Basin,11.388027989008886,-1.4940592161998125,33.05706999546612
37,Congo Basin,11.387937025233036,-1.4854354977801951,33.056909453450885
38,Congo Basin,11.561189523375887,-1.478967708965469,66.11406203207311
39,Congo Basin,11.383350905779745,-1.435849116867351,770.642456610484
40,Congo Basin,11.436730194737741,-1.4638762017311295,45.77118401346205
41,Congo Basin,11.430979120405105,-1.4581270561180495,17.799949670580233
42,Congo Basin,11.444637921945116,-1.457408412916414,10.171402973667554
43,Congo Basin,11.576820160549545,-1.442316905682064,61.02831115086551
44,Congo Basin,11.341746874875211,-1.4408796192787936,17.7999394495629
45,Congo Basin,11.586884460242032,-1.4387236896738955,10.171403334725404
46,Congo Basin,11.338780791718586,-1.4344118304640774,25.428351925155035
47,Congo Basin,11.427202147033448,-1.4200389664313695,10.171402643509042
48,Congo Basin,11.349473230189204,-1.3999169567855805,50.85695359272321
49,Congo Basin,11.860509691485728,-1.0614360088153536,17.799886086788852
50,Congo Basin,11.71541501976284,-0.1192947714714625,10.171253819992295
51,Congo Basin,11.154868846568458,-0.096298189019126,10.171261295400086
52,Congo Basin,11.011139058569906,-0.027308441662146,10.171274152327124
53,Congo Basin,10.973769313690266,0.0761761793733455,10.171266527442206
54,Congo Basin,10.961579548183865,0.1868472324251875,5.512104340882333
55,Congo Basin,10.963077119632063,0.210562458079148,17.799756883776848
56,Congo Basin,10.974032196243787,0.372257178447097,10.171310003748482
57,Congo Basin,11.292043312997098,0.5864128525344166,10.171325340649517
58,Congo Basin,11.966364812419165,0.7028330511993315,10.171261479021675
59,Congo Basin,11.954961070073885,0.7200804880385876,10.171305698110707
60,Congo Basin,11.96214813335996,0.7358906384745665,119.51256732977438
61,Congo Basin,11.955775250750662,0.745233000095818,17.799829865604828
62,Congo Basin,11.944994569731033,0.7732600849595965,10.171267183578111
63,Congo Basin,11.917059965022393,0.779727873774319,40.853618042377136
64,Congo Basin,11.939340217052777,0.7775719441694064,25.428301613852653
65,Congo Basin,11.942215088282499,0.7905075217988524,10.171307742313406
66,Congo Basin,11.937184063630472,0.79266345140375,17.799779539110204
67,Congo Basin,11.92209098967442,0.7933820946053856,10.171300876441284
68,Congo Basin,11.924965860904141,0.7991312402184656,10.171287072909344
69,Congo Basin,11.954528756927697,0.8228464658724335,43.22804523296032
70,Congo Basin,11.991853035143766,1.3467373598645733,437.0293368594636
71,Congo Basin,11.999856228883617,1.3718898719218076,99.1707061272126
72,Congo Basin,11.97838623620186,1.3862627359545154,66.11384191624222
73,Congo Basin,11.986197972827267,1.3812322335430705,10.171322849059573
74,Congo Basin,11.644960769587247,2.0136382509821518,10.171416295390117
75,Congo Basin,11.36281912980941,2.1703024689386514,10.171484099038716
76,Congo Basin,11.153212652317157,2.957216774729313,17.8003986428872
77,Congo Basin,11.52472395583294,3.6622057555335568,10.171771183083397
78,Congo Basin,11.368026824369203,3.7944361046344506,10.171828735522789
79,Congo Basin,10.647598575507715,5.417132453926993,10.172462409835655
80,Congo Basin,10.838308936825879,5.736210035453066,10.172627542954325
81,Congo Basin,10.883168890068251,6.782554537034084,10.173137736150467
82,Congo Basin,12.49915893689624,-4.5375131751253575,10.172166937966818
83,Congo Basin,12.619665513264145,-4.5044555878501376,30.516389330896352
84,Congo Basin,12.620184221065266,-4.494394583027242,89.18443989771546
85,Congo Basin,12.630997196635942,-4.494394583027248,10.172103644937724
86,Congo Basin,12.638205847016405,-4.4915200102207,25.430335925585204
87,Congo Basin,12.348849760762803,-4.388754032386854,180.5546470833998
88,Congo Basin,12.329043572967302,-4.367194736337796,27.973321143635264
89,Congo Basin,12.279737975879698,-4.349228656296907,25.43020052595133
90,Congo Basin,12.272432432432437,-4.345635440288733,38.145289283888275
91,Congo Basin,12.348560675821751,-4.283832124948096,17.801079342903346
92,Congo Basin,12.416948908265507,-4.234964387236895,119.52142024721591
93,Congo Basin,12.434964329466059,-4.234245744035254,10.172031891181069
94,Congo Basin,12.40676093327143,-4.226340668817277,17.80109010038041
95,Congo Basin,12.42261437699169,-4.226340668817277,17.80109010133323
96,Congo Basin,12.434864765320985,-4.225622025615641,10.172060664569415
97,Congo Basin,12.411805210818788,-4.222747452809093,10.172097352987723
98,Congo Basin,12.429000360302638,-4.216998307196011,51.035855142040155
99,Congo Basin,12.377787822170305,-4.216279663994376,17.626229251742195
100,Congo Basin,12.379800955987719,-4.208374588776385,10.172036092126975
101,Congo Basin,12.4014187690657,-4.204781372768217,33.05919576504423
102,Congo Basin,12.39483418469473,-4.2033440863649405,43.05606127112807
103,Congo Basin,12.26309805930956,-4.1631000670733656,206.15681943665194
104,Congo Basin,12.257857909147667,-4.150883132645564,25.430072871269065
105,Congo Basin,12.824775224775237,-2.398831007058678,10.171534548156217
106,Congo Basin,12.754597255632202,-2.350681912549104,33.057569792986456
107,Congo Basin,12.781005506229473,-2.337027691718041,25.428734672871254
108,Congo Basin,12.823441033796577,-2.330559902903315,38.14323600752965
109,Congo Basin,12.752133746763423,-2.3240921140886037,10.171498060535814
110,Congo Basin,12.557838459878703,-2.3111565364591575,10.171507232295955
111,Congo Basin,12.52439053623224,-2.0984381487751085,10.171459201956413
112,Congo Basin,12.558407107929298,-2.0301670446197537,48.31455914138663
113,Congo Basin,12.568390271963207,-1.930275639592451,40.68569839142067
114,Congo Basin,12.576968683527527,-1.919495991567918,81.19393970828828
115,Congo Basin,12.645947349498696,-1.9065604139384806,25.607289384340252
116,Congo Basin,12.586266128710129,-1.905841770736848,10.171484716747464
117,Congo Basin,12.601984564498334,-1.898655338720491,10.171444691076221
118,Congo Basin,12.96797232630039,-1.8023571497013564,10.171413415732935
119,Congo Basin,12.49738399725219,-1.5091507234341526,10.171415226830039
120,Congo Basin,12.50734871237779,-1.5019642914177955,10.171366615434149
121,Congo Basin,12.502316441945165,-1.4983710754096264,17.79992002435571
122,Congo Basin,12.315494397546585,-1.0679037976300694,10.171342712199538
123,Congo Basin,12.977880699512905,-0.527484110000315,40.68504744070459
124,Congo Basin,13.11442944981234,-0.523172250790505,94.08426756943898
125,Congo Basin,13.073464824722521,-0.5174231051774205,45.770742508526865
126,Congo Basin,13.092869120817701,-0.518860391580691,10.171275472788134
127,Congo Basin,13.056216561526796,-0.5109553163627085,17.799753554576593
128,Congo Basin,13.044717719396317,-0.5066434571528945,61.027776463875874
129,Congo Basin,13.098618541882939,-0.500175668338179,25.42826818021526
130,Congo Basin,13.109398706380262,-0.4929892363218215,25.42828734625805
131,Congo Basin,13.03742683520851,-0.459213005844963,17.79974386838849
132,Congo Basin,13.11576207169149,-0.44987064422371104,10.171295017081746
133,Congo Basin,13.04389488225756,-0.44699607141716347,10.171298905256535
134,Congo Basin,13.016585350272674,-0.429748634577918,109.52531044567192
135,Congo Basin,13.086192027596793,-0.4117825545370315,78.82729983242406
136,Congo Basin,13.101284016864714,-0.4110639113354,35.59942619944378
137,Congo Basin,13.069662706017645,-0.39812833370596146,76.28462097742876
138,Congo Basin,13.065350709083937,-0.37656903765689853,10.171305133837269
139,Congo Basin,13.088139003784928,-0.2227793925069435,48.31358825048174
140,Congo Basin,13.07448456489452,-0.2177488900954975,94.08440197595978
141,Congo Basin,13.09604420524778,-0.217030246893859,35.59950196317255
142,Congo Basin,13.106824025424412,-0.18828451882845648,10.171303044252568
143,Congo Basin,12.762379321083767,0.573477274904985,10.171266742653131
144,Congo Basin,12.867409844443731,0.5979111437605775,10.171304808711051
145,Congo Basin,12.43475899958476,0.5993484301638545,10.171302214317903
146,Congo Basin,12.426853419363066,0.6072535053818471,55.94207701917513
147,Congo Basin,12.488660682914368,0.6130026509949245,27.971007721679687
148,Congo Basin,12.480755102692699,0.6165958670030955,10.171270592693482
149,Congo Basin,12.470693455137823,0.6209077262129135,10.171262548062062
150,Congo Basin,12.458575227387051,0.6359992334472575,119.51293201036884
151,Congo Basin,12.388143132072138,0.6568398862946735,94.0842558496978
152,Congo Basin,12.430645393129236,0.678399182343733,10.171312365167092
153,Congo Basin,12.418427483110543,0.6963652623846195,17.799731465621797
154,Congo Basin,12.360311439409081,0.705707624005879,40.68525276743834
155,Congo Basin,12.286382802018778,0.753856718515446,17.79979575591445
156,Congo Basin,12.398699908961671,0.815660033856082,71.19927156422864
157,Congo Basin,12.395106291226766,0.8206905362675314,10.1713156422921
158,Congo Basin,13.073697829316204,1.0499377175891904,17.799807994975925
159,Congo Basin,13.077291676649565,1.0564055064039164,45.77083556368393
160,Congo Basin,13.090334070743465,1.0621546520169969,76.28503296819846
161,Congo Basin,13.10183447405623,1.0635919384202674,10.17135657197676
162,Congo Basin,13.088896520329369,1.0794020888562383,10.171305482580237
163,Congo Basin,13.076689615513633,1.227442588393111,10.171359160072491
164,Congo Basin,13.071657907768003,1.2396595228209175,17.799798989915644
165,Congo Basin,12.991669395611835,1.3445814302596755,17.799794289548696
166,Congo Basin,12.985303514377001,1.3596729374940195,10.17133071965776
167,Congo Basin,12.981812953777593,1.3704525855185405,48.3139816353492
168,Congo Basin,12.978322337417527,1.3898559519626985,10.17136805613021
169,Congo Basin,12.97257144682823,1.3963237407774116,27.971188917420392
170,Congo Basin,12.943098132558024,1.3948864543741406,17.799857124023887
171,Congo Basin,12.984073228006825,1.3984796703823266,10.171331792091236
172,Congo Basin,12.943816993881686,1.4035101727937656,38.142477969627045
173,Congo Basin,12.951827919199328,1.4078220320035755,40.68549278351342
174,Congo Basin,12.99136560780208,1.414289820818291,10.171345973216194
175,Congo Basin,12.9791448676885,1.416445750423203,17.799839344578317
176,Congo Basin,12.944742643534946,1.427944041649364,17.79989520777456
177,Congo Basin,12.934678424230805,1.4336931872624445,17.799851790376263
178,Congo Basin,12.940429406690308,1.4380050464722656,17.79981911222728
179,Congo Basin,12.984384360397794,1.4430355488837074,30.51415378141033
180,Congo Basin,12.964255761012822,1.441598262480437,10.171390848452347
181,Congo Basin,12.960661368265532,1.4480660512951524,17.7998846581972
182,Congo Basin,12.968569032309603,1.450940624101697,38.14258626575522
183,Congo Basin,12.93909501178163,1.4509406241017,33.05688779467837
184,Congo Basin,12.941355017013578,1.4588456993196925,10.17139665022948
185,Congo Basin,12.939917248430419,1.4681880609409415,91.54221618744813
186,Congo Basin,12.926258446890408,1.466750774537675,17.799883103535795
187,Congo Basin,12.800549612954242,1.7189945383116705,10.171368612353737
188,Congo Basin,12.336766738850761,2.2004854834073315,10.171447648412913
189,Congo Basin,12.31898418583836,2.225637995464562,150.02923700172704
190,Congo Basin,12.269183882971905,5.356766424989626,10.172467183406159
191,Congo Basin,12.91229225739599,6.241416206202689,17.802504067221715
192,Congo Basin,12.921226895005542,6.252914497428854,109.17559774347977
193,Congo Basin,12.90323617831935,6.597144591012176,10.173052995028502
194,Congo Basin,12.95186266526417,6.603612379826887,17.619831141025703
195,Congo Basin,13.245619644455793,-2.615861253952537,10.171599744414063
196,Congo Basin,13.223263281493374,-1.4847168545785534,10.171363052426551
197,Congo Basin,13.131677713008065,-0.518860391580691,25.428180881893212
198,Congo Basin,13.120178870877577,-0.4944265227250985,10.171312800222271
199,Congo Basin,13.160424818334274,-0.4858028043054705,10.1713255474806
200,Congo Basin,13.153238042002723,-0.481490945095657,56.127974965829935
201,Congo Basin,13.146664963148087,-0.4656807946596815,25.428182976524603
202,Congo Basin,13.148102306936767,-0.4577757194416895,17.799747345403073
203,Congo Basin,13.12654215010659,-0.4520265738286085,50.85646406570727
204,Congo Basin,13.138759572310347,-0.452745217030244,61.02775910748246
205,Congo Basin,13.141634259887708,-0.4441214986106165,10.171302765830582
206,Congo Basin,13.145946291253747,-0.4398096394008125,10.171308512359355
207,Congo Basin,13.142038104668076,-0.251525120572359,68.65602841936057
208,Congo Basin,13.144912723381852,-0.2364336133380125,17.799726370116904
209,Congo Basin,13.128278835788727,-0.112108339455111,10.171256326883464
210,Congo Basin,13.134028027308652,-0.10923376664856349,10.171257288426181
211,Congo Basin,13.454827142845726,0.9054904340604906,10.171338609107542
212,Congo Basin,13.696324040281421,0.9169887252866655,10.171307011435024
213,Congo Basin,13.432546179094226,0.9205819412948371,17.799769846981327
214,Congo Basin,13.400309859604867,0.9399853077389875,10.171323849188845
215,Congo Basin,13.157898940205909,1.085151234469319,10.171286718320882
216,Congo Basin,13.147222310960615,1.0959308824938554,17.79983187016207
217,Congo Basin,13.154410120435742,1.0973681688971295,17.79982355157096
218,Congo Basin,13.223222343798678,1.2216934427800306,10.171299154465947
219,Congo Basin,13.205463040613392,1.2511578140470785,17.799865575744292
220,Congo Basin,13.217682999880203,1.2648120348781555,10.171299954676481
221,Congo Basin,13.204130858439026,1.2741543964994073,17.799854489365647
222,Congo Basin,13.223263281493374,1.489747356990001,58.67207958190626
223,Congo Basin,13.239797752270498,1.4868727841834635,17.799868432965958
224,Congo Basin,13.22480669691353,1.5048388642243506,68.46983047617353
225,Congo Basin,13.231382447620042,1.512743939442333,17.799947987038085
226,Congo Basin,13.232101349138528,1.5220863010635926,10.171356092007075
227,Congo Basin,13.194104960460102,1.532865949088122,17.799928431674616
228,Congo Basin,13.183321351545663,1.5393337379028451,25.428394269915522
229,Congo Basin,13.166891659810375,1.5529879587339108,48.31403254094559
230,Congo Basin,13.157650893056832,1.56233032035517,10.171412637595338
231,Congo Basin,13.188564399143697,1.5666421795649876,33.05703596305242
232,Congo Basin,13.172748186727159,1.5673608227666191,48.31409719851068
233,Congo Basin,13.181375211681623,1.5702353955731594,27.97127524272216
234,Congo Basin,13.140396843147904,1.576703184387878,10.171344597769048
235,Congo Basin,13.145481786157834,1.578859113992787,17.985611213110083
236,Congo Basin,13.153442450094644,1.581015043597696,10.171405312001696
237,Congo Basin,13.157755997028431,1.5824523300009585,10.171398454940173
238,Congo Basin,13.270378448337834,1.8627231786387282,25.428511888325076
239,Congo Basin,13.582436545790081,1.864160465042002,10.171396678324331
240,Congo Basin,13.294825396064518,1.864160465042002,10.171396678797832
241,Congo Basin,13.279112872299642,1.875658756268167,368.7139190522452
242,Congo Basin,13.454557075290815,1.879970615477981,10.171388655138163
243,Congo Basin,13.468937747667134,1.882845188284514,10.171372342833331
244,Congo Basin,13.269152412377068,1.8871570474943349,25.428572706864173
245,Congo Basin,13.404331812698231,1.887157047494338,10.171429084944235
246,Congo Basin,13.44830065672786,1.905123127535215,104.44713504607091
247,Congo Basin,13.425344835024369,1.9094349867450289,121.86739556794792
248,Congo Basin,13.414612711221213,1.9159027755597404,33.05715042681094
249,Congo Basin,13.66427040145812,4.510923376664858,17.60809685977539
250,Congo Basin,13.709287236258177,4.564821616787507,10.172117211032464
251,Congo Basin,13.63142632852177,4.564821616787507,10.172117211117254
252,Congo Basin,13.713159602336003,4.616563927305245,10.17213260419855
253,Congo Basin,13.70383425998623,4.657526589798463,71.20485870907989
254,Congo Basin,13.679867325764935,4.684116388258968,162.56138674509413
255,Congo Basin,13.690738018051047,4.686272317863877,33.252979137269314
256,Congo Basin,13.700887706704282,4.6891468906704175,38.145627620976654
257,Congo Basin,13.709196673236873,4.74520106039797,17.80132691542727
258,Congo Basin,13.722616624733568,4.768197642850299,113.85563040253753
259,Congo Basin,13.707080986225838,4.784007793286275,17.801347144403348
260,Congo Basin,13.696373339316324,4.790475582100997,40.688726008736985
261,Congo Basin,13.48373758984589,4.795506084512441,17.801341046139267
262,Congo Basin,13.700088944445756,4.796943370915711,25.62403661568439
263,Congo Basin,13.733923119455728,4.827126385384398,17.80139199394724
264,Congo Basin,13.669726571323412,4.86449583186943,104.07199203858875
265,Congo Basin,13.683485062187454,4.866651761474339,10.172215391042473
266,Congo Basin,13.72674740123907,4.934204222428061,40.689030417129864
267,Congo Basin,13.655336576608352,4.936360152032964,17.801423643924387
268,Congo Basin,13.50635185422815,5.361078284199431,10.172397278882784
269,Congo Basin,13.536542827661396,5.384793509853398,17.993055813516783
270,Congo Basin,13.726794281404924,5.560142451052417,17.80193701448516
271,Congo Basin,13.43557395993836,5.737647321856338,30.517807752233917
272,Congo Basin,13.594323750747233,5.821728576447671,109.54809917597915
273,Congo Basin,13.576209968697345,5.818854003641135,38.14747604412412
274,Congo Basin,13.70295456187241,5.834664154077099,17.802081383814382
275,Congo Basin,13.704619336196185,5.841131942891824,33.061126234599406
276,Congo Basin,13.703394524132488,5.849037018109807,17.80220814772118
277,Congo Basin,13.710006260936591,5.8562234501261585,48.12640478910516
278,Congo Basin,13.702059687595327,5.854786163722887,17.80217281405505
279,Congo Basin,13.728899270354223,5.857660736529432,58.29897635287618
280,Congo Basin,13.708224123294592,5.8705963141588695,93.7097209155827
281,Congo Basin,13.723719384437556,5.915152192660258,350.182154332587
282,Congo Basin,13.743336972577211,5.918026765466799,76.48922777001135
283,Congo Basin,13.727270537800116,5.93814877511259,254.7055499404258
284,Congo Basin,13.694756870017553,5.938867418314226,86.46808025965197
285,Congo Basin,13.691630804804412,5.987735156025431,10.172736815795544
286,Congo Basin,13.47196351724579,5.990609728831965,10.172684688450733
287,Congo Basin,13.457329361606465,6.010013095276118,17.802295968585444
288,Congo Basin,13.586024096385549,6.21051454853237,10.17287019342233
289,Congo Basin,13.72453733453284,6.228480628573261,17.80250256108378
290,Congo Basin,13.284202235813186,6.506595547606121,10.172970102472586
291,Congo Basin,13.66758031975178,6.585646299786005,32.86921449450739
292,Congo Basin,13.848365073661519,-0.0517423105177445,25.42817181983677
293,Congo Basin,13.773119310014366,0.8853684244147015,25.428279286883928
294,Congo Basin,13.771791820730067,0.90261586125395,124.7931482148005
295,Congo Basin,13.769026817230761,0.9371107349324546,45.77099392431896
296,Congo Basin,13.892723612309478,1.816730013734067,25.42854077333893
297,Congo Basin,13.922314274073091,1.827509661758603,162.742586198597
298,Congo Basin,13.897867716963209,1.8318215209684134,17.799975254425725
299,Congo Basin,13.912303626703707,1.8404452393880344,17.9965012512226
300,Congo Basin,13.91247034010018,1.857692676227283,53.400017188737635
301,Congo Basin,13.810986977236034,4.715018045929287,17.996419579064092
302,Congo Basin,13.74923875765248,4.7998179437222515,78.64032429769047
303,Congo Basin,13.741746265786269,4.822095882972942,53.4041481486447
304,Congo Basin,13.922751590030638,5.160576830943181,17.604935812036608
305,Congo Basin,13.812954824042134,5.287058034430993,17.606557336553067
306,Congo Basin,13.826444690371943,5.31149190328659,17.801668441240892
307,Congo Basin,13.81661573996102,5.352454565779803,25.431127387431868
308,Congo Basin,13.831884383421032,5.358203711392898,25.431109712419047
309,Congo Basin,13.809951557537442,5.377607077837046,27.97416414458392
310,Congo Basin,13.851817394372977,5.376888434635415,10.172466815294587
311,Congo Basin,13.755092874787447,5.378325721038687,10.172443431701462
312,Congo Basin,13.770306424750277,5.381918937046858,53.599830709041505
313,Congo Basin,13.887908633024278,5.378325721038687,10.1724434316823
314,Congo Basin,13.818835116536487,5.3869494394583,10.172466172201247
315,Congo Basin,13.77769044449079,5.387668082659939,17.801795301403928
316,Congo Basin,13.824942452217279,5.399885017087737,45.97144064458662
317,Congo Basin,13.777856191985585,5.396291801079566,17.607104447886396
318,Congo Basin,13.79462459596241,5.400603660289375,35.79857228140836
319,Congo Basin,13.834159487944568,5.425756172346606,30.51741163081888
320,Congo Basin,13.904293632141664,5.432223961161326,242.18517528451383
321,Congo Basin,13.923672939024996,5.4300680315564245,10.172413331307885
322,Congo Basin,13.762854346814688,5.463125618831651,83.92311638370748
323,Congo Basin,13.829549129150902,5.477498482864357,55.94866127204372
324,Congo Basin,13.927789320006724,5.479654412469261,609.7588022102034
325,Congo Basin,13.838378976753152,5.486122201283973,30.5174003902183
326,Congo Basin,13.859760304192283,5.5040882813248615,33.060509950521066
327,Congo Basin,13.903357662605083,5.517023858954299,94.29203268844884
328,Congo Basin,13.890306122448974,5.515586572551025,17.801815487264165
329,Congo Basin,13.931571136336288,5.51989843176084,254.31239476331672
330,Congo Basin,13.890252707581226,5.5407390846082585,10.172534890169016
331,Congo Basin,13.900754172015404,5.590325465521095,162.76048528049037
332,Congo Basin,13.913029525032101,5.588169535916188,10.172552360834352
333,Congo Basin,13.923972432384726,5.593200038327633,17.801960520728663
334,Congo Basin,13.920473691811484,5.598230540739092,10.172545302141927
335,Congo Basin,13.918642435912862,5.610447475166889,350.55977791334885
336,Congo Basin,13.76846262522477,5.879938675780135,10.172713362791516
337,Congo Basin,13.759793218597478,5.879938675780135,10.17271336255488
338,Congo Basin,13.74895646031339,5.880657318981771,17.80222599497043
339,Congo Basin,13.755568934376894,5.885687821393216,25.431718615652418
340,Congo Basin,13.759512571043246,5.899342042224287,17.8022145679522
341,Congo Basin,13.761178453881328,5.909403047047174,70.8198939485077
342,Congo Basin,13.745338956255885,5.910840333450448,17.99641643390512
343,Congo Basin,13.769457400435126,5.921619981474985,45.5825792998771
344,Congo Basin,13.755729848194147,5.92233862467662,50.86349263339597
345,Congo Basin,13.763898366314763,5.9316809862978745,10.172686529972234
346,Congo Basin,13.769789024116125,5.936711488709314,38.147659923788304
347,Congo Basin,13.785404624277438,5.953958925548564,17.80221456695059
348,Congo Basin,13.77912297885323,5.9604267143632885,60.84159293839468
349,Congo Basin,13.762780438790497,5.974080935194354,164.72307219988497
350,Congo Basin,13.78167790895974,5.976955508000894,81.57643363239478
351,Congo Basin,13.747049472517954,5.979111437605804,25.431824232706592
352,Congo Basin,13.80641172834054,5.984141940017248,32.67120538548652
353,Congo Basin,13.764557123393812,5.985579226420521,17.996763002936188
354,Congo Basin,13.773283447877185,5.989891085630329,17.80222101296945
355,Congo Basin,13.831312725812923,5.996358874445049,63.77494367090217
356,Congo Basin,13.77706232791397,5.9949215880417785,25.626496295094384
357,Congo Basin,13.785899525487949,6.000670733654868,10.172747073426583
358,Congo Basin,13.8062433760478,6.005701236066308,63.57971187761689
359,Congo Basin,13.86766547836979,6.004263949663037,17.802336028639672
360,Congo Basin,13.792735214298332,6.014324954485931,99.18418039173716
361,Congo Basin,13.82214086135468,6.00785716567122,10.172698102948774
362,Congo Basin,13.812246077754395,6.0136063112842955,43.234185758741106
363,Congo Basin,13.901296332731311,6.020074100099012,17.998741775952563
364,Congo Basin,13.803796248715312,6.02366731610719,10.172736836633886
365,Congo Basin,13.833479859999194,6.0258232457120995,17.60684159264858
366,Congo Basin,13.827364702103756,6.038040180139898,10.172801100530478
367,Congo Basin,13.827475730494063,6.04378932575298,10.172777621997787
368,Congo Basin,13.954006467840468,-0.08839311380114351,43.22786984497825
369,Congo Basin,13.925979159180738,-0.061803315340629,10.171269518202246
370,Congo Basin,13.963311397904445,0.998195407071452,17.799803330206327
371,Congo Basin,13.977343537795377,1.7894215720719275,66.11406437417762
372,Congo Basin,13.953728040392084,1.8002012200964566,33.05713166947077
373,Congo Basin,13.935752917961526,1.8081062953144493,61.02831178314722
374,Congo Basin,13.955996548748935,1.81385544092753,119.51403344687105
375,Congo Basin,13.95610804419556,1.8311028777667755,30.514255200537928
376,Congo Basin,13.980910686957078,2.1307770928487053,73.94056973389857
377,Congo Basin,13.981797406250262,2.1473058864863193,114.23144495143062
378,Congo Basin,13.992384769539086,5.045593918681528,33.059993505877344
379,Congo Basin,13.982845003807792,5.072902360343671,17.801517278097286
380,Congo Basin,13.999054047554164,5.08727522437638,134.78316493452556
381,Congo Basin,13.925083783653758,5.167044619757899,10.172387280063706
382,Congo Basin,13.944348019156017,5.191478488613502,25.6279180621081
383,Congo Basin,13.972325833233054,5.471749337251264,10.172460268145374
384,Congo Basin,13.974827934735542,5.485403558082343,373.64169795008485
385,Congo Basin,13.987662144925665,5.510556070139581,121.67455446156121
386,Congo Basin,13.951563089116526,5.506244210929761,25.43132136659805
387,Congo Basin,13.92773771228251,5.508400140534671,17.801882433254946
388,Congo Basin,13.956784890718877,5.517023858954299,106.61386735088074
389,Congo Basin,13.954451013581249,5.510556070139581,10.17246830856202
390,Congo Basin,13.975612691027237,5.518461145357566,63.77560237184476
391,Congo Basin,13.965006859040706,5.527084863777189,71.20747605329379
392,Congo Basin,13.99316502611248,5.5270848637771905,63.57813854068874
393,Congo Basin,13.980168949002435,5.527084863777186,45.776284602042516
394,Congo Basin,13.941902721956165,5.529240793382098,10.172482646270359
395,Congo Basin,13.95151262324411,5.535708582196814,76.29389954817067
396,Congo Basin,13.994560639245194,5.555111948640967,10.172538428963493
397,Congo Basin,13.950129970155013,5.569484812673675,144.1702256340121
398,Congo Basin,13.976789976476319,5.568766169472037,32.86319516778732
399,Congo Basin,13.990677374581818,5.574515315085115,226.1413798608969
400,Congo Basin,13.964571098488495,5.570922099076947,10.172517116133383
401,Congo Basin,13.97334788154971,5.576671244690027,10.172501758941646
402,Congo Basin,13.969961730088814,5.584576319908015,58.29468001933925
403,Congo Basin,13.937468409271421,5.584576319908015,40.29630012896777
404,Congo Basin,13.98018292682928,5.588169535916188,25.431380898501647
405,Congo Basin,13.960798786896564,5.594637324730907,55.948891034758404
406,Congo Basin,13.96824377993692,5.601823756747265,154.93391272738893
407,Congo Basin,13.996349381659263,5.600386470343999,274.26288911648123
408,Congo Basin,13.970136320236211,5.621227123191414,10.172562997684697
409,Congo Basin,13.991246185313283,5.629132198409404,32.86311434826516
410,Congo Basin,13.986471848446179,5.639911846433941,10.17257109823472
411,Congo Basin,13.992248995017214,5.639911846433941,10.172571098729913
412,Congo Basin,13.977806128589652,5.641349132837203,66.12151969827009
413,Congo Basin,13.976586133020936,5.64997285125683,10.172562465674998
414,Congo Basin,13.992537313432841,5.682311795330416,17.80201376642653
415,Congo Basin,13.96941783049705,6.139368871570478,38.148023478658615
416,Congo Basin,14.036763179328311,0.2615861253952485,10.171253329029632
417,Congo Basin,14.028139323187013,0.2644606982017955,10.171251046084214
418,Congo Basin,14.011610265582833,0.2666166278067075,17.799686308770124
419,Congo Basin,14.063600853123717,1.5896387620173096,83.91377365537093
420,Congo Basin,14.034237055261777,1.598981123638573,33.05707473928671
421,Congo Basin,14.037831706420866,1.6054489124532945,10.171369141153312
422,Congo Basin,14.059511922354924,1.617665846881088,38.14274167471812
423,Congo Basin,14.0524348159509,1.6349132837203366,172.91323597212556
424,Congo Basin,14.013611963190183,1.6341946405186976,25.428478800713457
425,Congo Basin,14.059017598236172,1.6471302181481384,33.05706578789848
426,Congo Basin,14.054816187630813,1.6737200166086394,409.19934677824165
427,Congo Basin,14.061511423550083,1.6974352422626036,328.0271665744456
428,Congo Basin,14.003036356372338,2.1099364400012854,10.171467483421194
429,Congo Basin,14.038778870249327,2.168146539333743,17.9983769206114
430,Congo Basin,14.017055655296215,4.952888945670574,10.172239536118854
431,Congo Basin,14.028709514535105,4.955763518477122,10.172278003304655
432,Congo Basin,14.054249026114585,5.003193969785041,10.172297614115552
433,Congo Basin,14.032110680047449,5.014692261011216,58.49071013590346
434,Congo Basin,14.02212336178912,5.0182854770193845,17.801548712385234
435,Congo Basin,14.02151434022155,5.025471909035742,40.6891301134804
436,Congo Basin,14.062635266203896,5.024034622632466,56.1463029743331
437,Congo Basin,14.01463715721718,5.0420007026733575,66.11989702296373
438,Congo Basin,14.025964665223501,5.062841355520776,25.628983858466732
439,Congo Basin,14.008761859571823,5.068590501133865,58.68879450023866
440,Congo Basin,14.03346052715963,5.077214219553485,47.92194163828656
441,Congo Basin,14.042839735778895,5.079370149158388,10.172277842170109
442,Congo Basin,14.037901926360583,5.082963365166566,17.80153230353965
443,Congo Basin,14.00932157841116,5.507681497333033,10.172516225507508
444,Congo Basin,14.008214738395875,5.523491647769017,10.1724971778194
445,Congo Basin,14.044990693793721,5.550081446229518,384.6079491593492
446,Congo Basin,14.033335353778297,5.577389887891665,168.04479620705345
447,Congo Basin,14.010229247207036,5.577389887891668,53.207801154759785
448,Congo Basin,14.010454057429046,5.586013606311285,17.604011760968422
449,Congo Basin,14.061168655075871,5.596074611134183,497.46151344457286
450,Congo Basin,14.041897670836086,5.603979686352172,10.172529471097725
451,Congo Basin,14.000240702852325,5.611884761570153,68.46688179804221
452,Congo Basin,14.001797262384253,5.618352550384881,10.172530265997805
453,Congo Basin,14.015020219526289,5.629132198409404,309.86680293853516
454,Congo Basin,14.073625342009619,5.630569484812673,2587.92526405093
455,Congo Basin,14.063933155633155,5.706745664186019,512.9200815662914
456,Congo Basin,14.035935255551177,5.716088025807277,10.17256810681979
457,Congo Basin,14.040381343690829,5.720399885017096,10.172575115443076
458,Congo Basin,14.05927245588273,5.724711744226905,10.172582064964605
459,Congo Basin,14.077726495999501,-0.1616947203679375,17.79980488043582
460,Congo Basin,14.070183566852542,1.6018556964451165,17.799926413655218
461,Congo Basin,14.061556404070764,1.604011626050018,25.428440241678576
462,Congo Basin,14.081642434893748,1.6981538854642388,45.771277097544875
463,Congo Basin,14.093371039639553,1.7355233319492793,98.97203551727692
464,Congo Basin,14.079766711363408,1.7369606183525474,96.42930307820042
465,Congo Basin,14.089088287133475,4.663994378613179,25.43047010420298
466,Congo Basin,14.081156865886882,4.664713021814815,17.801333562415454
467,Congo Basin,14.07974353836909,4.915519499185544,10.172226394004378
468,Congo Basin,14.077083984515884,4.924143217605158,10.172261157356004
469,Congo Basin,14.091736060462754,4.936360152032959,55.94724690993774
470,Congo Basin,14.070502801356191,4.986665176147436,17.80152966930135
471,Congo Basin,14.06989419685797,4.996007537768699,10.17224319355617
472,Congo Basin,14.064235846712485,5.00175668338178,10.17223782236492
473,Congo Basin,14.071788130430583,5.011817688204669,10.172330102996
474,Congo Basin,14.076229409642934,5.019004120221021,40.68921057145536
475,Congo Basin,14.085607791270924,5.01972276342266,17.80151053738697
476,Congo Basin,14.08866282889599,5.028346481842288,32.86087279024723
477,Congo Basin,14.061213847326442,5.563735667060593,53.40574521759235
478,Congo Basin,14.072564468764535,5.615477977578333,25.431419097039978
479,Congo Basin,14.074032466438258,5.677281292918973,25.4314603460503
480,Congo Basin,14.090033702455468,5.683030438532052,25.431429641469208
481,Congo Basin,14.095924377502628,5.688060940943501,27.97463330815112
482,Congo Basin,14.09565461621796,5.705308377782752,17.802034523698882
483,Congo Basin,14.089380722717532,5.71321345300073,30.517812656895455
484,Congo Basin,14.085160337688198,5.720399885017096,30.517766151930026
485,Congo Basin,14.0737174085755,5.724711744226905,50.86295803809935
486,Congo Basin,14.061664887768941,5.731179533041621,17.80210811105332
487,Congo Basin,14.112402636309145,-1.770736848829407,10.171421304460745
488,Congo Basin,14.140249453023948,-0.189721805231719,10.171302227078964
489,Congo Basin,14.119408467349134,0.223498035708583,17.799742069991694
490,Congo Basin,14.110784611207835,0.233559040531477,33.05664129847975
491,Congo Basin,14.131625596882653,0.257274266185442,185.62544620059737
492,Congo Basin,14.116533848635372,0.269491200613241,99.16961392946794
493,Congo Basin,14.10359806442341,0.27380305982305453,38.14216790999017
494,Congo Basin,14.105100019173001,1.7534894119901674,25.428578877091418
495,Congo Basin,14.114785137369884,1.8059503657095446,17.799939254510463
496,Congo Basin,14.134424107820521,1.8397265961864036,25.42842649118619
497,Congo Basin,14.146400076900903,4.577757194416936,200.4993962891079
498,Congo Basin,14.134879962075065,4.614407997700347,223.58689065550598
499,Congo Basin,14.147646705387537,4.639560509757581,30.51641055540447
500,Congo Basin,14.11686948719386,4.6503401577821055,17.801259840988397
501,Congo Basin,14.101841021614796,4.657526589798461,48.31762703284678
502,Congo Basin,14.142383150605898,4.907614423967553,101.52291787845495
503,Congo Basin,14.10631852279285,4.9061771375642795,17.801496284701198
504,Congo Basin,14.129399884593202,4.909051710370828,33.059783041217656
505,Congo Basin,14.125780517325701,5.006787185793225,17.801568343204817
506,Congo Basin,14.124450928211854,5.013973617809581,33.05990590662486
507,Congo Basin,14.14794863161945,5.068590501133865,203.84661593361685
508,Congo Basin,14.106825068539283,5.067153214730591,17.801528840356895
509,Congo Basin,14.120759315077292,5.077214219553481,114.83748887265344
510,Congo Basin,14.146845915201624,5.085119294771468,10.172271024082765
511,Congo Basin,14.121820411893445,5.090868440384563,25.430864125313633
512,Congo Basin,14.147084770230174,5.349579992973265,78.43662225768908
513,Congo Basin,14.120988446726585,5.588169535916188,10.172552360702282
514,Congo Basin,14.105937948796122,5.594637324730907,27.974426850927696
515,Congo Basin,14.11594797123205,5.619789836788147,45.77646803646973
516,Congo Basin,14.154179466592003,5.645660992047016,157.47479201507022
517,Congo Basin,14.14630825564412,5.6815931521287855,594.8963508198578
518,Congo Basin,14.105695623565651,5.675125363314059,122.27020004629665
519,Congo Basin,14.144693553305189,5.670094860902619,10.172625912288048
520,Congo Basin,14.103146390197312,5.6844677249353275,20.3452476831534
521,Congo Basin,14.142145258748657,5.687342297741861,10.172574372927434
522,Congo Basin,14.102480762848092,5.68949822734677,17.60276358769585
523,Congo Basin,14.13104361433216,5.703871091379481,35.40442670101128
524,Congo Basin,14.119601328903649,5.706745664186019,35.60412509686826
525,Congo Basin,14.117774514288477,5.723993101025267,99.18271924042408
526,Congo Basin,14.166847237269796,5.752738829090677,877.9872751764254
527,Congo Basin,14.141897369625056,5.849037018109814,63.379248127377686
528,Congo Basin,14.12073575104575,5.984860583218884,25.431795650730837
529,Congo Basin,14.122521075873127,5.996358874445045,10.172743710406284
530,Congo Basin,14.186243352444244,0.17822351400556,10.171308606000236
531,Congo Basin,14.191273935193324,0.20050145325625351,81.37041264221396
532,Congo Basin,14.15605985594966,0.25152512057236454,10.171261110453628
533,Congo Basin,14.192058800031973,1.8512248874125672,292.6286179204627
534,Congo Basin,14.180323929446818,4.540387747931913,10.1721275026784
535,Congo Basin,14.166019176392382,4.549730109553167,167.4392097177966
536,Congo Basin,14.177173617007632,4.564102973585871,99.17805048360249
537,Congo Basin,14.175845302274157,4.572726692005498,25.229994135899062
538,Congo Basin,14.176600653720438,4.644591012169029,45.574261338192294
539,Congo Basin,14.18510002483595,4.672618097032803,167.84085712255234
540,Congo Basin,14.1777759974363,4.664713021814815,17.801333563080995
541,Congo Basin,14.18285833326658,4.738733271583254,180.35582623205738
542,Congo Basin,14.152617782160092,5.082244721964935,10.172315221205109
543,Congo Basin,14.170882067644165,5.090868440384563,32.85985864886056
544,Congo Basin,14.179955263727543,5.143329394103937,83.92185804648457
545,Congo Basin,14.18861389710657,5.145485323708835,10.172315723416595
546,Congo Basin,14.187320092689863,5.2130377846625615,1463.6188699574311
547,Congo Basin,14.185308125270598,5.187166629403688,10.172398430065693
548,Congo Basin,14.17349540563511,5.208007282251112,17.80169481705107
549,Congo Basin,14.171444149554606,5.213037784662557,10.17239932138721
550,Congo Basin,14.196965565909117,5.288495320834268,76.29310129778814
551,Congo Basin,14.18858936038911,5.301430898463702,71.20685430685587
552,Congo Basin,14.168283959131971,5.328020696924209,10.172442280973549
553,Congo Basin,14.16085683340691,5.564454310262228,167.4466929190543
554,Congo Basin,14.179096095060046,5.602542399948897,10.172553843111189
555,Congo Basin,14.180881621387408,5.618352550384881,10.172530266076349
556,Congo Basin,14.182667233673804,5.63056948481267,109.35492084616462
557,Congo Basin,14.195665604865574,5.6291321984094065,58.49221130765761
558,Congo Basin,14.172591439438918,5.694528729758213,10.172532225702007
559,Congo Basin,14.180041086216875,5.698840588968036,10.17262114659709
560,Congo Basin,14.185818835462555,5.701715161774569,10.17257155124073
561,Congo Basin,14.165596713102673,5.701715161774569,10.172571551057633
562,Congo Basin,14.168599285800273,5.704589734581116,10.172603566031086
563,Congo Basin,14.183271408280032,5.71321345300073,10.172617825188206
564,Congo Basin,14.166392475663883,5.734772749049791,38.14720222905665
565,Congo Basin,14.163730769539407,5.7419591810661466,10.172609314394338
566,Congo Basin,14.179239831787111,5.754176115493944,43.233686302472776
567,Congo Basin,14.17577654707441,5.818135360439493,10.172664500699
568,Congo Basin,14.175890327396495,5.823884506052574,10.172644848141031
569,Congo Basin,14.163188312730783,5.863409882142515,17.8021909345637
570,Congo Basin,14.156913740788898,5.872752243763779,10.172677889006891
571,Congo Basin,14.157238411074633,6.057443546584047,48.320452158769854
572,Congo Basin,14.163304139059793,6.065348621802041,35.60462479556944
573,Congo Basin,14.170758649138609,6.073972340221662,63.98029209256143
574,Congo Basin,14.23859144807761,0.1286371330927195,17.799688073556883
575,Congo Basin,14.227811713977722,0.13797949471398252,25.42812209047092
576,Congo Basin,14.20349106472684,0.1904404484333565,129.68410840912108
577,Congo Basin,14.232872490542237,1.8260723753553305,25.227426133828224
578,Congo Basin,14.225739188789763,1.8375706665814944,61.02831039035111
579,Congo Basin,14.213629463929081,1.8454757417994836,10.171419960194214
580,Congo Basin,14.23603288354145,1.8634418218403637,114.42823427742373
581,Congo Basin,14.233270484468887,1.8749401130665315,17.79998000316988
582,Congo Basin,14.227518215518343,1.8749401130665315,17.79998000273811
583,Congo Basin,14.194021242850956,4.543980963940082,17.801136799464228
584,Congo Basin,14.197359778272634,4.564102973585871,17.801222466404045
585,Congo Basin,14.223997052037946,4.598597847264365,25.63125458158526
586,Congo Basin,14.218571005135047,4.618719856910157,17.801179394836577
587,Congo Basin,14.228741728220989,4.655370660193551,10.172159222402861
588,Congo Basin,14.20062168527986,4.658963876201734,25.229691036872502
589,Congo Basin,14.237129260202865,4.677648599444249,17.80129914771917
590,Congo Basin,14.19589299813001,4.847248395030188,58.289659136499544
591,Congo Basin,14.20388341734315,4.847967038231825,10.17224524530778
592,Congo Basin,14.226851221056497,4.944265227250947,25.43071761554996
593,Congo Basin,14.204830577088007,5.0614040691175095,17.80154022689074
594,Congo Basin,14.216792130642876,5.113865022836885,10.1723169816576
595,Congo Basin,14.238058588676711,5.128956530071231,208.73376842559193
596,Congo Basin,14.220969759163662,5.139017534894118,91.35017168434696
597,Congo Basin,14.239958309949493,5.147641253313749,93.691806895817
598,Congo Basin,14.22769181431893,5.149797182918658,10.17233014739321
599,Congo Basin,14.235249785531597,5.1656073333546235,10.172328182431734
600,Congo Basin,14.226704937222383,5.168481906161171,58.290042759631866
601,Congo Basin,14.212387251954276,5.1742310517742505,10.172356449938638
602,Congo Basin,14.236391189653396,5.2180682870740025,1167.681688520959
603,Congo Basin,14.222831577428185,5.187166629403688,10.172398429301344
604,Congo Basin,14.21967959717121,5.208007282251112,17.801694817852137
605,Congo Basin,14.229631233311693,5.236753010316522,27.974051892016043
606,Congo Basin,14.22264275003808,5.243220799131246,10.172411400574614
607,Congo Basin,14.239962793979675,5.2460953719377805,25.229808402064656
608,Congo Basin,14.22420014433488,5.25112587434923,43.232710276180526
609,Congo Basin,14.194839144240952,5.259749592768858,33.461377589924055
610,Congo Basin,14.235481853319008,5.271247883995026,17.801653699804877
611,Congo Basin,14.20889298745039,5.274841100003195,10.17239780072276
612,Congo Basin,14.220440238963967,5.277715672809743,10.172351920774481
613,Congo Basin,14.214115874421562,5.281308888817916,32.85953031974174
614,Congo Basin,14.227885455843076,5.2863393912293555,45.77583041408006
615,Congo Basin,14.22594846873724,5.2971190392538965,17.801643763904295
616,Congo Basin,14.202967121090602,5.299993612060429,17.8017058896947
617,Congo Basin,14.208740978348025,5.299993612060429,17.801705888270504
618,Congo Basin,14.218959253883341,5.305742757673509,17.801687253032632
619,Congo Basin,14.203802757038943,5.306461400875145,10.172381179912115
620,Congo Basin,14.21557856243534,5.315085119294773,10.172405788761662
621,Congo Basin,14.228076506676285,5.322990194512765,33.06043567113986
622,Congo Basin,14.23601587874413,5.325146124117662,25.431028696259887
623,Congo Basin,14.217250090220137,5.325146124117662,10.172407023063982
624,Congo Basin,14.22541762568871,5.334488485738926,32.65839986203224
625,Congo Basin,14.229808247821417,5.43006803155642,25.230070605960915
626,Congo Basin,14.210488321355228,5.437973106774417,17.80178146307592
627,Congo Basin,14.204712281292881,5.529240793382098,10.172482645757993
628,Congo Basin,14.253700806354562,5.611884761570155,337.6334984189622
629,Congo Basin,14.209329076348464,5.629132198409404,96.4385162173869
630,Congo Basin,14.23644766826073,5.646379635248652,263.88332589318424
631,Congo Basin,14.218584496870482,5.681593152128785,81.58158612674231
632,Congo Basin,14.229474511976456,5.683749081733692,43.03240794824736
633,Congo Basin,14.21839513999791,5.730460889839986,10.172645672170038
634,Congo Basin,14.212084975240938,5.769267622728288,10.172623409763638
635,Congo Basin,14.207865168539335,5.773579481938096,10.17262972629552
636,Congo Basin,14.205203935857721,5.782203200357724,10.172642193318522
637,Congo Basin,14.227101993643451,5.792264205180619,25.431573083295582
638,Congo Basin,14.225163330497445,5.800169280398616,17.802144209065364
639,Congo Basin,14.225999855529608,5.80519978281006,10.172647120836134
640,Congo Basin,14.22069711414127,5.85334887731962,37.946534611716274
641,Congo Basin,14.210754448912743,5.859816666134346,47.91860781185912
642,Congo Basin,14.24074739489759,0.0718643201635355,10.171267490450223
643,Congo Basin,14.267337405677335,0.086955827397871,66.11321607779327
644,Congo Basin,14.252964426877465,0.11857612826983199,231.39602902303847
645,Congo Basin,14.267337405677335,0.1315117058992635,33.05656742587696
646,Congo Basin,14.254515546896217,0.1616947203679455,183.28424344342403
647,Congo Basin,14.263025512037384,0.143728640327062,58.484649841237406
648,Congo Basin,14.2578671119171,1.8016385064997276,61.02851441576512
649,Congo Basin,14.248633879781439,1.8203232297422456,17.799943890506043
650,Congo Basin,14.269599188310409,1.8289469481618774,210.85482375939432
651,Congo Basin,14.245380245907533,1.8670350378485496,25.42845131068626
652,Congo Basin,14.259155694746282,1.8720655402599884,119.51428195633441
653,Congo Basin,14.248370190464023,1.882845188284514,40.68548457467299
654,Congo Basin,14.242368399967944,4.725079050752181,17.801260473977965
655,Congo Basin,14.248365489391713,4.736577341978342,27.97339161289645
656,Congo Basin,14.248536726427453,4.743763773994694,25.229108441589908
657,Congo Basin,14.251213922853808,4.764604426842123,10.172233908997184
658,Congo Basin,14.254933854696668,4.7732281452617515,25.43047770858955
659,Congo Basin,14.249885818222587,4.7746654316650226,10.17217034178359
660,Congo Basin,14.245787225859178,4.7847264364879125,10.172187974251992
661,Congo Basin,14.260667494691313,4.805567089335339,40.688742050430946
662,Congo Basin,14.255240720559001,4.820658596569681,40.68896589015086
663,Congo Basin,14.244822230788147,4.8414992494171,164.6948563627423
664,Congo Basin,14.253876667868742,4.861621259062889,17.80136374578239
665,Congo Basin,14.255661874308789,4.877431409498871,127.15296339380293
666,Congo Basin,14.256725891375947,4.893960203136485,88.80553328993766
667,Congo Basin,14.268675371194966,5.011099045003038,17.599934765528165
668,Congo Basin,14.255032588566344,5.113146379635249,17.801574165013978
669,Congo Basin,14.264205385322438,5.137580248490852,32.85851007195386
670,Congo Basin,14.255946892863722,5.156264971733374,17.80154407022794
671,Congo Basin,14.262555320377142,5.158420901338271,10.172358825238703
672,Congo Basin,14.251010198191263,5.158420901338271,10.172358826076826
673,Congo Basin,14.251124455811489,5.1641700469513525,10.172350632873815
674,Congo Basin,14.27470756600309,5.156264971733374,216.16229138917467
675,Congo Basin,14.253403460385158,5.168481906161171,40.890858127975754
676,Congo Basin,14.245808712106026,5.182136126992236,61.03411497500533
677,Congo Basin,14.261190978263489,5.195790347823316,212.81361032430394
678,Congo Basin,14.259519094312992,5.185010699798776,17.801613705369274
679,Congo Basin,14.256025400490678,5.191478488613507,10.172330752688843
680,Congo Basin,14.252874484837777,5.209444568654386,17.801655189868224
681,Congo Basin,14.260926738135161,5.217349643872376,30.517034678544967
682,Congo Basin,14.270594028329786,5.22669200549363,114.23762503897213
683,Congo Basin,14.255382271579201,5.221661503082185,10.172426356465682
684,Congo Basin,14.250523226442773,5.263342808777034,25.431055756084593
685,Congo Basin,14.24847240710151,5.269810597591753,17.80169380110217
686,Congo Basin,14.256525399943857,5.273403813599924,10.172420731553567
687,Congo Basin,14.267201283079384,5.300712255262065,10.172391842786473
688,Congo Basin,14.240232244819413,5.317959692101315,20.344882262115448
689,Congo Basin,14.249849608983371,5.424318885943345,53.4053342528889
690,Congo Basin,14.24274507916649,5.425756172346606,10.172484143211973
691,Congo Basin,14.259634327905255,5.439410393177684,25.632626425874346
692,Congo Basin,14.26392477173163,5.618352550384881,78.8371125384053
693,Congo Basin,14.242531235204897,5.6880609409434975,17.801983503539756
694,Congo Basin,14.260923318006817,5.8447251589,18.003615283513344
695,Congo Basin,14.2516104348292,5.87634545977195,17.600789378157863
696,Congo Basin,14.279728362953323,5.872752243763772,215.1605611330785
697,Congo Basin,14.252504495247873,5.881375962183407,10.172687774339824
698,Congo Basin,14.305425799496955,0.06324060174391499,30.513808529146377
699,Congo Basin,14.29823931009701,0.0718643201635355,10.17126749101123
700,Congo Basin,14.299676607977002,0.0761761793733455,10.171266527793163
701,Congo Basin,14.301113905856987,0.0804880385831635,10.171265510421748
702,Congo Basin,14.290334171757106,0.0812066817847945,17.79971433464969
703,Congo Basin,14.279554437657222,0.0847998977929735,10.171264433445097
704,Congo Basin,14.289615522817108,0.0862371841962435,10.171264063752478
705,Congo Basin,14.304707150556961,0.08839311380114151,27.97097102809306
706,Congo Basin,14.318361480416819,0.0977354754224045,73.74162059914973
707,Congo Basin,14.273805246137268,0.10204733463221449,10.171259575344523
708,Congo Basin,14.271649299317286,0.117138841866561,104.25536502593403
709,Congo Basin,14.30614444843695,0.10995240985020399,17.799699833091033
710,Congo Basin,14.288178224937123,0.1422913539237925,10.171244750865522
711,Congo Basin,14.314768235716851,0.1473218563352415,17.799674467004113
712,Congo Basin,14.331411597489517,0.159538790763048,10.171318120138869
713,Congo Basin,14.277394305435736,1.8131367977258985,17.800012807507894
714,Congo Basin,14.327006039689415,1.821041872943877,10.171392563576914
715,Congo Basin,14.342824273799273,1.8246350889520566,33.05697817738475
716,Congo Basin,14.329996564699506,1.826791018556969,25.226085846267104
717,Congo Basin,14.323525417229252,1.83038423456514,17.799989148397593
718,Congo Basin,14.337086930753348,4.448401418122582,10.172073411979149
719,Congo Basin,14.31175905158604,4.553323325561346,10.172112691435162
720,Congo Basin,14.287556776762186,4.60650292248236,50.86056815432571
721,Congo Basin,14.28033505538179,4.674774026637705,61.43646322584502
722,Congo Basin,14.277622439251068,4.681960458654056,17.8013350186536
723,Congo Basin,14.300810793488015,4.6905841770736885,32.85753878976123
724,Congo Basin,14.31034759058349,4.764604426842123,25.43055334744006
725,Congo Basin,14.331318142093043,4.769634929253573,63.77875023523555
726,Congo Basin,14.325950736390013,4.791194225302628,17.801307754347473
727,Congo Basin,14.287740725602848,4.891804273531572,17.801440868355883
728,Congo Basin,14.276921597384172,4.891085630329936,10.172262554892193
729,Congo Basin,14.302166229894457,4.893241559934846,17.80140365970086
730,Congo Basin,14.32714886796236,4.913363569580635,104.26564693129751
731,Congo Basin,14.332657428408826,4.93492286562969,28.176141183953256
732,Congo Basin,14.329886992065397,4.939953368041142,10.17226995641619
733,Congo Basin,14.33421495551815,4.941390654444413,10.172248483064825
734,Congo Basin,14.336493840617456,4.944983870452584,17.801483530746154
735,Congo Basin,14.338772762246716,4.952888945670574,33.059823394779094
736,Congo Basin,14.340445313627127,4.961512664090197,63.576631550417744
737,Congo Basin,14.350889286086417,4.979478744131079,195.81642805195864
738,Congo Basin,14.332446254228328,5.024034622632466,17.801538635167738
739,Congo Basin,14.341103291277248,5.024034622632466,32.857316079326566
740,Congo Basin,14.311721417921209,5.064278641924043,17.801605904800496
741,Congo Basin,14.29532299700171,5.106678590820531,73.74925119804834
742,Congo Basin,14.285828810556463,5.102366731610724,10.17233151577073
743,Congo Basin,14.281614263496298,5.10955316362708,10.172302090074215
744,Congo Basin,14.284007824525407,5.11889552524833,17.801561203461013
745,Congo Basin,14.28429412395978,5.131831102877771,91.5509277762359
746,Congo Basin,14.30573483311819,5.155546328531738,10.17232210545135
747,Congo Basin,14.283102826217664,5.177105624580799,30.516975114791766
748,Congo Basin,14.312860037974371,5.18069884058897,17.599444217460018
749,Congo Basin,14.315918602973012,5.189322559008597,17.80163804452275
750,Congo Basin,14.278245948828175,5.213037784662557,10.172399321794805
751,Congo Basin,14.28136150422965,5.224536075888723,20.34476187752778
752,Congo Basin,14.291579133056452,5.228847935098537,10.172394339131165
753,Congo Basin,14.281476017127197,5.231722507905085,56.149731467137244
754,Congo Basin,14.291693728801334,5.234597080711618,10.172384923903213
755,Congo Basin,14.322118160241182,5.240346226324698,25.43094939292375
756,Congo Basin,14.29114395180998,5.241064869526336,17.599798262246107
757,Congo Basin,14.2738812133653,5.245376728736143,17.801660099061447
758,Congo Basin,14.284820784219399,5.247532658341054,10.172424554193732
759,Congo Basin,14.271945088165257,5.254719090357407,10.172391973604666
760,Congo Basin,14.286378689589373,5.257593663163954,10.172346270329918
761,Congo Basin,14.33279607399745,5.266217381583568,10.172372145395679
762,Congo Basin,14.340242973417254,5.274122456801562,238.84864996451535
763,Congo Basin,14.296940780241364,5.274841100003199,38.34843842437704
764,Congo Basin,14.268072651457434,5.274122456801562,35.40177720699006
765,Congo Basin,14.320871824480374,5.27987160241464,17.8016983633949
766,Congo Basin,14.331205594136428,5.291369893640801,17.80166213956718
767,Congo Basin,14.335503945595708,5.3165224056980485,10.172464252955807
768,Congo Basin,14.322856936636388,5.335207128940562,10.17240794978159
769,Congo Basin,14.336423713589117,5.357485068191255,28.176726670981775
770,Congo Basin,14.328483895803947,5.360359640997795,17.80171563187734
771,Congo Basin,14.311390212213087,5.368983359417423,17.801756245534243
772,Congo Basin,14.309158284806777,5.425756172346606,10.172484142070333
773,Congo Basin,14.31005232866797,5.433661247564596,17.59965545640953
774,Congo Basin,14.300839810380907,5.443722252387494,101.72446416159072
775,Congo Basin,14.281210137428069,5.555830591842603,17.801921106455623
776,Congo Basin,14.278058134030797,5.574515315085115,58.6938265370633
777,Congo Basin,14.291055253804876,5.575233958286756,30.51757802640999
778,Congo Basin,14.285278756127507,5.576671244690027,10.172501759336624
779,Congo Basin,14.31329129158043,5.597511897537454,307.11299740577255
780,Congo Basin,14.321956385692975,5.598230540739092,10.172545302540229
781,Congo Basin,14.330736458675986,5.602542399948897,20.34510768476108
782,Congo Basin,14.29630521121675,5.612603404771786,10.17254634580915
783,Congo Basin,14.308112649492198,5.652128780861733,18.004144304491284
784,Congo Basin,14.300226277020847,5.655721996869911,10.172545736774882
785,Congo Basin,14.293144549591833,5.83107093806893,10.172681377893724
786,Congo Basin,14.329001549168009,5.84975566131145,200.30289597738584
787,Congo Basin,14.311778587596937,5.854786163722887,17.80217281256795
788,Congo Basin,14.30672167728886,5.855504806924523,10.172657443549635
789,Congo Basin,14.29547333691893,5.895030183014465,27.974912026668857
790,Congo Basin,14.302698016424129,5.895030183014468,25.63384289504146
791,Congo Basin,14.28463631766116,5.895748826216101,10.17267653188548
792,Congo Basin,14.320382114473773,5.909403047047174,17.802185664461952
793,Congo Basin,14.326219508888492,5.910840333450448,18.004623544811427
794,Congo Basin,14.311104688967568,5.91587083586189,10.172643413605257
795,Congo Basin,14.341564446727872,5.918026765466801,165.10355692779135
796,Congo Basin,14.310119214867722,5.930962343096233,127.3610137896162
797,Congo Basin,14.292056356119266,5.9323996294995105,17.802178839649148
798,Congo Basin,14.304568772428388,5.937430131910954,10.172746568046644
799,Congo Basin,14.321416815857269,5.9482097799354845,17.80225291964289
800,Congo Basin,14.3120238276828,5.947491136733854,10.172728894593572
801,Congo Basin,14.327919653824218,5.947491136733854,33.06131367520894
802,Congo Basin,14.32138412749389,5.976236864799256,10.17270004766933
803,Congo Basin,14.27955487041142,6.006419879267945,43.032370562796025
804,Congo Basin,14.292413062155266,6.026541888913737,10.172766076717371
805,Congo Basin,14.362917714696376,0.07905075217989249,10.171265855753697
806,Congo Basin,14.381658175081055,0.8214091794691625,259.36862058784897
807,Congo Basin,14.352171412136913,1.823197802548786,17.79991624586809
808,Congo Basin,14.365489957395033,4.390191318790126,17.80106331637865
809,Congo Basin,14.362779440022766,4.398815037209753,17.598161704950456
810,Congo Basin,14.35124225094911,4.472116643776555,17.8011393223095
811,Congo Basin,14.35291384999841,4.483614935002716,121.86191362637105
812,Congo Basin,14.368742290501896,4.521703024689396,10.172057471728653
813,Congo Basin,14.3544970118142,4.528889456705743,40.89116310666762
814,Congo Basin,14.377234182389447,4.961512664090202,25.430683317865427
815,Congo Basin,14.352708269881223,4.9629499504934635,25.43062940057282
816,Congo Basin,14.357872800865604,4.967261809703283,10.172268554858576
817,Congo Basin,14.383841622249815,4.967261809703283,30.516805667413678
818,Congo Basin,14.366153155608288,4.983071960139258,355.62420987337646
819,Congo Basin,14.35689037439584,4.988821105752347,10.172270152448533
820,Congo Basin,14.376337621738628,5.02044140662429,539.7404596726608
821,Congo Basin,14.35002164189873,5.003193969785041,25.430733934964152
822,Congo Basin,14.350251691301409,5.013254974607941,10.172308314670268
823,Congo Basin,14.361245466126043,5.022597336229195,136.92001651577746
824,Congo Basin,14.344537904829245,5.016129547414483,20.344610978382757
825,Congo Basin,14.36081185071181,5.034814270657005,10.172306919392184
826,Congo Basin,14.367419900441693,5.039844773068449,27.973843122115643
827,Congo Basin,14.372519304322736,5.234597080711618,10.172384923855894
828,Congo Basin,14.378292559717124,5.237471653518165,10.172339397925573
829,Congo Basin,14.380081789752246,5.247532658341054,10.172424554649586
830,Congo Basin,14.373586721193176,5.251125874349233,129.49489746223512
831,Congo Basin,14.354216616282708,5.256156376760682,10.172369125850755
832,Congo Basin,14.360220356515676,5.266936024785203,58.49126002812436
833,Congo Basin,14.404965238519093,5.261905522373761,919.9915638750668
834,Congo Basin,14.364896073903012,5.280590245616276,10.17238758672413
835,Congo Basin,14.35923754841502,5.2863393912293555,10.17237727418995
836,Congo Basin,14.367898125947246,5.2863393912293555,10.172377274405221
837,Congo Basin,14.366569902647914,5.290651250439165,10.172389869148526
838,Congo Basin,14.367406837154487,5.294963109648984,40.68958888903971
839,Congo Basin,14.3432132030987,5.3086173304800575,17.801749247566196
840,Congo Basin,14.38025277474819,5.319396978504582,30.517254021513242
841,Congo Basin,14.350713409205731,5.383356223450124,56.35394534326438
842,Congo Basin,14.35853838503736,5.38120029384522,10.17239664480192
843,Congo Basin,14.347334397382145,5.392698585071381,10.172454011612677
844,Congo Basin,14.348438355194546,5.646379635248652,18.004743549486083
845,Congo Basin,14.349129172029432,5.675125363314063,307.72025480065076
846,Congo Basin,14.354441350420908,5.716088025807275,187.78731283835745
847,Congo Basin,14.37249725149061,5.716088025807277,25.431432676762302
848,Congo Basin,14.378505910393148,5.722555814622001,43.23348337859502
849,Congo Basin,14.370558224580202,5.7814845571560936,17.59903809917051
850,Congo Basin,14.381361374217365,5.864847168545786,43.23387170040092
851,Congo Basin,14.38026280934681,5.877782746175224,109.35624024913076
852,Congo Basin,14.370118245819683,5.907247117442276,33.06110916881621
853,Congo Basin,14.366475334162853,5.9316809862978666,35.401503568616
854,Congo Basin,14.369161965029257,5.951084352742022,40.48780963289638
855,Congo Basin,14.36005716212528,5.96042671436329,81.38177906595433
856,Congo Basin,14.371964192525406,5.974799578395984,53.40673055120246
857,Congo Basin,14.367194548041644,5.9855792264205245,25.22884447586705
858,Congo Basin,14.374101759146981,6.001389376856501,37.94460001848565
859,Congo Basin,14.380662963526493,6.00282666325977,25.635051597328737
860,Congo Basin,14.364850259419846,6.035165607333356,25.228889954207936
861,Congo Basin,14.366115742302313,6.137212941965567,10.172770100117251
862,Congo Basin,14.397412863816037,0.1264812034878215,25.42813359125163
863,Congo Basin,14.408192597915924,0.1343862787057995,17.799684082664353
864,Congo Basin,14.389593381671817,0.6050975757769346,10.17129177357796
865,Congo Basin,14.421303136055453,0.8501549075345836,17.799814616343937
866,Congo Basin,14.384084957112993,4.418218403653906,40.48500521202767
867,Congo Basin,14.409428008521393,4.42540483567026,25.43013974576394
868,Congo Basin,14.417472229118765,4.428998051678432,38.145275734960315
869,Congo Basin,14.415050818135962,4.450557347727495,463.44084941312605
870,Congo Basin,14.417703169174843,4.442652272509502,10.172069183485707
871,Congo Basin,14.389764322908752,4.450557347727495,104.46725278757567
872,Congo Basin,14.414676341967418,4.469242070970007,17.801207293027286
873,Congo Basin,14.41683886779759,4.476428502986359,27.973144915392016
874,Congo Basin,14.409174326631033,4.870963620684147,10.172233436714905
875,Congo Basin,14.40049051570613,4.970855025711461,17.59799479176625
876,Congo Basin,14.394055977685895,4.971573668913091,10.172285293453543
877,Congo Basin,14.397172215899095,4.980197387332717,56.15095340849422
878,Congo Basin,14.38346611949153,4.980916030534355,17.80153860918785
879,Congo Basin,14.385024166205788,4.988102462550709,17.80149173601962
880,Congo Basin,14.401009939083043,4.992414321760516,134.37563707010858
881,Congo Basin,14.394199875617865,5.011099045003038,63.37353890882213
882,Congo Basin,14.420088834725721,5.171356478967718,10.172319865208953
883,Congo Basin,14.400346370327615,5.18788527260532,68.45999878075119
884,Congo Basin,14.408486617380582,5.228847935098537,30.51718300996804
885,Congo Basin,14.414981477620795,5.229566578300175,17.80167019880886
886,Congo Basin,14.40666821691751,5.243939442332876,17.801699999931113
887,Congo Basin,14.387298532595626,5.248969944744326,45.77578723535311
888,Congo Basin,14.393158143749542,5.2856207480277195,33.06029518887396
889,Congo Basin,14.398441071041955,5.292807180044077,76.29300175284656
890,Congo Basin,14.39361983656643,5.305742757673509,17.80168725154027
891,Congo Basin,14.388683058268775,5.3093359736816925,10.172416601903185
892,Congo Basin,14.410450933061739,5.315085119294773,53.20157329733942
893,Congo Basin,14.411461603729489,5.327302053722569,25.22742086885274
894,Congo Basin,14.396765420808173,5.527803506978822,10.17250669169795
895,Congo Basin,14.384630200308173,5.737647321856338,10.172602585013111
896,Congo Basin,14.408061059880106,5.778609984349549,56.153009414376655
897,Congo Basin,14.389627275353941,5.7929828483822545,114.8486504168729
898,Congo Basin,14.416469360728748,5.796576064390433,10.172635254677656
899,Congo Basin,14.420138922227038,5.798731993995343,17.598379620066453
900,Congo Basin,14.403698442127588,5.806637069213332,10.172621861337216
901,Congo Basin,14.404883256146215,5.823165862850942,79.04148753367302
902,Congo Basin,14.389279728905542,5.836101440480375,25.22828107084503
903,Congo Basin,14.388354657976283,5.85478616372289,25.635005011443912
904,Congo Basin,14.38950968114824,5.897904755821013,68.66562532435697
905,Congo Basin,14.396357913669071,6.025104602510462,30.518172688865143
906,Congo Basin,14.38658754948171,6.035165607333351,25.431902512510185
907,Congo Basin,14.383812429741464,6.03947746654317,10.172774819135677
908,Congo Basin,14.414279864138939,6.046663898559526,10.17272500474435
909,Congo Basin,14.42196972738589,6.061036762592225,155.54196144994893
910,Congo Basin,14.4015031677333,6.057443546584047,134.99229479301053
911,Congo Basin,14.412546475118251,6.086189274649467,282.9054359676262
912,Congo Basin,14.403873796465081,6.0869079178511045,10.17280256242623
913,Congo Basin,14.391587501706452,6.090501133859277,50.863713831924066
914,Congo Basin,14.38459129345441,6.096250279472353,17.80238881575932
915,Congo Basin,14.405608421805551,6.099843495480531,60.832998918352104
916,Congo Basin,14.408672957237513,6.1084672139001635,10.172731233928188
917,Congo Basin,14.400954040619002,6.1149350027148754,48.11725593324451
918,Congo Basin,14.396125954658238,6.124277364336134,10.172765173683064
919,Congo Basin,14.395576582157467,6.129307866747584,27.771794552362408
920,Congo Basin,14.392136076711793,6.137212941965567,10.172770099711592
921,Congo Basin,14.415873861562787,6.183924750071863,17.598785734263235
922,Congo Basin,14.420991759433285,6.186080679676772,35.60490083054372
923,Congo Basin,14.405783132530114,6.2119518349356415,10.1728431543415
924,Congo Basin,14.41035197352568,6.222012839758531,10.172817133307197
925,Congo Basin,14.421658875126507,6.237104346992875,17.802503661256715
926,Congo Basin,14.470715055695301,0.1264812034878215,10.17125115598307
927,Congo Basin,14.430416137610496,0.804161742629911,71.19890981546162
928,Congo Basin,14.45197767183345,0.802005813025013,10.17128013026727
929,Congo Basin,14.442749676574405,0.8099108882430055,17.799848753492142
930,Congo Basin,14.426219034993848,0.8149413906544505,30.513989457825257
931,Congo Basin,14.442030953027425,0.8242837522757069,211.05468076049223
932,Congo Basin,14.45424925332608,0.8170973202593526,17.799817901306444
933,Congo Basin,14.46359265943684,0.8321888274936965,66.11337055146194
934,Congo Basin,14.439271368220979,0.84081254591332,10.171346459409321
935,Congo Basin,14.448614848947042,0.8429684755182221,17.799846722751
936,Congo Basin,14.42345932391531,0.8451244051231235,10.171335498158822
937,Congo Basin,14.426334241061802,0.8609345555591086,25.428240382045065
938,Congo Basin,14.43639645107448,0.8695582739787364,10.17127232640302
939,Congo Basin,14.42932438907522,0.8760260627934495,33.0568530760267
940,Congo Basin,14.42694851883809,1.8131367977258985,17.80001280876919
941,Congo Basin,14.441328731665239,1.8239164457504247,71.19968824220956
942,Congo Basin,14.426958193176345,4.436184483694784,17.801130356191692
943,Congo Basin,14.446767101564195,4.451994634130761,173.33332046600523
944,Congo Basin,14.423585192779004,4.445526845316049,10.172112043767761
945,Congo Basin,14.434139074438942,4.469960714171643,10.172108746633386
946,Congo Basin,14.428487901772492,4.478584432591271,10.172073605378827
947,Congo Basin,14.449465208508595,4.696333322686764,17.80126372032758
948,Congo Basin,14.425041872691,4.872400907087419,10.172212263769321
949,Congo Basin,14.435578583224508,4.99097703535725,38.3499872710119
950,Congo Basin,14.465934594421274,4.995288894567064,38.145977942557074
951,Congo Basin,14.448015774413086,5.00175668338178,10.172237822136816
952,Congo Basin,14.452923353159026,5.028346481842288,325.51317000275003
953,Congo Basin,14.455151073023323,5.091587083586194,17.801585526149836
954,Congo Basin,14.454145320730198,5.141892107700661,58.49096192020032
955,Congo Basin,14.482401988294704,5.148359896515384,132.24057672765022
956,Congo Basin,14.449441985761007,5.159139544539907,17.801608319622282
957,Congo Basin,14.459659897215523,5.1648886901529885,33.06013398527842
958,Congo Basin,14.448952103009784,5.167044619757899,43.232556517359534
959,Congo Basin,14.42808406417727,5.172075122169349,17.597767687703858
960,Congo Basin,14.439687312086578,5.175668338177523,48.114596303925815
961,Congo Basin,14.450137104921351,5.187885272605324,86.26086118656708
962,Congo Basin,14.439197261130658,5.18429205659714,10.172361959264546
963,Congo Basin,14.46162479283997,5.186447986202053,45.571342334808755
964,Congo Basin,14.435099141283345,5.19435306142004,10.172367161422764
965,Congo Basin,14.440987812700454,5.198664920629849,25.43094164318318
966,Congo Basin,14.445433334135139,5.205851352646201,25.4308843372962
967,Congo Basin,14.452649556202353,5.205851352646201,10.1723494330123
968,Congo Basin,14.438217112067925,5.205851352646201,10.172349433640251
969,Congo Basin,14.462984196220265,5.2137564278642,89.2126281896717
970,Congo Basin,14.442662646931478,5.210163211856024,10.17236307123427
971,Congo Basin,14.438564418358506,5.220224216678909,10.172367490874567
972,Congo Basin,14.4413083048007,5.243939442332876,292.04771868509937
973,Congo Basin,14.462468626963574,5.255437733559042,38.14649540982156
974,Congo Basin,14.427279826364817,5.261186879172125,32.85650357848345
975,Congo Basin,14.4524546518901,5.289932607237534,17.8017023943088
976,Congo Basin,14.446970526037124,5.301430898463702,18.005848972340146
977,Congo Basin,14.441976278879537,5.305024114471873,10.17240425073128
978,Congo Basin,14.442813838233178,5.310054616883323,27.97409890773517
979,Congo Basin,14.453792970692504,5.4092273787090015,17.801750213870793
980,Congo Basin,14.4664773547673,5.485403558082345,71.41175840008411
981,Congo Basin,14.429818928984197,5.8095116420198645,10.172652971578875
982,Congo Basin,14.446058640811,5.822447219649302,10.172670183539614
983,Congo Basin,14.435945388437197,5.826759078859121,10.172594158912654
984,Congo Basin,14.44562614017227,5.836101440480372,40.89465092214428
985,Congo Basin,14.443864732748445,5.851192947714718,10.172652192399589
986,Congo Basin,14.43531168226552,5.854067520521252,10.172682916546997
987,Congo Basin,14.427105909550635,5.870596314158872,45.98082786048231
988,Congo Basin,14.428242209142674,6.05456897377751,17.802301192433752
989,Congo Basin,14.44177221966105,6.074690983423302,43.03018785263997
990,Congo Basin,14.453193110663419,6.094094349867451,560.3196460377886
991,Congo Basin,14.422664600213615,6.0883452042543755,10.172776066389988
992,Congo Basin,14.42590302426803,6.101280781883798,30.51830634236175
993,Congo Basin,14.436860068259385,6.1077485706985275,17.802302920749355
994,Congo Basin,14.439260216988032,6.117090932319778,38.14784028871628
995,Congo Basin,14.430818898017186,6.124277364336134,10.172765173970259
996,Congo Basin,14.43764456437933,6.162365454022803,32.857637327309746
997,Congo Basin,14.43426230824835,6.170989172442431,33.061671119173916
998,Congo Basin,14.455572779040569,6.181768820466953,10.172837678674174
999,Congo Basin,14.438866084553645,6.2579449998403,10.172873449588405
1000,Congo Basin,14.44077599710809,6.27519243667955,226.75432868479402
1001,Congo Basin,14.469495231088926,6.2931585167204345,18.007012625172262
1002,Congo Basin,14.53251886453469,0.004311859209818,10.171275248877178
1003,Congo Basin,14.490209857220423,0.6079721485834826,10.171286515733255
1004,Congo Basin,14.493919043017861,0.6316873742374435,33.056801075505405
1005,Congo Basin,14.561515913568567,4.4268421220735314,25.430124186668323
1006,Congo Basin,14.560774011661408,4.459181066147113,434.650931422657
1007,Congo Basin,14.557084721866191,4.601472420070901,17.801172181038407
1008,Congo Basin,14.501918624678586,4.615845284103614,94.09205074484663
1009,Congo Basin,14.520664268719624,4.620157143313428,53.40355944670925
1010,Congo Basin,14.564019163288524,4.658245233000098,32.85366372827566
1011,Congo Basin,14.561485030323912,4.670462167427895,25.224707436827195
1012,Congo Basin,14.564485891457965,4.677648599444249,33.05955554679977
1013,Congo Basin,14.56656987523656,4.70855025711457,68.6621688332971
1014,Congo Basin,14.567466008605027,4.719329905139094,43.23178270806177
1015,Congo Basin,14.519990385385785,4.725797693953817,10.17213857662705
1016,Congo Basin,14.545949843762504,4.725797693953817,10.1721385771463
1017,Congo Basin,14.561442867787882,4.740170557986522,71.2051827305877
1018,Congo Basin,14.545068470099926,4.784007793286275,458.8538296669379
1019,Congo Basin,14.573447753659792,4.761011210833949,147.49680782214986
1020,Congo Basin,14.484747962789376,4.758855281229042,10.17223516674226
1021,Congo Basin,14.562630705992657,4.7631671404388465,30.516560054526206
1022,Congo Basin,14.485585166904379,4.768197642850306,25.22584675496687
1023,Congo Basin,14.56064229153855,4.769634929253573,17.595640177789416
1024,Congo Basin,14.564306375750185,4.7746654316650226,10.17217034191889
1025,Congo Basin,14.562980769230784,4.778977290874831,10.172189580371212
1026,Congo Basin,14.492656073463277,4.7947874413108105,10.172205302100833
1027,Congo Basin,14.566215534027247,4.797662014117344,91.54966806762714
1028,Congo Basin,14.570171642867454,4.811316234948424,48.31783355387548
1029,Congo Basin,14.557190249531235,4.8127535213516905,17.80133058838837
1030,Congo Basin,14.484350209144672,4.813472164553328,25.43043663954999
1031,Congo Basin,14.556702352714908,4.823533169376214,10.172194906192273
1032,Congo Basin,14.570755435174577,4.83862467661056,40.48308843944834
1033,Congo Basin,14.529484364230864,4.901146635152836,10.172195134226827
1034,Congo Basin,14.531159838430476,4.9054584943626445,10.172294253655735
1035,Congo Basin,14.479474785369009,5.052061707496247,10.172288484775066
1036,Congo Basin,14.474482650667785,5.054217637101156,17.597020309468242
1037,Congo Basin,14.480312309616195,5.0570922099076965,27.97379166806797
1038,Congo Basin,14.473420502008194,5.100210802005817,33.060103191390645
1039,Congo Basin,14.500464982042079,5.116020952441796,17.801639064086867
1040,Congo Basin,14.49841664328377,5.121051454853241,10.172368855996448
1041,Congo Basin,14.477608350570012,5.128956530071231,17.801573785223123
1042,Congo Basin,14.497089807109536,5.131831102877776,55.94770531361052
1043,Congo Basin,14.486358206322617,5.162014117346451,43.43718405837271
1044,Congo Basin,14.487254018716413,5.172075122169349,25.63555072776438
1045,Congo Basin,14.492363199037861,5.1742310517742505,10.17235645049701
1046,Congo Basin,14.480444508587096,5.190041202210235,40.689433638836974
1047,Congo Basin,14.475741466817404,5.205851352646201,10.172349432694661
1048,Congo Basin,14.48137338229871,5.229566578300175,17.80167019947508
1049,Congo Basin,14.472829616800169,5.233878437509982,17.801693526781996
1050,Congo Basin,14.496155110615732,5.24250215592961,17.801739893175718
1051,Congo Basin,14.488565288513977,5.259030949567215,25.4310015118377
1052,Congo Basin,14.47713440304073,5.263342808777034,10.172417926779765
1053,Congo Basin,14.503895154716222,5.266936024785205,18.00661848887111
1054,Congo Basin,14.484326509009573,5.295681752850623,17.801684063503206
1055,Congo Basin,14.556944767465193,5.343112204158549,48.31894023305862
1056,Congo Basin,14.5363044622916,5.356047781787988,17.596392039607455
1057,Congo Basin,14.524813935583216,5.357485068191262,17.801797184862007
1058,Congo Basin,14.56486345590887,5.375451148232139,48.319089725191475
1059,Congo Basin,14.507117937201723,5.374013861828868,10.17243197577583
1060,Congo Basin,14.520948958968269,5.379044364240317,43.23283486769404
1061,Congo Basin,14.554503091890531,5.394135871474656,25.4310763925089
1062,Congo Basin,14.479837996701022,5.410664665112267,33.26502628209918
1063,Congo Basin,14.533663795177834,5.427193458749882,33.26580048038477
1064,Congo Basin,14.558982879433646,5.83107093806893,10.172681378293374
1065,Congo Basin,14.485997062152329,5.858379379731071,35.60441015017089
1066,Congo Basin,14.501143889223354,5.887125107796487,10.17266702005139
1067,Congo Basin,14.499787211832643,6.053850330575878,66.32772842044561
1068,Congo Basin,14.491347813867616,6.065348621802041,40.48623315630939
1069,Congo Basin,14.502606027995725,6.130745153150855,168.05548428729247
1070,Congo Basin,14.48653032187411,6.1264332939410435,17.597662656481646
1071,Congo Basin,14.526807799800817,6.144399373981921,48.32067264467947
1072,Congo Basin,14.52510601387818,6.160928167619538,194.1044219818291
1073,Congo Basin,14.535575741512634,6.173863745248975,17.80243879738975
1074,Congo Basin,14.54436662704406,6.179612890862056,17.802393574905025
1075,Congo Basin,14.55992930591259,6.293877159922072,10.172925876881049
1076,Congo Basin,14.55637274502026,6.298907662333515,18.008190698544823
1077,Congo Basin,14.54341696189718,6.300344948736789,25.22676270156522
1078,Congo Basin,14.495814521441531,6.303219521543326,61.24213852907382
1079,Congo Basin,14.537808029119034,6.307531380753143,17.597117306284794
1080,Congo Basin,14.503277740287285,6.3118432399629505,111.90177525940561
1081,Congo Basin,14.522799575821843,6.313999169567861,10.172868542186832
1082,Congo Basin,14.558345049206643,6.31759238557603,25.226472857795528
1083,Congo Basin,14.517365211732677,6.325497460794022,10.17289360646062
1084,Congo Basin,14.524106016662518,6.3319652496087375,43.23500158289457
1085,Congo Basin,14.5559206562171,6.333402536012011,17.80258461686581
1086,Congo Basin,14.52639190166305,6.336995752020183,10.172918270231301
1087,Congo Basin,14.55097613882862,6.338433038423455,10.172890676606386
1088,Congo Basin,14.54409602545253,6.348494043246358,10.17294253723448
1089,Congo Basin,14.550837584863224,6.360710977674155,17.802523941964253
1090,Congo Basin,14.557462398765917,6.364304193682324,10.172883301131087
1091,Congo Basin,14.55841943725795,6.3707719824970495,43.234940005826545
1092,Congo Basin,14.641424212574776,4.385160816378683,10.172021421139533
1093,Congo Basin,14.649469840151204,4.391628605193399,17.801029940084586
1094,Congo Basin,14.64505252918802,4.45630649334057,104.88450260161231
1095,Congo Basin,14.618791699038077,4.478584432591273,43.23129578840231
1096,Congo Basin,14.628397049282766,4.49080136701907,361.72920688198593
1097,Congo Basin,14.641607061330102,4.503018301446868,35.60223753272823
1098,Congo Basin,14.631749261095576,4.5130793062697645,33.26598017602187
1099,Congo Basin,14.593893178687011,4.5303267431090095,40.68840982903761
1100,Congo Basin,14.601784798769545,4.598597847264363,76.29095922239772
1101,Congo Basin,14.578713791335561,4.601472420070901,17.80117218163712
1102,Congo Basin,14.581889706445027,4.614407997700343,18.007225556451168
1103,Congo Basin,14.590346485079102,4.639560509757581,10.17213685532727
1104,Congo Basin,14.635283561523101,4.652496087387015,25.43029541764059
1105,Congo Basin,14.62452684277154,4.65465201699192,51.06725670933173
1106,Congo Basin,14.579277525416405,4.662557092209902,10.172139507207289
1107,Congo Basin,14.63298562707303,4.676929956242612,32.852814898596684
1108,Congo Basin,14.573372003589302,4.6891468906704175,141.99869887048956
1109,Congo Basin,14.621448829495762,4.678367242645887,10.172160778762748
1110,Congo Basin,14.627334417587353,4.68124181545242,10.17220161156986
1111,Congo Basin,14.583466863222672,4.687709604267151,17.8013351544231
1112,Congo Basin,14.603169516240175,4.699926538694948,10.172181165567483
1113,Congo Basin,14.649318185459979,4.702801111501481,10.172140310115099
1114,Congo Basin,14.634703279379096,4.726516337155455,17.594536579636614
1115,Congo Basin,14.590053601903712,4.727953623558726,25.63655519711846
1116,Congo Basin,14.626946990577508,4.736577341978349,38.35231044909057
1117,Congo Basin,14.575144022370552,4.738733271583254,53.403888775820306
1118,Congo Basin,14.629286126504873,4.743763773994699,25.223738758366363
1119,Congo Basin,14.578203656277914,4.75023156280942,70.9992091138948
1120,Congo Basin,14.628019710748784,4.750950206011051,17.80132513136674
1121,Congo Basin,14.590696583917346,4.758136638027405,18.007496582100494
1122,Congo Basin,14.616111921283306,4.76460442684212,65.91277992886637
1123,Congo Basin,14.6009679332062,4.766760356447032,17.801354985530633
1124,Congo Basin,14.607458213810673,4.766041713245395,10.172213205431973
1125,Congo Basin,14.60408653846155,4.77682136126992,17.80138626362416
1126,Congo Basin,14.592548076923098,4.779695934076467,25.22432822737569
1127,Congo Basin,14.598434282325973,4.783289150084636,25.430521898794083
1128,Congo Basin,14.595900509631706,4.8012552301255225,396.09703558984125
1129,Congo Basin,14.628236255679209,4.797662014117344,10.172163620636372
1130,Congo Basin,14.618256995416512,4.801973873327153,43.23180266935014
1131,Congo Basin,14.574986377768518,4.800536586923892,40.688832585931564
1132,Congo Basin,14.635799798067211,4.812034878150053,30.516598086562976
1133,Congo Basin,14.578104716572902,4.813472164553328,10.172178450253616
1134,Congo Basin,14.63958169719761,4.818502666964768,25.22373492191454
1135,Congo Basin,14.603561296940377,4.858746686256346,35.60271902410388
1136,Congo Basin,14.632492606573553,4.924861860806793,109.35166814796415
1137,Congo Basin,14.645476184751534,4.924143217605158,10.172261157106119
1138,Congo Basin,14.644150931298679,4.9298923632182525,25.43065244152416
1139,Congo Basin,14.652806719456276,4.933485579226421,58.49038513336871
1140,Congo Basin,14.608923547939828,4.935641508831333,25.430632017404395
1141,Congo Basin,14.642943015147864,4.941390654444413,10.172248482973703
1142,Congo Basin,14.602002924076164,4.947858443259132,94.29987873837139
1143,Congo Basin,14.637454606671298,5.085119294771468,10.17227102378883
1144,Congo Basin,14.63994321672362,5.25328180395414,20.344748055131483
1145,Congo Basin,14.609269079269321,5.537864511801725,10.172501463894712
1146,Congo Basin,14.608664259927778,5.544332300616438,35.60373302534236
1147,Congo Basin,14.590925502467202,5.609728831965253,10.172595158977328
1148,Congo Basin,14.60127130887026,5.790826918777352,10.172654432139408
1149,Congo Basin,14.647853410705267,5.80519978281006,10.172647120499311
1150,Congo Basin,14.592563760536036,5.928087770289696,18.008417749573493
1151,Congo Basin,14.641058389763149,6.247883995017414,155.7568497065397
1152,Congo Basin,14.645143669620136,6.2665687182599275,43.23460918113518
1153,Congo Basin,14.630431464537295,6.283816155099171,25.432180905638884
1154,Congo Basin,14.627657010652133,6.289565300712264,10.172844608579053
1155,Congo Basin,14.61149761403621,6.3046568079466025,160.2227483044031
1156,Congo Basin,14.648371599800782,6.306812737551505,10.172842460594145
1157,Congo Basin,14.609251048335324,6.327653390398932,33.2683171049118
1158,Congo Basin,14.610267534345628,6.337714395221822,32.855560777376546
1159,Congo Basin,14.599538840996571,6.3434635408348985,17.80253261164375
1160,Congo Basin,14.58181350730321,6.354243188859439,10.172913653525692
1161,Congo Basin,14.615155922316077,6.405985499377177,10.172976155396716
1162,Congo Basin,14.610934336129606,6.411734644990258,55.95113858822111
1163,Congo Basin,14.59719409892973,6.412453288191894,17.802631543011127
1164,Congo Basin,14.634075788255732,6.41317193139353,10.172918348573544
1165,Congo Basin,14.621176205896298,6.418202433804979,35.60528800890532
1166,Congo Basin,14.593089594214536,6.421077006611522,17.80262426015437
1167,Congo Basin,14.62881944001569,6.43041936823278,152.80096867796294
1168,Congo Basin,14.646352634877786,6.436168513845866,10.172961200939527
1169,Congo Basin,14.805611926942667,1.953272222044785,10.171452428955696
1170,Congo Basin,14.860008157193928,3.1720910920182748,10.171701992517374
1171,Congo Basin,14.973466627180077,3.9539748953974905,10.171915577934103
1172,Congo Basin,14.691318482456015,4.28023890893993,25.430018198614956
1173,Congo Basin,14.702246066381072,4.285269411351375,17.8010467797989
1174,Congo Basin,14.745001321236682,4.295330416174265,50.86014269858457
1175,Congo Basin,14.845175083878505,4.296767702577536,17.8010709540542
1176,Congo Basin,14.748840896533522,4.30970328020697,73.7472464706815
1177,Congo Basin,14.792980421832452,4.321920214634774,25.221023517353935
1178,Congo Basin,14.732619036179322,4.330543933054397,10.172007544951372
1179,Congo Basin,14.729251417406061,4.342042224280561,33.267197980495986
1180,Congo Basin,14.717117117117112,4.347791369893638,38.353069103996525
1181,Congo Basin,14.691950727414323,4.349947299498548,18.008632167685416
1182,Congo Basin,14.695010130292387,4.357133731514902,17.801115149947368
1183,Congo Basin,14.695848548914107,4.365038806732892,25.43010769696472
1184,Congo Basin,14.703894419040452,4.370787952345975,33.05918895606175
1185,Congo Basin,14.764732507483462,4.387316745983585,18.00965230406104
1186,Congo Basin,14.688626207294243,4.401689610016294,17.80108112330832
1187,Congo Basin,14.8905618067513,4.408876042032643,45.98460641014651
1188,Congo Basin,14.874883381540332,4.416062474048994,18.011252656603816
1189,Congo Basin,14.893683477090875,4.417499760452268,17.801140108575446
1190,Congo Basin,14.933326926311233,4.41965569005718,10.172051274255574
1191,Congo Basin,14.852598447898893,4.41965569005718,10.172051273587147
1192,Congo Basin,15.001081184978734,4.421092976460452,10.172032075456563
1193,Congo Basin,14.942876722063357,4.427560765275162,99.38880178258668
1194,Congo Basin,14.972609322441134,4.438340413299693,10.172045579194943
1195,Congo Basin,14.989247906236981,4.439059056501331,17.589367817311803
1196,Congo Basin,14.88695248240016,4.441933629307871,17.801137954140113
1197,Congo Basin,14.778228067084203,4.448401418122582,10.172073410719248
1198,Congo Basin,14.736774658603998,4.462774282155291,38.14539380222856
1199,Congo Basin,14.916203139718455,4.46205563895366,18.01189789598388
1200,Congo Basin,14.766328941572244,4.466367498163474,17.801132644254437
1201,Congo Basin,14.681387861021687,4.469242070970007,17.80120729345397
1202,Congo Basin,14.842856456341007,4.469242070970007,17.801207293945662
1203,Congo Basin,14.788793310586781,4.471398000574919,25.43023168671605
1204,Congo Basin,14.665588078112624,4.476428502986361,18.008302006567764
1205,Congo Basin,14.72259377027385,4.477147146187999,30.516238432619254
1206,Congo Basin,14.845918175034157,4.482177648599449,17.59137375916164
1207,Congo Basin,14.668647678851764,4.48505222140599,40.895580539918974
1208,Congo Basin,14.891391407426394,4.485770864607627,10.172057726482299
1209,Congo Basin,14.679578057044015,4.491520010220707,38.145261213239806
1210,Congo Basin,14.69904125717859,4.492238653422343,25.222508436432303
1211,Congo Basin,14.850540648778527,4.4951132262288755,33.05929091875347
1212,Congo Basin,14.673207849419278,4.4951132262288755,25.222887323778266
1213,Congo Basin,14.6638366039247,4.49870644223706,53.403384676278904
1214,Congo Basin,14.85919102923507,4.4951132262288755,17.80116429619325
1215,Congo Basin,14.887304765718845,4.49870644223706,10.172045048007858
1216,Congo Basin,14.694230630601798,4.500143728640335,30.51628019086406
1217,Congo Basin,14.675723085056113,4.513079306269768,170.17507743143594
1218,Congo Basin,14.68641868512112,4.508048803858318,17.80114147162136
1219,Congo Basin,14.6591427907759,4.515235235874665,17.80111256595004
1220,Congo Basin,14.68521218140749,4.5181098086812135,33.059346312589305
1221,Congo Basin,14.663702991709743,4.524577597495929,45.77444842107975
1222,Congo Basin,14.678841763787112,4.5260148838992045,10.172079994243537
1223,Congo Basin,14.848668096966554,4.545418250343356,32.84954156413416
1224,Congo Basin,14.750789047855534,4.586380912836571,33.05943003704991
1225,Congo Basin,14.745860469587381,4.592848701651287,17.801239286740653
1226,Congo Basin,14.739489874391175,4.601472420070908,55.94673974974396
1227,Congo Basin,14.710165825522711,4.610814781692165,50.86063759824639
1228,Congo Basin,14.705354567885404,4.623031716119966,35.394702892332084
1229,Congo Basin,14.665667863094473,4.689146890670413,193.27109786643058
1230,Congo Basin,14.69523138059224,4.686990961065515,81.37734014687557
1231,Congo Basin,14.715421099859,4.688428247468787,10.172181334108702
1232,Congo Basin,14.671067917604738,4.703519754703121,35.60262219685167
1233,Congo Basin,14.720822350235938,4.706394327509669,33.05949745978344
1234,Congo Basin,14.695702336313836,4.711424829921109,10.172180597282562
1235,Congo Basin,14.887624694523463,4.752387492414325,17.801288999229293
1236,Congo Basin,14.673199733976483,4.773228145261747,246.4685075195173
1237,Congo Basin,14.888161514669823,4.775384074866653,51.071371916880175
1238,Congo Basin,14.684252277662473,4.783289150084639,40.688854073285405
1239,Congo Basin,14.7097146428829,4.829282314989308,10.172192525563016
1240,Congo Basin,14.663861505169528,4.940672011242777,17.801453634837166
1241,Congo Basin,14.755789625568145,5.0506244210929845,187.9792214973545
1242,Congo Basin,14.74460102929152,5.067153214730591,116.77352601127194
1243,Congo Basin,14.672689668440992,5.075776933150219,159.7992987645943
1244,Congo Basin,15.003367111339148,5.116739595643432,20.34470811879575
1245,Congo Basin,15.01052265533713,5.146203966910472,98.96824780010188
1246,Congo Basin,14.98472688789295,5.1533903989268275,17.801622502149065
1247,Congo Basin,14.863378339373353,5.17854291098406,10.172370498610661
1248,Congo Basin,14.997293929261136,5.197946277428218,547.6087871755335
1249,Congo Basin,15.002766262819044,5.2144750710658325,53.6168510929324
1250,Congo Basin,14.99212206139244,5.2209428598805445,40.477759248524436
1251,Congo Basin,14.982559677975473,5.243939442332876,124.18829364859069
1252,Congo Basin,14.68041600846772,5.257593663163954,38.14636333800053
1253,Congo Basin,14.664774230797,5.263342808777034,10.172417927580245
1254,Congo Basin,14.928550808314096,5.27987160241464,17.801698362460126
1255,Congo Basin,14.714307481334753,5.314366476093137,17.801730348326895
1256,Congo Basin,14.692051068197863,5.320834264907853,10.17239487834436
1257,Congo Basin,14.713929908212293,5.476779839662721,18.009759187892342
1258,Congo Basin,14.759471535259053,5.478935769267631,10.172504411634424
1259,Congo Basin,14.72841477012922,5.507681497333033,10.172516224634586
1260,Congo Basin,14.89131743013263,5.640630489635572,17.80197795381046
1261,Congo Basin,14.80155530500501,5.744115110671056,158.30266881611902
1262,Congo Basin,14.659364661291882,6.0768469130281995,10.172742784682749
1263,Congo Basin,14.661163263175656,6.087626561052736,27.975091103196167
1264,Congo Basin,14.658507793490555,6.095531636270717,10.172806875988769
1265,Congo Basin,14.759505267979854,6.49509725637996,10.173033076851043
1266,Congo Basin,14.750339551069267,6.505158261202846,25.432496085948088
1267,Congo Basin,14.67040650667867,6.515219266025749,10.173045250245632
1268,Congo Basin,15.031393286789278,1.604011626050018,10.171376099543428
1269,Congo Basin,15.05724228969159,3.5529719888849844,10.171740479608768
1270,Congo Basin,15.205099590408928,3.859113992781631,40.9022496306147
1271,Congo Basin,15.189922046324003,3.897920725669942,10.17184760684623
1272,Congo Basin,15.122817970081876,3.9252291673320734,10.171932003670637
1273,Congo Basin,15.044300910029524,3.9295410265418917,25.42970211986685
1274,Congo Basin,15.036738222158208,3.94822574978441,10.1719027787785
1275,Congo Basin,15.031695721077678,3.9489443929860455,17.8008148624839
1276,Congo Basin,15.034697487533698,3.9561308250023988,33.058641898572034
1277,Congo Basin,15.037099291631643,3.9683477594301984,10.171906427272413
1278,Congo Basin,15.213712840379738,3.9748155482449143,17.800842936689854
1279,Congo Basin,15.042982694862896,3.9769714778498266,10.171884357117394
1280,Congo Basin,15.21840055710752,3.9920629850841562,33.05881017313603
1281,Congo Basin,15.049107107123124,3.9942189146890685,10.171920957699573
1282,Congo Basin,15.041182732868554,3.9963748442939773,17.80081613953776
1283,Congo Basin,15.047666311804115,3.998530773898886,10.171868901552516
1284,Congo Basin,15.052829584567341,4.0035612763103305,33.05864093700562
1285,Congo Basin,15.165932922436564,4.0042799195119665,10.171880828801658
1286,Congo Basin,15.012547068141892,4.004998562713597,27.760665430199168
1287,Congo Basin,15.017049820696732,4.012184994729945,17.80090891634204
1288,Congo Basin,15.055231813524607,4.011466351528309,10.171956661605131
1289,Congo Basin,15.104940445696746,4.013622281133219,17.800878425149506
1290,Congo Basin,15.17482069672133,4.0157782107381275,45.77363461504672
1291,Congo Basin,15.00924539931317,4.022964642754484,10.171898546824433
1292,Congo Basin,15.017650872937743,4.043805295601909,17.80094803209776
1293,Congo Basin,15.137008781690529,4.068957807659142,50.85984933689673
1294,Congo Basin,15.129210964518997,4.117825545370348,10.171953462045666
1295,Congo Basin,15.037347188753426,4.135072982209589,10.171982740464202
1296,Congo Basin,15.079409573999495,4.444089558912774,10.172049881334667
1297,Congo Basin,15.083134440724669,4.447682774920947,68.66148072893405
1298,Congo Basin,15.079375897704912,4.68052317225079,25.64346404995657
1299,Congo Basin,15.02044186493941,5.077214219553485,116.34496831943288
1300,Congo Basin,15.082251082251094,5.096617585997643,10.17233863385384
1301,Congo Basin,15.016594516594521,5.097336229199274,17.801573219847207
1302,Congo Basin,15.178271526763172,5.100210802005814,18.016009083274096
1303,Congo Basin,15.019600926735034,5.103804018013985,25.430773328498717
1304,Congo Basin,15.008898651573706,5.1066785908205325,10.17234649984411
1305,Congo Basin,15.092114545920982,5.116020952441794,51.28812989658504
1306,Congo Basin,15.022848255515658,5.116020952441796,17.801639063255855
1307,Congo Basin,15.134805788271127,5.125363314063048,374.04750417488646
1308,Congo Basin,15.026035516620821,5.131831102877771,111.68335130642606
1309,Congo Basin,15.182426744698748,5.126081957264681,73.74935566626517
1310,Congo Basin,15.104022191400826,5.136142962087585,17.801521277845303
1311,Congo Basin,15.210088749569074,5.136861605289221,10.172286710361153
1312,Congo Basin,15.086104608280152,5.140454821297389,48.318596217179646
1313,Congo Basin,15.094763172241286,5.139736178095754,10.172323592428317
1314,Congo Basin,15.051591023883393,5.144048037305563,55.94787595037119
1315,Congo Basin,15.204560213579619,5.142610750902302,10.172360446387945
1316,Congo Basin,15.217670167561934,5.148359896515382,150.0420613272816
1317,Congo Basin,15.063256634330145,5.149797182918658,32.84728933915724
1318,Congo Basin,15.080574039926233,5.151234469321929,10.172307756026266
1319,Congo Basin,15.195789169860333,5.169200549362811,66.1202125597282
1320,Congo Basin,15.022609560155857,5.170637835766082,17.801579433621516
1321,Congo Basin,15.054419496797337,5.172075122169349,32.8474427498094
1322,Congo Basin,15.046663031974616,5.17854291098406,33.06014937961624
1323,Congo Basin,15.207456404088974,5.176386981379163,17.801564726381983
1324,Congo Basin,15.187312829059694,5.177824267782429,17.58702652835888
1325,Congo Basin,15.214316640207816,5.187885272605324,399.0505148157975
1326,Congo Basin,15.053999663253762,5.181417483790607,10.172407021880268
1327,Congo Basin,15.04071134784633,5.200820850234758,50.649421109850024
1328,Congo Basin,15.206023140018775,5.202258136638029,40.47470119849761
1329,Congo Basin,15.011966941132656,5.2065699958478415,25.21885586600617
1330,Congo Basin,15.140841117748483,5.225254719090354,17.801646770391578
1331,Congo Basin,15.147578841018984,5.237471653518165,30.51705896484123
1332,Congo Basin,15.104890057898025,5.288495320834268,17.8017426377207
1333,Congo Basin,15.10140255491137,5.2964003960522605,53.19172158557183
1334,Congo Basin,15.105975188253296,5.303586828068612,25.43107935301704
1335,Congo Basin,15.216045422467449,5.316522405698047,25.646056288357727
1336,Congo Basin,15.205940848142692,5.319396978504582,38.14660510079685
1337,Congo Basin,15.216167448574527,5.322271551311129,10.17245331667356
1338,Congo Basin,15.216604987053298,5.37042064582069,18.016773087389723
1339,Congo Basin,15.086738581224667,5.374732505030504,17.80173550875518
1340,Congo Basin,15.20800417050967,5.374732505030504,17.8017355079635
1341,Congo Basin,15.192967822655657,5.378325721038687,10.172443431626743
1342,Congo Basin,15.209569792435282,5.380481650643584,17.801714599501977
1343,Congo Basin,15.08481509107095,5.382637580248495,10.17245482931121
1344,Congo Basin,15.201995492496867,5.392698585071381,45.77602199761622
1345,Congo Basin,15.189967837406439,5.402759589894284,25.431132215517707
1346,Congo Basin,15.189367811482393,5.4085087355073656,10.172440454612497
1347,Congo Basin,15.188167730758124,5.417132453926993,43.01845290322174
1348,Congo Basin,15.196952075396045,5.422881599540073,25.43113577432435
1349,Congo Basin,15.154543688570438,5.4307866747580515,66.33498429844546
1350,Congo Basin,15.174095433654426,5.432942604362965,68.66404071289764
1351,Congo Basin,15.163388732032843,5.43509853396787,17.801864210292784
1352,Congo Basin,15.170007459633737,5.445159538790764,53.405320686982364
1353,Congo Basin,15.164597170083766,5.454501900412021,25.216918687552667
1354,Congo Basin,15.14764276947514,5.501213708518317,17.801806299207342
1355,Congo Basin,15.19182324342539,5.559423807850786,10.172547528351071
1356,Congo Basin,15.128768793825518,5.578108531093303,38.14701643955224
1357,Congo Basin,15.151836124627579,5.660752499281361,43.23338219029018
1358,Congo Basin,15.11405149780407,6.000670733654868,25.43184018347916
1359,Congo Basin,15.071135713594337,6.145836660385196,61.036816105578595
1360,Congo Basin,15.011805711715745,6.145118017183559,17.80237633868933
1361,Congo Basin,15.947001461532953,-1.1282698265674354,10.171305270926684
1362,Congo Basin,15.619103914880696,1.5450828835159252,25.207800496446374
1363,Congo Basin,15.603815336438227,1.7125267494969476,73.74263922677774
1364,Congo Basin,15.610410775056327,1.7247436839247539,25.428550014063603
1365,Congo Basin,15.719695154100553,1.736241975150912,10.171359988969606
1366,Congo Basin,15.610535481757829,1.744865693570543,274.6277819402591
1367,Congo Basin,15.650079487445767,1.7427097639656304,17.799962788459258
1368,Congo Basin,15.62503994375918,1.759238557603244,81.37125445637297
1369,Congo Basin,15.63870070940114,1.7570826279983391,17.79997221795695
1370,Congo Basin,15.72713619224131,1.7563639847967005,25.42854167823902
1371,Congo Basin,15.713475426599336,1.76139448720815,111.88529279233128
1372,Congo Basin,15.677713897269953,1.7829537832572084,459.8125879587575
1373,Congo Basin,15.668304373876556,1.770736848829409,10.171421302934677
1374,Congo Basin,15.715164491028474,1.7872656424670224,58.4856296598466
1375,Congo Basin,15.685810837800481,1.80954358171772,315.09220425306586
1376,Congo Basin,15.653580672993984,1.823197802548786,33.05698731158135
1377,Congo Basin,15.53720595295249,3.6607684691302866,25.429473435601047
1378,Congo Basin,15.531097721980847,3.678734549171163,17.80070622389365
1379,Congo Basin,15.513963351204294,3.7304768596889124,495.8768676643382
1380,Congo Basin,15.661724107578683,3.737663291705263,104.48268024515355
1381,Congo Basin,15.474754580674274,3.9130122329042774,25.211070843529566
1382,Congo Basin,15.467613231633635,3.9173240921140957,17.80075991890643
1383,Congo Basin,15.47422003809766,3.9194800217189933,10.17191870731127
1384,Congo Basin,15.463415024571395,3.923073237727176,38.144565382225366
1385,Congo Basin,15.453577717304292,3.9360088153566037,127.80369122614351
1386,Congo Basin,15.465947382322566,3.9424766041713295,10.17188988122572
1387,Congo Basin,15.497766892378637,3.9453511769778626,10.17193704938399
1388,Congo Basin,15.476876530759267,3.947507106582772,17.800844858997678
1389,Congo Basin,15.493568758654352,3.9511003225909436,25.42986805690208
1390,Congo Basin,15.450346974875323,3.9590053978089395,27.972688199619164
1391,Congo Basin,15.549098951160481,3.9590053978089395,18.020490255686553
1392,Congo Basin,15.522507523852205,3.959724041010571,25.42978669927282
1393,Congo Basin,15.52538899916756,3.9640359002203884,10.171876673202894
1394,Congo Basin,15.437627566334493,3.9654731866236514,10.17194087553843
1395,Congo Basin,15.537884002753454,3.973378261841641,17.800873131221962
1396,Congo Basin,15.531301779410729,4.007873135520138,27.97278873768166
1397,Congo Basin,15.227898562325919,4.039493436392094,33.05880994360184
1398,Congo Basin,15.264055332740929,4.086205244498384,10.17193817097358
1399,Congo Basin,15.235247496217305,4.124293334185064,17.800920138368255
1400,Congo Basin,15.305759573258158,4.479303075792909,17.801111782342
1401,Congo Basin,15.303013312400875,4.5188284518828485,10.172096744862186
1402,Congo Basin,15.856566044991336,4.648184228177209,10.172097289688502
1403,Congo Basin,15.975256013718166,4.789038295697731,10.172207083359172
1404,Congo Basin,15.535297841818851,4.881743268708678,17.801415696361556
1405,Congo Basin,15.833627296924604,5.139736178095754,10.17232359186102
1406,Congo Basin,15.406594992423699,5.145485323708835,10.172315723790861
1407,Congo Basin,15.290316373490679,5.169919192564446,10.172342344498977
1408,Congo Basin,15.243474679299183,5.172075122169349,18.016975273653305
1409,Congo Basin,15.270234515935055,5.1727937653709795,10.172378939654836
1410,Congo Basin,15.232711966325901,5.177105624580799,43.232452193905324
1411,Congo Basin,15.259106000096246,5.312210546488226,25.430955727855785
1412,Congo Basin,15.254298453839752,5.3172410488996835,17.801792212787557
1413,Congo Basin,15.246603685822894,5.33089526973075,50.4312018512712
1414,Congo Basin,15.244083374100788,5.342393560956918,33.06042993246952
1415,Congo Basin,15.22170806233008,5.345986776965087,17.801694661841104
1416,Congo Basin,15.236265939530043,5.3488613497716315,33.060305311215764
1417,Congo Basin,15.229109098583635,5.350298636174901,17.5866237503908
1418,Congo Basin,15.33316215175245,5.662908428886263,10.172585902769164
1419,Congo Basin,15.625220770045916,5.934555559104407,10.172716562563906
1420,Congo Basin,16.008253580833692,5.98629786962216,10.172762868952002
1421,Congo Basin,16.014162873039943,5.99204701523524,40.69090124629236
1422,Congo Basin,16.013231952596215,6.010013095276122,45.324821022993575
1423,Congo Basin,15.98879128996515,6.012169024881029,10.172782994927754
1424,Congo Basin,16.01000449640288,6.024385959308823,79.2913659104685
1425,Congo Basin,16.002296530244745,6.057443546584049,106.81377158171023
1426,Congo Basin,15.258881408235204,6.263694145453382,20.345774000643708
1427,Congo Basin,15.236419723333505,6.288128014308992,40.6914298971693
1428,Congo Basin,15.24088013431767,6.292439873518797,10.172871552302055
1429,Congo Basin,15.262056351626196,6.34777540004472,17.58696375978332
1430,Congo Basin,15.28019475041577,6.34993132964963,10.172914891056347
1431,Congo Basin,15.8879714421245,6.702785141652565,17.80298111278468
1432,Congo Basin,15.941699167705327,6.797646044268428,17.803020084186677
1433,Congo Basin,15.67212429233145,6.808425692292953,10.17317745736005
1434,Congo Basin,15.68080931549152,6.808425692292953,10.17317745756644
1435,Congo Basin,15.665736503928393,6.813456194704397,17.80302195550697
1436,Congo Basin,16.07954363874597,1.9331502123989965,10.171407854477314
1437,Congo Basin,16.255566838036003,2.9306269762688086,10.17164865717371
1438,Congo Basin,16.369656496181083,3.2382062665687217,10.17171304442008
1439,Congo Basin,16.06655490662036,3.6629243987351883,17.573676528676188
1440,Congo Basin,16.160290622774504,3.7110734932447627,10.17179682647306
1441,Congo Basin,16.89806509482316,4.412469258040824,10.172065717668042
1442,Congo Basin,16.098539765946036,4.535357245520454,17.801201281755844
1443,Congo Basin,16.904468190775248,4.567696189594054,10.172077533574438
1444,Congo Basin,16.819114159348757,4.734421412373445,10.172178265008002
1445,Congo Basin,16.80180757643741,4.734421412373445,10.172178265376928
1446,Congo Basin,16.61210067065697,4.7631671404388465,10.172173104227557
1447,Congo Basin,16.833038196809323,4.7732281452617515,10.172191086192479
1448,Congo Basin,16.935099911029894,4.990258392155619,10.172248464562935
1449,Congo Basin,16.370852007151505,5.15698361493501,10.172299690031249
1450,Congo Basin,16.31613974037221,5.215912357469104,10.172353981332408
1451,Congo Basin,16.989180908996104,5.364671500207609,17.801735986368822
1452,Congo Basin,16.991946868583163,5.437254463572781,10.172458373984215
1453,Congo Basin,16.21374486652978,5.438691749976053,10.172434726632462
1454,Congo Basin,17.04920397117003,5.519179788559205,2955.210136408628
1455,Congo Basin,16.50040909309677,5.467437478041456,10.17245002984959
1456,Congo Basin,16.501985320659358,5.471749337251264,10.172460268104746
1457,Congo Basin,16.9678374099164,5.476779839662721,45.53649111965611
1458,Congo Basin,16.95428255132082,5.506962854131402,233.24873513493034
1459,Congo Basin,16.978257381258025,5.588888179117826,17.80194536148356
1460,Congo Basin,16.983311938382542,5.591044108722736,10.172503737923314
1461,Congo Basin,16.996718470438147,5.600386470343994,142.1756929091972
1462,Congo Basin,16.991037542826433,5.631288128014313,274.8991329114078
1463,Congo Basin,16.964182553437325,5.626257625602864,55.94906825323243
1464,Congo Basin,16.969645909058087,5.639911846433937,168.32693148372712
1465,Congo Basin,16.956511273369166,5.636318630425755,25.670905670454776
1466,Congo Basin,16.93845783519218,5.637037273627394,10.17253852838144
1467,Congo Basin,16.963146619165673,5.641349132837203,10.172546563543895
1468,Congo Basin,16.98748194511314,5.683030438532056,325.52232883766885
1469,Congo Basin,17.01228101089874,5.666501644894446,315.83043700823026
1470,Congo Basin,16.94735321730339,5.667938931297708,35.843518921017335
1471,Congo Basin,16.981186590412918,5.68949822734677,18.041931689442652
1472,Congo Basin,16.991734210737494,5.727586317033438,53.64629585639454
1473,Congo Basin,16.96009116516464,5.732616819444888,43.23362877675708
1474,Congo Basin,16.981758941970497,5.731898176243257,10.172620740732857
1475,Congo Basin,16.98695107858243,5.739803251461249,27.97453817777975
1476,Congo Basin,16.97422275010834,5.746271040275966,25.431539957615122
1477,Congo Basin,16.983884947513737,5.754176115493946,188.43367229581003
1478,Congo Basin,16.508619305961297,5.757769331502127,10.172579077817918
1479,Congo Basin,16.361403818527663,5.759206617905402,25.431576605282448
1480,Congo Basin,16.581836567631346,5.762799833913571,17.802145634989202
1481,Congo Basin,16.504550488756216,5.762081190711935,10.172667185042364
1482,Congo Basin,16.503894424357377,5.767111693123385,18.035262970025936
1483,Congo Basin,16.972082762334672,5.772860838736466,37.90746501984507
1484,Congo Basin,16.991544630027445,5.795857421188795,17.56199522481723
1485,Congo Basin,16.435611776415087,5.829633651665654,10.172625094655576
1486,Congo Basin,16.446645494892444,5.836101440480372,17.569739377276395
1487,Congo Basin,16.560260063410546,5.844006515698362,10.172616098860829
1488,Congo Basin,16.552512958996957,5.847599731706545,53.172656589447215
1489,Congo Basin,16.54607771525808,5.849755661311443,10.172677645831866
1490,Congo Basin,16.99187286430852,5.85334887731962,18.042218799446804
1491,Congo Basin,16.778111827002327,5.951084352742025,32.824237409989536
1492,Congo Basin,16.015078333901272,5.99995209045323,17.57598529018596
1493,Congo Basin,16.026159849689275,6.030135104921906,43.23435955114326
1494,Congo Basin,16.014003420560314,6.035884250534994,50.637516096798045
1495,Congo Basin,16.07604898614735,6.106311284295254,95.95989186129647
1496,Congo Basin,16.069853915529606,6.139368871570471,40.918183971819026
1497,Congo Basin,16.219335399645306,6.158053594812996,25.202913810218234
1498,Congo Basin,16.225248261793816,6.163802740426074,17.57316542311261
1499,Congo Basin,16.227612239980736,6.171707815644064,45.777661737702374
1500,Congo Basin,16.228595752883354,6.179612890862056,17.80239357467186
1501,Congo Basin,16.224779926749353,6.193985754894757,86.01044731899441
1502,Congo Basin,16.30382919247177,6.250758567823947,33.06180835812653
1503,Congo Basin,16.40024743328138,6.306094094349869,17.802498329391366
1504,Congo Basin,16.35949513533491,6.3434635408348985,17.802532611801116
1505,Congo Basin,16.423455316230594,6.3535245456578,18.034598735356823
1506,Congo Basin,16.20521348444276,6.356399118464341,17.573633568007786
1507,Congo Basin,16.37020999434077,6.362148264077422,38.37960874709415
1508,Congo Basin,16.423333918203596,6.439761729854037,18.03467744791854
1509,Congo Basin,16.256067376000516,6.4749752467341715,20.346039359440283
1510,Congo Basin,16.458320767871285,6.491504040371782,17.570175060093476
1511,Congo Basin,16.20503423666699,6.51090740681594,10.172966825665899
1512,Congo Basin,16.200954784369838,6.515219266025749,10.173045249782525
1513,Congo Basin,16.16491862567812,6.522405698042101,10.172985062818286
1514,Congo Basin,16.210155760235352,6.532466702864991,10.173031351622692
1515,Congo Basin,16.152418000176816,6.535341275671538,10.173056201225993
1516,Congo Basin,16.19364898208503,6.53749720527644,17.802773627031996
1517,Congo Basin,16.20015913712316,6.539653134881343,10.172970785865475
1518,Congo Basin,16.29945183017989,6.56839886294676,10.172972252955796
1519,Congo Basin,16.725881388357458,6.597144591012176,10.173052995275494
1520,Congo Basin,16.125406969733497,6.643137755916834,10.17302980631574
1521,Congo Basin,16.22484664796162,6.674758056788784,10.173045937237545
1522,Congo Basin,17.05129540737414,4.847967038231825,10.172245244933404
1523,Congo Basin,17.05145377982755,5.423600242741709,17.801766385278402
1524,Congo Basin,17.032919434016748,5.453783257210385,194.23961032901684
1525,Congo Basin,17.004560048377805,5.4487527547989405,73.75028600652752
1526,Congo Basin,17.028587929540862,5.455939186815295,10.172476846746347
1527,Congo Basin,17.045913947444433,5.458813759621842,10.172429380715538
1528,Congo Basin,17.010909674314135,5.4933086333003285,48.079017160399296
1529,Congo Basin,17.013212042451826,5.49977642211505,17.80184816159569
1530,Congo Basin,17.02560234922212,5.601105113545625,10.172578207049368
1531,Congo Basin,17.034834733623804,5.6966846593631235,242.80218779842272
1532,Congo Basin,17.046838764554366,5.686623654540227,81.13971623461083
1533,Congo Basin,17.00897156063428,5.700996518572938,191.45689596403167
1534,Congo Basin,17.047697764367904,5.69381008655658,25.672262276552587
1535,Congo Basin,17.031253155302895,5.721837171420363,51.34426630674912
1536,Congo Basin,17.026539014035905,5.733335462646519,10.172595802257737
1537,Congo Basin,17.023200943767193,5.7426778242677825,17.802044440259486
1538,Congo Basin,17.005280644591764,5.746271040275966,10.172615985603834
1539,Congo Basin,17.014806789454703,5.752020185889041,121.59050344168905
1540,Congo Basin,17.002624419136616,5.780047270752827,17.80204697857461
1541,Congo Basin,16.99756819878172,5.780765913954463,10.172585700668636
1542,Congo Basin,16.997487739688122,5.822447219649302,10.172670183215212
1543,Congo Basin,20.557357260692868,-7.1318151330288435,10.173462744757463
1544,Congo Basin,20.592655767250257,-7.047015235235879,10.173403179122515
1545,Congo Basin,20.60430277089432,-7.033361014404801,17.803392745656748
1546,Congo Basin,20.59906833047716,-7.028330511993351,10.17339268675428
1547,Congo Basin,20.60324713984585,-7.02689322559009,10.173341468825441
1548,Congo Basin,20.608542442697736,-7.015394934363915,10.173340736474824
1549,Congo Basin,20.625022615486657,-6.9442492574020225,25.14191427413701
1550,Congo Basin,20.697358369184983,-6.794052828260238,10.173228356266826
1551,Congo Basin,20.697474329181524,-6.763869813791561,27.976280194755642
1552,Congo Basin,20.707272946568587,-6.756683381775209,25.140442735042736
1553,Congo Basin,20.712063101526873,-6.733686799322871,10.173157176788273
1554,Congo Basin,20.726649997186044,-6.697754639241117,10.173234225572768
1555,Congo Basin,20.725816825315164,-6.680507202401861,10.173174943229009
1556,Congo Basin,20.72854443863809,-6.674758056788781,10.173209510461781
1557,Congo Basin,20.723703251117456,-6.667571624772425,30.51932834916134
1558,Congo Basin,20.71413067071847,-6.661103835957708,17.80302702177218
1559,Congo Basin,20.471416742368802,-6.653198760739716,10.173154221693094
1560,Congo Basin,20.714354620875916,-6.650324187933183,10.173130388470035
1561,Congo Basin,20.716582526769336,-6.633076751093927,10.173150427333939
1562,Congo Basin,20.157719577485175,-6.624453032674314,10.173160109823069
1563,Congo Basin,20.492528074984534,-6.62085981666613,17.80301328064261
1564,Congo Basin,20.717977573248646,-6.5985818774154446,10.173106030442314
1565,Congo Basin,20.72209942531046,-6.558337858123867,10.173090585049739
1566,Congo Basin,20.741520655843097,-6.538215848478078,10.173081028755579
1567,Congo Basin,20.73782052761915,-6.5360599188731685,32.76950874254825
1568,Congo Basin,20.741020550862793,-6.526717557251903,10.17306333829485
1569,Congo Basin,20.742133815551533,-6.516656552429017,10.173098631917133
1570,Congo Basin,20.755265886059167,-6.486473537960329,71.21140199936976
1571,Congo Basin,20.72166191184153,-6.477849819540712,10.17304502731967
1572,Congo Basin,20.766170833433804,-6.467788814717812,10.17307883379329
1573,Congo Basin,20.764669489550773,-6.379395700916665,27.975741390908404
1574,Congo Basin,20.062347086564042,-6.3578364048676095,17.51922903837219
1575,Congo Basin,20.068451878811246,-6.345619470439804,10.172997804899264
1576,Congo Basin,20.069656172583716,-6.339870324826726,20.345971337698003
1577,Congo Basin,20.11402508551881,-6.0624740489954885,10.172843574619023
1578,Congo Basin,20.110464416168256,-5.925931840684786,10.172789724050181
1579,Congo Basin,20.17186597342578,-5.624101695997954,10.172595704254787
1580,Congo Basin,20.061137052905227,-5.595355967932537,10.172593987906883
1581,Congo Basin,19.836622789437385,-5.083682008368203,10.172374670939824
1582,Congo Basin,19.91080936101391,-4.179628860710968,10.172074588582161
1583,Congo Basin,17.901235553922703,1.2216934427800306,10.171299154910958
1584,Congo Basin,18.046601569366977,2.1602414641157535,10.171468549551522
1585,Congo Basin,17.88686584903717,3.69238877000224,66.36947276712802
1586,Congo Basin,17.763934898458878,3.7046057044300325,17.80062875394194
1587,Congo Basin,17.8187871124698,3.8116835414737062,10.171874825790663
1588,Congo Basin,17.22096328622333,4.285988054553011,10.172017425772747
1589,Congo Basin,17.51163517226461,4.57200804880386,20.344198914797524
1590,Congo Basin,17.50941340468829,4.65968251940337,10.172098516309276
1591,Congo Basin,17.515704121530668,4.735858698776706,10.172157690236215
1592,Congo Basin,17.591263100541664,4.755980708422495,10.172195005374261
1593,Congo Basin,17.584333584397683,4.768916286051942,10.172171772784623
1594,Congo Basin,17.143131865930563,4.771790858858475,10.172211823609219
1595,Congo Basin,17.078191608705396,4.802692516528789,17.80130121568532
1596,Congo Basin,17.453924805282224,4.801973873327153,10.17218255769687
1597,Congo Basin,17.54489722322395,4.859465329457986,10.172239538798767
1598,Congo Basin,18.672522399782018,4.8968347759430175,33.05978414681541
1599,Congo Basin,18.39180630161149,5.14907853971702,17.801597342552686
1600,Congo Basin,17.391283432749642,5.158420901338271,10.172358825750301
1601,Congo Basin,17.591440437438862,5.170637835766082,17.80157943355127
1602,Congo Basin,17.408832868276725,5.220224216678909,10.172367490657933
1603,Congo Basin,17.659652949289544,5.259030949567215,10.172404976945181
1604,Congo Basin,17.072947743239343,5.33951898815037,10.172419908386896
1605,Congo Basin,17.0540297741273,5.435817177169506,10.172482018503306
1606,Congo Basin,17.06650732223804,5.445159538790764,25.67225009705821
1607,Congo Basin,17.585260776432612,5.555830591842605,46.02490167470888
1608,Congo Basin,17.067658314679733,5.5845763199080185,17.80193010478891
1609,Congo Basin,17.066313635816584,5.609728831965251,56.43118720550118
1610,Congo Basin,17.174905522614388,5.622664409594686,10.172538543460876
1611,Congo Basin,17.08040793728484,5.651410137660102,10.17253788940894
1612,Congo Basin,17.060187599797793,5.651410137660102,10.172537888879335
1613,Congo Basin,20.644156761398783,5.7893896323740766,10.172597978296775
1614,Congo Basin,20.766451198458284,6.061755405793856,25.13849459363907
1615,Congo Basin,19.847754866062814,6.059599476188959,10.172732960653198
1616,Congo Basin,20.76389390763895,6.071816410616758,33.06144927253148
1617,Congo Basin,17.25395716385188,6.1228400779328584,53.40713722325141
1618,Congo Basin,17.245422422100884,6.126433293941046,43.23429543009104
1619,Congo Basin,17.238056231479,6.124277364336134,10.172765173325814
1620,Congo Basin,17.255818435888784,6.137931585167202,50.86392507380543
1621,Congo Basin,20.70951264175796,6.17961289086205,215.88026996100075
1622,Congo Basin,20.745265288419837,6.188236609281684,17.8023969001967
1623,Congo Basin,20.717879942057884,6.18967389568495,25.7247483261207
1624,Congo Basin,20.7015035661505,6.193267111693128,10.172867324634499
1625,Congo Basin,20.754272955085785,6.193985754894764,17.802494225577586
1626,Congo Basin,20.730418299813678,6.198297614104572,53.407312746187465
1627,Congo Basin,20.7061733948049,6.2033281165160155,25.432104672580703
1628,Congo Basin,20.71701659411094,6.203328116516014,33.06169218431464
1629,Congo Basin,20.70650602409639,6.21051454853237,20.345740386826552
1630,Congo Basin,20.706672342749744,6.21626369414545,25.432095239858906
1631,Congo Basin,20.18828065384151,6.233511130984706,10.172845384138208
1632,Congo Basin,20.492801593932782,6.328372033600569,10.172920239890122
1633,Congo Basin,20.500379603266403,6.356399118464341,334.547516980831
1634,Congo Basin,20.399951793676927,6.357836404867615,74.04171297189828
1635,Congo Basin,20.381315079059007,6.362148264077422,81.09528586845832
1636,Congo Basin,20.070381797146176,6.364304193682324,10.172883300682589
1637,Congo Basin,20.465129358830154,6.3779584145134,131.95865987423622
1638,Congo Basin,20.07006181795688,6.37364655530359,17.519017258366578
1639,Congo Basin,20.371205082426243,6.38227027372321,129.12901553352353
1640,Congo Basin,20.06628742226292,6.388019419336298,17.802602357123767
1641,Congo Basin,20.34357523944206,6.395924494554288,98.61100910602076
1642,Congo Basin,20.050059862917944,6.415327860998438,169.83004801028773
1643,Congo Basin,20.029489044056824,6.4095787153853605,17.802586200727767
1644,Congo Basin,20.012454701047,6.416765147401703,40.691725218439665
1645,Congo Basin,19.989071740807397,6.427544795426238,40.69186300907134
1646,Congo Basin,20.00353561326819,6.427544795426238,10.172965754575742
1647,Congo Basin,20.039856324379073,6.433293941039322,58.49439479642344
1648,Congo Basin,20.023624981059076,6.442636302660577,17.519759908247767
1649,Congo Basin,20.031660827360092,6.4433549458622075,10.17298448391097
1650,Congo Basin,20.011410755038405,6.446229518668755,10.172928354910177
1651,Congo Basin,20.00450008839458,6.45341595068511,25.149812842987416
1652,Congo Basin,19.99670526594932,6.458446453096556,95.79563317268574
1653,Congo Basin,19.10419329169781,6.570554792551671,17.802769423883202
1654,Congo Basin,19.824228486885467,6.756683381775215,10.173095997294874
1655,Congo Basin,17.720559845559833,6.933469609377491,20.346381951219506
1656,Congo Basin,17.714186890177665,6.935625538982403,17.80314808248784
1657,Congo Basin,19.827293568756794,6.949998403015111,63.30250620637436
1658,Congo Basin,17.19669564300941,7.1555303586828085,25.190302422984846
1659,Congo Basin,17.280197007862597,7.159123574690991,10.173362127239134
1660,Congo Basin,22.866539754546565,-9.695934076463637,10.175227441174911
1661,Congo Basin,22.835951417004047,-9.546456290523487,10.175077813828299
1662,Congo Basin,22.78138887314936,-9.437941167076563,17.806255879296344
1663,Congo Basin,22.003669784097085,-8.94135871474656,10.174576880619165
1664,Congo Basin,22.81880495071089,-8.491488070522855,10.174339727346172
1665,Congo Basin,22.641281012413035,-8.366444153438312,10.174176574948724
1666,Congo Basin,22.63801007231404,-8.359257721421962,25.435453908452676
1667,Congo Basin,22.813054847144635,-8.344884857389253,10.174231452005827
1668,Congo Basin,22.412248186946016,-7.715353412756718,10.173835124570171
1669,Congo Basin,21.19309034709255,-7.2539844773068465,10.173499286303645
1670,Congo Basin,21.193558888959434,-7.2489539748953975,27.67761944938039
1671,Congo Basin,21.18823197971586,-7.2439234724839485,10.173474858083813
1672,Congo Basin,20.877774737214885,-7.2043701689049,5.736885592544578
1673,Congo Basin,20.865513078470812,-7.1878693027564,10.173473546455073
1674,Congo Basin,20.860999106647043,-7.183557443546581,10.173485649467006
1675,Congo Basin,20.87787918296393,-7.17205915232042,10.173490354164342
1676,Congo Basin,20.88261331444761,-7.167028649908976,17.803512995720215
1677,Congo Basin,20.832072617246588,-7.1217541282059384,20.346869223260807
1678,Congo Basin,20.892572624124895,-7.114567696189587,10.173426023523811
1679,Congo Basin,20.890956055716956,-7.1102558369797775,10.17343716933069
1680,Congo Basin,20.922485173770646,-7.103069404963426,38.15030417373094
1681,Congo Basin,20.92827886990739,-7.104506691366698,10.17339736647643
1682,Congo Basin,20.909281104655854,-7.1016321185601505,30.52017322528679
1683,Congo Basin,20.891175949917123,-7.100913475358518,25.728703028293793
1684,Congo Basin,20.896245393243966,-7.1016321185601505,10.173377430401558
1685,Congo Basin,20.887386843693406,-7.09588297294707,10.173419342127334
1686,Congo Basin,20.887774889963538,-7.089415184132357,25.728659679295582
1687,Congo Basin,20.892507986063606,-7.08007282251109,50.86711781881647
1688,Congo Basin,20.89550797750367,-7.051327094445687,10.173392858645347
1689,Congo Basin,20.886482311387134,-7.04270337602606,10.173413445599735
1690,Congo Basin,20.90296886314264,-7.040547446421148,17.803410851992084
1691,Congo Basin,20.907533006685806,-7.029767798396623,45.78017140182269
1692,Congo Basin,20.897395669908995,-7.028330511993351,10.173392686533923
1693,Congo Basin,20.910092924091884,-7.019706793573738,35.60690019859734
1694,Congo Basin,20.916660632828894,-7.005333929541029,10.173390918746176
1695,Congo Basin,20.918462969008026,-6.9823373470886985,25.13781607310922
1696,Congo Basin,20.95104399206876,-6.9816187038870625,17.507351908319027
1697,Congo Basin,20.940739230274694,-6.978744131080522,18.099231588234822
1698,Congo Basin,20.948450622646988,-6.972276342265804,10.17335488996596
1699,Congo Basin,20.945386094329454,-6.969401769459257,10.173333808301303
1700,Congo Basin,20.940873622395642,-6.965089910249453,10.173343061212234
1701,Congo Basin,20.931646783084947,-6.938500111788945,17.507501936808033
1702,Congo Basin,20.934290011985276,-6.9313136797725905,17.803306712810393
1703,Congo Basin,20.942253396504135,-6.9305950365709545,10.173333224553636
1704,Congo Basin,20.951545960554682,-6.913347599731704,20.346572081299453
1705,Congo Basin,20.945754641099057,-6.914784886134971,10.173255914503121
1706,Congo Basin,21.309159936938947,-6.910473026925166,10.173346283750423
1707,Congo Basin,20.9510404015218,-6.90328659490881,10.173251290777012
1708,Congo Basin,20.952488196449693,-6.898974735699005,10.173341508224457
1709,Congo Basin,20.95198262688009,-6.889632374077743,27.680517410887667
1710,Congo Basin,20.92737070698948,-6.888913730876101,10.173306316018838
1711,Congo Basin,20.947470864064485,-6.8860391580695675,10.173284516279773
1712,Congo Basin,20.951477081707985,-6.875978153246669,10.173330755441224
1713,Congo Basin,20.91972881028784,-6.848669711584524,10.173244327689645
1714,Congo Basin,20.96294866846778,-6.743747804145775,10.173197068871966
1715,Congo Basin,20.971463950019725,-6.737998658532694,10.173232737748666
1716,Congo Basin,20.978025777298942,-6.725063080903258,10.173169480264459
1717,Congo Basin,20.984201005025113,-6.715720719281997,40.396332507962455
1718,Congo Basin,20.98458718251768,-6.7092529304672786,10.173164190172525
1719,Congo Basin,20.989966877833865,-6.667571624772425,10.173109449791175
1720,Congo Basin,20.992692279863977,-6.661822479159344,10.173143791076436
1721,Congo Basin,20.984058588505796,-6.645293685521733,40.39614158118116
1722,Congo Basin,20.989123182172627,-6.644575042320103,10.173164430560586
1723,Congo Basin,20.988785722898815,-6.638825896707022,10.173116587289348
1724,Congo Basin,20.98627780412712,-6.6294835350857575,17.802996500437292
1725,Congo Basin,20.98504823151123,-6.617985243859593,53.408867022893425
1726,Congo Basin,20.973472668810274,-6.6187038870612325,10.17311192069253
1727,Congo Basin,20.983095262976,-6.605768309431786,10.173125798025692
1728,Congo Basin,20.97841726618705,-6.5985818774154446,10.173106029959323
1729,Congo Basin,21.02404166901107,-6.584209013382736,10.17306602928148
1730,Congo Basin,20.977405534880347,-6.5741480085598365,43.235811231279854
1731,Congo Basin,21.00906664951934,-6.569836149350028,10.173107176791426
1732,Congo Basin,20.968387547925055,-6.5655242901402096,55.95205587357987
1733,Congo Basin,21.07060185185184,-6.55546328531732,45.77890556311236
1734,Congo Basin,20.941756135337435,-6.551151426107506,79.43340418929569
1735,Congo Basin,20.770009643201547,-6.457727809894923,10.173030583419424
1736,Congo Basin,20.772735673933823,-6.451978664281828,10.173061266949444
1737,Congo Basin,20.81813214188135,-6.448385448273659,17.80283704053855
1738,Congo Basin,20.775294713242232,-6.4462295186687495,25.13906715032404
1739,Congo Basin,20.814348737976438,-6.444792232265476,10.173038169330525
1740,Congo Basin,20.80405644305872,-6.443354945862215,10.172984483111113
1741,Congo Basin,20.890842467294526,-6.443354945862215,10.17298448356673
1742,Congo Basin,20.80261000932147,-6.439043086652395,10.173068628881442
1743,Congo Basin,20.780412545099537,-6.428982081829506,10.173019507275356
1744,Congo Basin,20.802108528128457,-6.427544795426234,10.17304749988028
1745,Congo Basin,20.77952237078939,-6.423951579418052,35.6055781630866
1746,Congo Basin,20.816405245564404,-6.421795649813154,10.173077658502539
1747,Congo Basin,20.7794107012286,-6.40598549937717,10.172976153962377
1748,Congo Basin,20.782943035965168,-6.400954996965727,18.09645414138717
1749,Congo Basin,20.773291551163084,-6.394487208151009,10.173035621676568
1750,Congo Basin,22.201117946576296,-6.146555303586827,17.80261547255707
1751,Congo Basin,22.39992292499639,-5.97336229199272,10.172833723169195
1752,Congo Basin,22.408234047336137,-5.967613146379639,10.172774302671778
1753,Congo Basin,22.373465094962622,-5.946772493532213,17.48625800559052
1754,Congo Basin,22.353866780131803,-5.944616563927303,30.51834192468654
1755,Congo Basin,22.360190106131896,-5.939586061515859,17.802381579711053
1756,Congo Basin,22.376538868307208,-5.93311827270114,20.34556642675377
1757,Congo Basin,22.345744424642355,-5.921619981474967,10.172785389223444
1758,Congo Basin,22.395507612088235,-5.920901338273336,17.48590320082125
1759,Congo Basin,22.351345059285393,-5.918745408668434,10.172755243718004
1760,Congo Basin,22.403365257251124,-5.918745408668434,10.1727552441386
1761,Congo Basin,22.331114982298686,-5.915870835861886,10.172806741113998
1762,Congo Basin,22.34547535085273,-5.91443354945862,20.345583289521826
1763,Congo Basin,20.914816627486218,-5.596793254335813,10.172651265360098
1764,Congo Basin,20.920257704249877,-5.588169535916185,10.172633976125153
1765,Congo Basin,20.91035257310176,-5.514867929349382,10.172559592360013
1766,Congo Basin,20.980700431553103,-5.463125618831645,25.134957022117163
1767,Congo Basin,20.98613918567716,-5.454501900412016,10.172500569178792
1768,Congo Basin,20.985634189185916,-5.437254463572774,10.172539970651773
1769,Congo Basin,20.985465862422977,-5.431505317959694,10.172552901995717
1770,Congo Basin,21.77048734222808,-3.9130122329042694,17.800849159733723
1771,Congo Basin,21.650019208605464,-3.9065444440895534,10.17190877828762
1772,Congo Basin,21.126219497555002,-3.8734868568143277,10.171890159485658
1773,Congo Basin,22.34110525725815,4.229215241623816,17.801025839279127
1774,Congo Basin,21.60805511223745,5.34454949056182,17.801735337099174
1775,Congo Basin,21.6010971169234,5.350298636174901,17.49659774099835
1776,Congo Basin,21.597921194671436,5.363952857005978,25.43109183288054
1777,Congo Basin,21.603320367325637,5.37329521862723,17.801776401028267
1778,Congo Basin,21.60999005485869,5.376888434635415,10.172466813983274
1779,Congo Basin,21.772726543576255,5.409946021910637,20.34483386590674
1780,Congo Basin,21.52798498484048,5.428630745153152,25.43109234781016
1781,Congo Basin,20.847061844502043,5.685186368136959,51.157558403005226
1782,Congo Basin,20.838395429268417,5.6844677249353275,10.172623840875293
1783,Congo Basin,20.825013643221716,5.757769331502127,10.172579077591491
1784,Congo Basin,21.013460905581,5.852630234117989,10.172626731543927
1785,Congo Basin,20.8968631613237,5.919464051870075,92.14477824266233
1786,Congo Basin,20.850706848523302,5.921619981474979,86.46792344181132
1787,Congo Basin,20.867324411762354,5.925213197483153,38.14751528313867
1788,Congo Basin,20.87416208405248,5.929525056692962,35.309509636244556
1789,Congo Basin,20.921629389380392,5.9446165639273065,10.17269897600333
1790,Congo Basin,20.913126901678687,5.950365709540387,10.172677120875838
1791,Congo Basin,21.011392008734653,5.950365709540387,10.172677121031706
1792,Congo Basin,20.91184971098265,5.954677568750196,10.172681084627905
1793,Congo Basin,20.880121396054598,5.993484301638512,10.17271421151078
1794,Congo Basin,20.768897239485476,6.032291034526811,42.647318425275074
1795,Congo Basin,20.859950859950885,6.02941646172027,10.172795287882968
1796,Congo Basin,20.78768608180374,6.02941646172027,10.172795288989608
1797,Congo Basin,22.856087553496465,6.035884250534994,28.298011769085978
1798,Congo Basin,22.86802906813348,6.0646299786004025,17.80226402964501
1799,Congo Basin,22.81690140845071,6.068223194608587,10.172737984628078
1800,Congo Basin,22.865333654541082,6.084751988246196,37.82485386289973
1801,Congo Basin,20.82777229034666,6.098406209077265,10.172753802671346
1802,Congo Basin,20.838057915615998,6.10271806828707,10.172755837673744
1803,Congo Basin,20.841116241718538,6.1084672139001635,10.172731234022557
1804,Congo Basin,22.870416472591195,6.119246861924685,142.0960465456453
1805,Congo Basin,20.789412397709654,6.114216359513245,10.172788223328487
1806,Congo Basin,22.860584736345004,6.144399373981921,20.345518002192282
1807,Congo Basin,22.86448586871842,6.164521383627712,25.4320694101821
1808,Congo Basin,20.777849168741483,6.168114599635895,33.061755712427455
1809,Congo Basin,21.124086418761557,6.168833242837531,10.172834487513365
1810,Congo Basin,22.86286824942977,6.179612890862053,43.23447232241227
1811,Congo Basin,22.850338369286476,6.22416876936344,18.12528080948661
1812,Congo Basin,22.844107441202944,6.228480628573257,27.975272665706264
1813,Congo Basin,22.84141022242575,6.24860263821905,17.802552188688935
1814,Congo Basin,22.827145221149372,6.270880577469736,10.172873160689917
1815,Congo Basin,21.07924419165139,6.313999169567861,10.17286854303714
1816,Congo Basin,22.593909294004263,6.344900827238172,17.483326158920256
1817,Congo Basin,22.59201234062038,6.34993132964963,10.172914891268947
1818,Congo Basin,21.18412700963337,6.367178766488871,10.172909602574174
1819,Congo Basin,22.0353406296707,6.43544987064423,17.8027066218822
1820,Congo Basin,22.112723590955113,6.436168513845866,10.17296120091879
1821,Congo Basin,22.23674059787851,6.460602382701461,25.11817033197922
1822,Congo Basin,22.249758919961437,6.462039669104735,10.172946190418966
1823,Congo Basin,22.27525132795987,6.464195598709632,17.802725014899114
1824,Congo Basin,22.228240342657855,6.4663515283145445,10.172943493296177
1825,Congo Basin,22.203649981115234,6.4677888147178155,10.172915330662763
1826,Congo Basin,22.247946768671937,6.469944744322727,17.802670943274265
1827,Congo Basin,22.227785041724076,6.4713820307259935,25.74647335774067
1828,Congo Basin,22.238723209334857,6.472100673927624,25.432459774346796
1829,Congo Basin,22.247581085859395,6.477849819540705,38.14865809904314
1830,Congo Basin,22.206444294109907,6.480005749145612,25.118651841506768
1831,Congo Basin,22.225972486319307,6.479287105943978,20.345951867672902
1832,Congo Basin,22.07290611890641,6.483598965153785,10.173013892393536
1833,Congo Basin,22.198755967018663,6.486473537960332,70.89717923477511
1834,Congo Basin,21.947938181613587,6.505158261202846,10.172998436056554
1835,Congo Basin,22.185181910969284,6.508032834009393,10.172941764721214
1836,Congo Basin,22.081558516708746,6.519531125235554,10.172960099631187
1837,Congo Basin,22.130542762761316,6.546839566897699,10.172991828209595
1838,Congo Basin,22.120213484229808,6.572710722156568,10.17304993538082
1839,Congo Basin,22.138085706706505,6.617266600657965,10.17305896980138
1840,Congo Basin,22.08074084792362,6.6316394646906724,10.173015758825404
1841,Congo Basin,21.94271381830169,6.651761474336462,10.173019634329167
1842,Congo Basin,22.040550535421403,6.670446197578979,10.173051350279751
1843,Congo Basin,22.085587722189622,6.674758056788784,10.173045937069357
1844,Congo Basin,22.041259325958343,6.684819061611673,10.173087611590658
1845,Congo Basin,22.079417274342546,6.696317352837848,10.173099816868556
1846,Congo Basin,21.90865164293581,6.696317352837848,10.173099816710897
1847,Congo Basin,21.982457127696335,6.69775463924112,10.17307064145925
1848,Congo Basin,22.1648000900459,6.69775463924112,10.173070641751053
1849,Congo Basin,21.922028638274966,6.703503784854201,10.173117466178827
1850,Congo Basin,22.042499819098396,6.710690216870558,10.173134958369578
1851,Congo Basin,21.92744639282183,6.711408860072193,17.802960595707667
1852,Congo Basin,22.3876600979281,6.71356478967709,25.432691192161993
1853,Congo Basin,21.973757205914293,6.714283432878726,33.06245102559895
1854,Congo Basin,22.11991348604602,6.727937653709798,25.432751997953474
1855,Congo Basin,21.998520567330274,6.7308122265163455,25.432819376175587
1856,Congo Basin,22.385665583893502,6.7315308697179805,17.802958904315105
1857,Congo Basin,22.044094944037035,6.74518509054904,10.173167687469897
1858,Congo Basin,22.293212829769956,6.75093423616212,10.173131890974437
1859,Congo Basin,22.067429462799637,6.75093423616212,10.173131891441301
1860,Congo Basin,22.17163717063208,6.75093423616212,10.173131891572401
1861,Congo Basin,22.254313879999344,6.758120668178487,10.173066556563542
1862,Congo Basin,21.924654229655854,6.778961321025906,17.80297712642928
1863,Congo Basin,22.181727529332285,6.812737551502758,10.17317024702887
1864,Congo Basin,22.18009135651556,6.823517199527295,25.74633836008094
1865,Congo Basin,21.823357922918397,6.82854770193874,20.346259371638862
1866,Congo Basin,22.207228218036782,6.833578204350182,33.06282755030185
1867,Congo Basin,22.21962193210843,6.833578204350186,17.489130418952907
1868,Congo Basin,21.84116771884674,6.8357341339550945,10.17318538121494
1869,Congo Basin,22.181350275443315,6.8386087067616375,38.14927552693755
1870,Congo Basin,22.27850341011453,6.871666294036853,10.173175149396966
1871,Congo Basin,22.232615759980757,6.896818806094099,18.117202507316033
1872,Congo Basin,21.790936730852778,6.909035740521897,10.173212737770404
1873,Congo Basin,21.802694550573065,6.911910313328431,10.17323434005974
1874,Congo Basin,21.712180564828138,6.930595036570958,10.173169563873225
1875,Congo Basin,21.682124212710825,6.934906895780767,10.173242587951675
1876,Congo Basin,21.751797808845062,6.940656041393847,10.173203485418282
1877,Congo Basin,21.74073925109601,6.949279759813475,10.173267392911631
1878,Congo Basin,22.080266428554182,6.963652623846183,10.173291575050587
1879,Congo Basin,22.0901225496118,6.974432271870707,17.491096409070916
1880,Congo Basin,21.558585736696045,6.9909610655083245,10.173204857743563
1881,Congo Basin,21.56634647873728,7.000303427129582,27.976435928262568
1882,Congo Basin,21.775373104308287,7.025455939186822,25.433225602591538
1883,Congo Basin,21.74061708033308,7.027611868791719,17.80317753318313
1884,Congo Basin,22.03005824992757,7.036954230412983,10.17329062589865
1885,Congo Basin,22.18392469225197,7.04557794883261,10.173270189413563
1886,Congo Basin,21.728894691401106,7.054920310453862,17.49621190443629
1887,Congo Basin,21.80949162361804,7.0901338273339976,20.346594866162842
1888,Congo Basin,21.344909717081332,7.095882972947077,10.173337479280118
1889,Congo Basin,21.349598467901572,7.105943977769977,10.17328453391356
1890,Congo Basin,21.746463459774375,7.105943977769977,10.173284533080633
1891,Congo Basin,21.355011587485528,7.1109744801814205,17.80334466187426
1892,Congo Basin,21.777756318953223,7.121754128205946,10.173352743038091
1893,Congo Basin,21.80270877091331,7.145469353859918,17.80332898300031
1894,Congo Basin,23.60483498309702,-9.948896483439263,10.175402980718887
1895,Congo Basin,22.9053791315619,-9.710306940496345,10.175214493740281
1896,Congo Basin,22.875844526174255,-9.704557794883264,10.1752197457247
1897,Congo Basin,23.487568505809932,-6.447666805072023,10.173063776887554
1898,Congo Basin,23.464048085886034,-6.441917659458943,10.17301253958894
1899,Congo Basin,23.483197531459425,-6.434012584240951,17.80275565675395
1900,Congo Basin,23.4749593205742,-6.427544795426233,20.3460132449714
1901,Congo Basin,23.483543327333493,-6.426826152224594,45.77853829187928
1902,Congo Basin,23.539384978827016,-6.413171931393526,81.05157374787596
1903,Congo Basin,23.52907144923345,-6.407422785780444,102.39501102438291
1904,Congo Basin,23.47574547412235,-6.411734644990252,20.346056021278958
1905,Congo Basin,23.466973095677126,-6.410297358586984,46.110178343892805
1906,Congo Basin,23.520204414517963,-6.404548212973898,10.173004045906259
1907,Congo Basin,23.3842494757057,-6.404548212973898,10.173004046206776
1908,Congo Basin,23.504294794018662,-6.403110926570637,10.17303193003827
1909,Congo Basin,23.508633781427562,-6.40095499696573,27.97586407418062
1910,Congo Basin,23.53501265517659,-6.395924494554285,40.69204853938865
1911,Congo Basin,23.505897666645243,-6.390893992142826,17.802791069972095
1912,Congo Basin,23.495396037217365,-6.383707560126479,81.38399878975677
1913,Congo Basin,23.48363718172249,-6.3793957009166675,25.76434452530874
1914,Congo Basin,23.48200224971879,-6.375083841706858,17.802753913335057
1915,Congo Basin,23.476657452251388,-6.3686160528921345,25.764196055880845
1916,Congo Basin,23.56126192543075,-6.3693346960937705,25.765381280168153
1917,Congo Basin,23.395574552875573,-6.36861605289214,10.172963610648733
1918,Congo Basin,23.44210599111982,-6.357836404867614,186.3198432466889
1919,Congo Basin,23.457573736773163,-6.3628669072790585,25.43249576899892
1920,Congo Basin,23.57043862374787,-6.349212686447982,17.46966710508633
1921,Congo Basin,23.429342717346756,-6.348494043246351,10.172942537134029
1922,Congo Basin,23.567072925788764,-6.338433038423451,45.77837581731689
1923,Congo Basin,23.40997830802602,-6.332683892810371,10.173001015234284
1924,Congo Basin,23.403282692354043,-6.329090676802193,43.23519160082001
1925,Congo Basin,23.40092550935151,-6.324060174390743,10.17300287066917
1926,Congo Basin,23.57571521534791,-6.322622887987482,10.172948671821976
1927,Congo Basin,23.37379693751304,-6.319029671979302,53.73830709395109
1928,Congo Basin,23.388980831338273,-6.315436455971129,68.33708538925563
1929,Congo Basin,23.35065957549367,-6.317592385576032,17.802685689329834
1930,Congo Basin,23.36358048405387,-6.315436455971128,50.53478824382056
1931,Congo Basin,23.569018429551537,-6.316155099172765,17.802733816062275
1932,Congo Basin,23.115485037156027,-6.313999169567854,10.172950269986243
1933,Congo Basin,23.389675283985923,-6.302500878341693,10.172924806024392
1934,Congo Basin,23.356416394864965,-6.301063591938421,10.172952241213894
1935,Congo Basin,23.33761789231832,-6.299626305535146,10.17297966989174
1936,Congo Basin,23.33038769903115,-6.298189019131874,10.173007094030346
1937,Congo Basin,23.36201286964068,-6.295314446325341,10.172980198443222
1938,Congo Basin,23.33724293059126,-6.293877159922065,10.172925879117136
1939,Congo Basin,23.395083547557846,-6.291002587115532,10.17298066753188
1940,Congo Basin,23.366163239074552,-6.28956530071226,20.346016103913414
1941,Congo Basin,23.347177480900694,-6.288128014308985,25.432398428403445
1942,Congo Basin,23.3560411311054,-6.28956530071226,10.173008052046052
1943,Congo Basin,23.383327576095947,-6.288128014308985,10.172953711272573
1944,Congo Basin,23.542387994955046,-6.288128014308985,10.17295371109909
1945,Congo Basin,23.57256470815058,-6.283816155099165,10.172954086527426
1946,Congo Basin,23.37355301527114,-6.2802229390909945,33.06205738056629
1947,Congo Basin,23.57271960477165,-6.2701619342681045,205.33608498109874
1948,Congo Basin,23.5579155386679,-6.280941582292632,10.172927066079314
1949,Congo Basin,23.28028726814101,-6.280941582292632,10.172927066206062
1950,Congo Basin,23.511644160246775,-6.278067009486085,10.172981741228673
1951,Congo Basin,23.126827544102063,-6.275192436679552,10.172954672132326
1952,Congo Basin,23.122303892035177,-6.273755150276276,10.172900266979338
1953,Congo Basin,23.504759609591517,-6.270161934268107,17.80269492196946
1954,Congo Basin,23.578847590511486,-6.262256859050115,10.172955128081364
1955,Congo Basin,23.494605949120004,-6.253633140630487,10.172955153327223
1956,Congo Basin,23.479423884841232,-6.252914497428851,58.494577689206146
1957,Congo Basin,23.27048976214764,-6.252195854227216,10.17298237293779
1958,Congo Basin,23.466945136155495,-6.249321281420682,10.17295507992184
1959,Congo Basin,23.582427645371986,-6.246446708614135,10.172927762060201
1960,Congo Basin,23.26414548726025,-6.240697563001055,10.17295476650015
1961,Congo Basin,23.58638638317013,-6.239260276597779,10.172900215632456
1962,Congo Basin,23.172869157301996,-6.239260276597779,10.17290021509117
1963,Congo Basin,23.599399163005124,-6.234948417387974,10.17298167224348
1964,Congo Basin,23.261952191235075,-6.224887412565071,10.172926373328716
1965,Congo Basin,23.25868688653634,-6.2191382669519895,10.172871289552038
1966,Congo Basin,23.257241080177977,-6.214826407742185,10.17295248034274
1967,Congo Basin,23.612719780881783,-6.211951834935638,10.172924863430532
1968,Congo Basin,23.246746987951802,-6.2076399757258285,10.172924251154667
1969,Congo Basin,23.61667777768852,-6.204765402919282,10.172896573119372
1970,Congo Basin,23.638481061457917,-6.17386374524897,595.1155815925956
1971,Congo Basin,23.60045458641202,-6.179612890862053,25.098842165780184
1972,Congo Basin,23.60378449577538,-6.173145102047332,10.172917311762792
1973,Congo Basin,23.59077328364443,-6.173145102047332,30.518729624284806
1974,Congo Basin,23.628171457484996,-6.168833242837527,10.172916192014036
1975,Congo Basin,23.58480109871573,-6.168833242837527,10.172916192329673
1976,Congo Basin,23.554975503975598,-6.166677313232616,17.802530826128002
1977,Congo Basin,23.548470002409452,-6.167395956434252,10.172861336776428
1978,Congo Basin,23.51449682756406,-6.165240026829343,17.802577795426604
1979,Congo Basin,23.543410167858028,-6.165240026829343,17.802577795726148
1980,Congo Basin,23.624367520681076,-6.165240026829343,17.80257779574359
1981,Congo Basin,23.61550385106535,-6.160928167619535,63.58060365949087
1982,Congo Basin,23.57059387255866,-6.159490881216262,17.469521962913483
1983,Congo Basin,23.581530949072757,-6.160209524417899,35.605198439410714
1984,Congo Basin,23.59868928296067,-6.155897665208091,25.432307515438477
1985,Congo Basin,23.651265329724612,-6.152304449199908,17.80257108131657
1986,Congo Basin,23.64475998490117,-6.151585805998272,10.172911150776715
1987,Congo Basin,23.340989768218847,-6.148711233191738,10.172882990496733
1988,Congo Basin,23.64230671097148,-6.145118017183553,17.468547697611772
1989,Congo Basin,23.658799058778172,-6.126433293941037,246.35766591735594
1990,Congo Basin,23.64651177731912,-6.130026509949221,132.58126410489677
1991,Congo Basin,23.68434365923475,-6.116372289118139,75.96177778062184
1992,Congo Basin,23.33352071504863,-6.109904500303433,25.432143951745985
1993,Congo Basin,23.32880947600883,-6.104155354690338,10.172810965893865
1994,Congo Basin,23.32158201164424,-6.102718068287066,10.17283753038643
1995,Congo Basin,23.672551602723686,-6.095531636270719,61.03708339049989
1996,Congo Basin,23.684743067768412,-6.091938420262548,58.4938164695216
1997,Congo Basin,23.313792881922147,-6.089782490657639,38.14811547543684
1998,Congo Basin,23.616711159890897,-6.0905011338592745,17.468823163224013
1999,Congo Basin,23.61011178208919,-6.088345204254372,10.17285775714916
2000,Congo Basin,23.579817163781062,-6.073253697020027,18.135645270682918
2001,Congo Basin,23.578810435788114,-6.068223194608583,20.345639347266815
2002,Congo Basin,23.291312028264038,-6.035165607333358,10.17285364476245
2003,Congo Basin,23.612178232846404,1.2181002267718626,17.7997966548617
2004,Congo Basin,23.232068252078946,1.651442077357953,10.1713869828956
2005,Congo Basin,23.453485862292247,2.746654316650162,10.171598432049807
2006,Congo Basin,23.519274158705777,3.6133380178223513,20.343639442717606
2007,Congo Basin,23.51388977789155,3.6262735954517895,10.171841085364603
2008,Congo Basin,23.51752280364859,3.6578938963237384,10.171818843037117
2009,Congo Basin,23.49529321982262,3.6629243987351883,17.46872698812008
2010,Congo Basin,23.52077965721966,3.6722667603564476,10.17182253279016
2011,Congo Basin,23.121003817129882,3.778625954198475,58.81484914783432
2012,Congo Basin,23.68443810957544,4.30179820498898,25.430108719757026
2013,Congo Basin,23.67434858506431,4.304672777795526,50.8601370183945
2014,Congo Basin,23.664259060553178,4.30179820498898,25.430133788178868
2015,Congo Basin,23.657052257330932,4.303235491392252,30.516113871661695
2016,Congo Basin,23.656179181447648,4.323357501038041,10.172020055619177
2017,Congo Basin,23.679431124777793,4.329106646651121,10.172026349683092
2018,Congo Basin,23.68206733079215,4.3441981538854675,32.724528664907034
2019,Congo Basin,23.648098914122805,4.34347951068383,10.172000926116473
2020,Congo Basin,23.654680070377555,4.3441981538854675,18.135245509162026
2021,Congo Basin,23.632154814731763,4.5173911654795775,10.172116371700834
2022,Congo Basin,22.899185973700696,5.925931840684793,10.172708059358559
2023,Congo Basin,22.872976098689286,6.163084097224436,10.172778441517114
2024,Congo Basin,23.68781245449692,-9.213005844964705,10.174887319404679
2025,Congo Basin,24.968938078119308,-8.725765754255963,10.174451291350582
2026,Congo Basin,24.959284571760946,-8.72217253824778,17.80531277923119
2027,Congo Basin,24.951085332062323,-8.720016608642883,10.174439443349891
2028,Congo Basin,23.94537909737189,-6.821361269922384,10.173237468954806
2029,Congo Basin,25.121694482165687,-6.414609217796798,10.172972163294713
2030,Congo Basin,24.037603953236136,-6.393049921747737,10.173063461074022
2031,Congo Basin,24.578969350382344,-6.193267111693121,10.17286732464463
2032,Congo Basin,24.55320857762431,-6.16595867003098,10.172888180213672
2033,Congo Basin,24.548674414308763,-6.161646810821171,10.172886966115717
2034,Congo Basin,24.4762933548238,-6.158772238014626,20.345799482093092
2035,Congo Basin,24.48486892829606,-6.158772238014624,10.172858891694311
2036,Congo Basin,24.470742245851874,-6.146555303586824,55.60519972350016
2037,Congo Basin,24.501823088166795,-6.147273946788463,10.172909750230842
2038,Congo Basin,24.523507396758603,-6.145836660385191,10.17293650563714
2039,Congo Basin,24.524559092807348,-6.141524801175382,10.172853330473723
2040,Congo Basin,23.710077656336583,-6.110623143505063,38.1482380149997
2041,Congo Basin,23.708974101586023,-6.1019994250854355,27.975333077178195
2042,Congo Basin,23.690810336655254,-6.099124852278895,126.82585174087856
2043,Congo Basin,23.7020887036546,-6.0948129930690875,17.802435242018515
2044,Congo Basin,23.697466836615604,-6.087626561052737,25.097253075480314
2045,Congo Basin,23.70166943701671,-6.069660481011851,248.2293464081117
2046,Congo Basin,23.70273417111658,-6.05816218978568,10.17284101658131
2047,Congo Basin,23.70090816383886,-6.050975757769328,10.172809396184983
2048,Congo Basin,23.702163195169334,-6.044507968954612,33.061665840695035
2049,Congo Basin,23.711367523426397,-6.04163339614807,17.80242986956594
2050,Congo Basin,23.724907660189515,-6.033728320930086,30.51858169714387
2051,Congo Basin,23.743696804239626,-6.0344469641317176,41.02684739824268
2052,Congo Basin,23.71768106632409,-6.033728320930086,10.172879905108806
2053,Congo Basin,23.710359269492933,-6.032291034526812,40.69146126746503
2054,Congo Basin,23.746642730963153,-6.02151138650228,32.72614101325458
2055,Congo Basin,23.748825782209686,-5.9891724424287,10.172792430083168
2056,Congo Basin,23.77050364910759,-5.987735156025428,10.172818490574395
2057,Congo Basin,23.767095533019656,-5.961145357564918,56.28607229923258
2058,Congo Basin,23.752318104091877,-5.937430131910947,10.172746567637118
2059,Congo Basin,23.755318294934554,-5.904372544635725,10.172767482554363
2060,Congo Basin,23.735866766228014,-5.8885623941997505,25.096529497402212
2061,Congo Basin,23.73250064217828,-5.879938675780128,10.172713361536163
2062,Congo Basin,23.729229880075124,-5.8713149573605,10.17270343895651
2063,Congo Basin,23.719944785079143,-5.752020185889043,10.172679220801031
2064,Congo Basin,24.46924416132476,-5.568047526270396,10.172647177417536
2065,Congo Basin,24.48079715667948,-5.568047526270396,10.17264717706805
2066,Congo Basin,24.389453209422985,-4.0021239899070515,17.800979561631895
2067,Congo Basin,25.211642112827885,-0.058928742534095496,10.171270042174141
2068,Congo Basin,25.27301764752854,0.508799386757805,20.342582116275345
2069,Congo Basin,25.21572479218069,0.5476061196461155,10.171310472120739
2070,Congo Basin,24.351757188498404,1.348174646267844,10.171377674060778
2071,Congo Basin,25.66158492736948,2.0617873454917115,241.93427166627845
2072,Congo Basin,25.688192147274563,2.0574754862819047,358.1805360504417
2073,Congo Basin,25.674528980296277,2.0581941294835326,25.428669282293484
2074,Congo Basin,25.677405436502244,2.066099204701525,32.69443486152663
2075,Congo Basin,25.55751759845947,2.079753425532595,78.82859663119437
2076,Congo Basin,25.56285784259191,2.093407646363668,84.2756360115934
2077,Congo Basin,25.58956780209507,2.097000862371844,114.79034607091138
2078,Congo Basin,25.609908110267675,2.1084991535980144,81.37162417395594
2079,Congo Basin,25.647508170261062,2.1199974448241754,25.428671536658303
2080,Congo Basin,25.641035885224824,2.1221533744290775,17.800073837727844
2081,Congo Basin,25.635487582702083,2.132214379251972,94.08603883049905
2082,Congo Basin,25.652542169733692,2.129339806445439,17.799993183950573
2083,Congo Basin,25.67647904880622,2.1401194544699615,226.67799516714496
2084,Congo Basin,25.605692551100315,2.1588041777124767,447.1829657216929
2085,Congo Basin,25.647608773822352,2.175332971350097,99.17158222379545
2086,Congo Basin,25.68572455951096,2.175332971350097,137.67765274770701
2087,Congo Basin,25.62767691619253,2.1818007601648124,25.428724717587706
2088,Congo Basin,25.616889343476302,2.183238046568079,104.25770672615229
2089,Congo Basin,25.670928560012776,2.230668497876014,88.63762364811828
2090,Congo Basin,24.263155788546946,3.9022325848797514,25.42970207666054
2091,Congo Basin,24.268918324062568,3.9007952984764755,10.171895159406125
2092,Congo Basin,24.163244723002695,4.006435849116868,106.46368444445932
2093,Congo Basin,24.060468765009148,4.038056149988828,17.80092835709402
2094,Congo Basin,24.061381811195716,4.043086652400273,10.171979082903007
2095,Congo Basin,23.6945643210005,4.209811875179664,10.172017812863672
2096,Congo Basin,23.697561756816278,4.286706697754641,17.801014205573527
2097,Congo Basin,23.684627765632882,4.310421923408606,20.34405177082169
2098,Congo Basin,23.6884208840487,4.316889712223324,96.96894339810338
2099,Congo Basin,23.68739689607125,4.349947299498551,43.23118794740683
2100,Congo Basin,23.74702702702703,4.347072726692008,17.80106160391635
2101,Congo Basin,23.750860895331147,4.375818454757417,17.801111354957516
2102,Congo Basin,23.751852059490126,4.429716694880065,10.172079672218711
2103,Congo Basin,23.760201834127614,4.463492925356929,38.14537017256309
2104,Congo Basin,23.702724782546028,4.468523427768371,10.172128160735811
2105,Congo Basin,23.731985355966984,4.619438500111793,10.17209247867627
2106,Congo Basin,25.34913980049155,6.186080679676772,10.172838628981777
2107,Congo Basin,23.73228675749145,6.850106997987803,10.173132666986952
2108,Congo Basin,25.730764550801062,-10.147242007090618,10.175594737665433
2109,Congo Basin,26.164199192462974,-9.98339135711776,10.175426929260913
2110,Congo Basin,26.128749797308252,-9.97764221150468,10.175436936996865
2111,Congo Basin,25.969234502407403,-9.94530326743109,17.439919648278845
2112,Congo Basin,26.05324599520074,-9.94602191063273,10.175407694512698
2113,Congo Basin,25.974011235317466,-9.921588041777131,10.175405528403651
2114,Congo Basin,25.762794199800858,-9.509086844038457,10.175091651169986
2115,Congo Basin,25.805438653285854,-9.379731067744096,10.174942218589939
2116,Congo Basin,26.319932890236807,-8.129291896898657,10.174046114134072
2117,Congo Basin,26.12907867180381,-2.6331086907917785,10.171625754851929
2118,Congo Basin,26.130703072545316,-2.5784918074675067,10.1715674130592
2119,Congo Basin,26.537899069005476,-2.2895972404101066,10.171494297100537
2120,Congo Basin,26.506654742075877,-2.2701938739659484,33.43185591640593
2121,Congo Basin,26.457897176098335,-2.1631160369222924,10.171449798539667
2122,Congo Basin,26.441368403396247,-1.4042288159953986,10.171388736563598
2123,Congo Basin,26.47471041755447,-0.8961480724392366,18.173819851060966
2124,Congo Basin,26.462386200287483,-0.8738701331885386,30.51402664691388
2125,Congo Basin,26.438529075759128,1.8073876521128185,17.799925546992498
2126,Congo Basin,26.41759207477831,1.8476316714043954,17.799963915124337
2127,Congo Basin,26.402492610050345,1.8512248874125645,10.171387906904974
2128,Congo Basin,26.490424945473713,1.8584113194289213,10.171428957688367
2129,Congo Basin,26.38709574332099,1.8749401130665349,71.199871143506
2130,Congo Basin,25.78403643336531,1.9870484525216399,225.9500801585943
2131,Congo Basin,25.756505620760453,1.974112874892209,17.799967913430613
2132,Congo Basin,26.29982662053868,1.9906416685298156,10.171473925321749
2133,Congo Basin,25.77828556962037,2.030885687821397,421.3863310520718
2134,Congo Basin,25.747672885621817,2.051726340668817,53.399993770428246
2135,Congo Basin,25.71479936717964,2.0603500590884445,93.72250894301214
2136,Congo Basin,25.77448583345319,2.0653805614998895,101.71452459752791
2137,Congo Basin,25.69980023971234,2.1077805103963767,96.26577016080368
2138,Congo Basin,25.702882164459965,2.125027947235621,109.34307268933696
2139,Congo Basin,25.725175590695898,2.1214347312274464,10.171475365516756
2140,Congo Basin,25.740996731895592,2.122872017630709,10.171466163987999
2141,Congo Basin,25.747674753092355,2.133651665655246,246.65749859786135
2142,Congo Basin,25.790823664780902,2.1329330224536145,116.97167640435549
2143,Congo Basin,25.699697156144403,2.148743172889589,389.42150853289814
2144,Congo Basin,25.704422869471394,2.1746143281484613,10.171455838641801
2145,Congo Basin,25.729799271239518,2.1853939761729846,43.228731411849054
2146,Congo Basin,25.85062008566131,2.1897058353828056,17.800016079055506
2147,Congo Basin,25.697641897669094,2.1918617649877037,30.51447373451586
2148,Congo Basin,25.8184636775529,2.2019227698105976,99.17180119208403
2149,Congo Basin,25.85031404324686,2.204797342617135,127.14358350940708
2150,Congo Basin,25.826374627426247,2.199766840205693,17.800041730587267
2151,Congo Basin,25.86541688641703,2.206953272222047,96.62905267931006
2152,Congo Basin,25.711922646635756,2.2313871410776454,236.12342634387082
2153,Congo Basin,25.8586383250759,2.237136286690734,124.60046985615145
2154,Congo Basin,26.523508209851823,4.4943945830272405,10.172103646561906
2155,Congo Basin,26.948921679909212,-9.97764221150468,10.175436937316487
2156,Congo Basin,26.977456773911122,-9.918713468970584,10.175327523604624
2157,Congo Basin,26.998067025384444,-9.856191510428307,17.42532597587376
2158,Congo Basin,27.001932816784006,-9.833194927975978,17.42518247557427
2159,Congo Basin,27.00320876413963,-9.78504583346642,10.175301968768037
2160,Congo Basin,27.336448598130822,-9.001724743683926,10.174655969857902
2161,Congo Basin,27.347753044939083,-8.64240314286626,10.174434127805434
2162,Congo Basin,27.306098713382287,-8.638809926858091,17.805281156128967
2163,Congo Basin,27.32528368937526,-8.633779424446642,127.18020868707241
2164,Congo Basin,27.314776314214306,-8.628030278833563,84.32485906662993
2165,Congo Basin,27.258409724185256,-8.632342138043377,10.174451888523688
2166,Congo Basin,27.307617755378942,-8.62946756523683,10.17444516520734
2167,Congo Basin,27.299511769148676,-8.628748922035197,17.419466836436488
2168,Congo Basin,27.319157184044954,-8.610064198792674,260.44634246039243
2169,Congo Basin,27.345986108867713,-8.619406560413939,10.174380362241104
2170,Congo Basin,27.3416249394282,-8.617969274010669,10.17441803392334
2171,Congo Basin,27.334089766064867,-8.605752339582867,73.37803537830715
2172,Congo Basin,27.35153383333246,-8.605752339582867,35.99679613515508
2173,Congo Basin,27.343207403937782,-8.602877766776318,58.50259965078734
2174,Congo Basin,27.245812672621256,-8.602159123574683,10.174338990120008
2175,Congo Basin,27.322856266050763,-8.600721837171413,10.174376586363095
2176,Congo Basin,27.34523136558184,-8.58778625954199,25.435999408280406
2177,Congo Basin,27.325782782558903,-8.580599827525628,60.66012417060847
2178,Congo Basin,27.34322574048637,-8.579162541122358,50.485515712654085
2179,Congo Basin,26.704517044767208,-8.060302149541663,10.174019543534703
2180,Congo Basin,26.70263469866692,-8.055990290331852,10.17396099661816
2181,Congo Basin,26.71134444632616,-8.054553003928582,20.347992335687234
2182,Congo Basin,26.701693548387112,-8.050241144718772,40.696101262040656
2183,Congo Basin,26.709677419354847,-8.048803858315502,10.17405473980882
2184,Congo Basin,27.071925679217458,-8.040180139895874,10.17401933988038
2185,Congo Basin,26.716073675042736,-8.03874285349261,10.173972395917621
2186,Congo Basin,27.07387875562437,-8.004247979814114,10.173992495515497
2187,Congo Basin,26.61726523569162,-7.9927496885879386,10.17394370409269
2188,Congo Basin,26.583668631419393,-7.988437829378134,10.173966322959613
2189,Congo Basin,26.866191505144002,-7.956817528506184,10.17399374773506
2190,Congo Basin,26.803447191699654,-7.90938707719825,10.173906181361863
2191,Congo Basin,26.792455858147484,-7.907231147593341,27.5996753106836
2192,Congo Basin,26.81629099351843,-7.905075217988431,10.173927710018901
2193,Congo Basin,26.808819380063696,-7.90363793158517,10.173880195466502
2194,Congo Basin,26.81730970768907,-7.9007633587786215,10.173867162840248
2195,Congo Basin,26.83182045370264,-7.9007633587786215,10.173867163415286
2196,Congo Basin,26.809112675034488,-7.895014213165542,25.434807602599818
2197,Congo Basin,26.838133933106025,-7.89573285636718,17.804335170812223
2198,Congo Basin,26.82870202423276,-7.895014213165542,10.173923044869566
2199,Congo Basin,26.799680766161224,-7.895014213165542,10.173923044953245
2200,Congo Basin,26.822681542628665,-7.891420997157362,63.20795681901237
2201,Congo Basin,26.85315361795434,-7.890702353955723,10.173944385678242
2202,Congo Basin,27.282442255927542,-7.780031300903889,10.173789450953615
2203,Congo Basin,27.065141592991285,-4.99457025136542,10.172346440520482
2204,Congo Basin,26.64653874491464,-4.388035389185223,10.172064777190549
2205,Congo Basin,27.07536143710275,-4.076144239675491,10.171980790985538
2206,Congo Basin,26.906733885487938,-3.762815803762496,25.429660013808242
2207,Congo Basin,27.04940069452223,-3.669392187549906,10.17185440020374
2208,Congo Basin,27.0475276044167,-3.6564566099204745,10.171834716705993
2209,Congo Basin,27.058832942607268,-3.6478328915008467,10.171848444674511
2210,Congo Basin,27.03575242509225,-3.621243093040342,25.0476998429116
2211,Congo Basin,27.030387403389177,-3.6126193746207145,58.10618347748635
2212,Congo Basin,27.018866113004634,-3.6147753042256205,10.171804034831148
2213,Congo Basin,27.04046853247563,-3.6090261586125396,25.429648982225213
2214,Congo Basin,27.01454562911045,-3.6104634450158026,10.171851075660639
2215,Congo Basin,26.66066605839159,-3.60112108339455,17.42405407878897
2216,Congo Basin,26.67712100361635,-3.598965153789641,10.171813477416961
2217,Congo Basin,26.698695520363188,-3.5695007825225935,25.806817559195995
2218,Congo Basin,26.68778801843318,-3.5673448529176914,10.171830098078562
2219,Congo Basin,27.331509216589872,-3.5659075665144147,10.171845576982204
2220,Congo Basin,26.651519999999998,-3.5084161103835916,20.343617264044948
2221,Congo Basin,26.661386708906328,-3.4997923919639673,10.17181851072562
2222,Congo Basin,27.167503437689867,-2.8113322047973446,33.05774674757973
2223,Congo Basin,26.621471455866697,-2.7797119039253806,10.171648013802685
2224,Congo Basin,26.9129426812695,-2.7524034622632483,10.171632039735364
2225,Congo Basin,26.91416648679759,-2.7480916030534304,10.171586515323911
2226,Congo Basin,26.920930827464343,-2.7294068798109126,10.171578325315679
2227,Congo Basin,26.825747038227263,-2.7179085885847516,10.17159152716889
2228,Congo Basin,27.209938126528847,-2.7107221565684005,10.171650397315833
2229,Congo Basin,27.218705035971233,-2.6604171324539325,10.171570244516719
2230,Congo Basin,26.810439231045933,-2.604362962726376,10.171609007403957
2231,Congo Basin,26.701597045705256,-2.597895173911657,17.800262323205786
2232,Congo Basin,26.67569900724186,-2.5935833147018434,58.486567163349235
2233,Congo Basin,27.209553269548948,-2.5641189434347984,10.171597635777728
2234,Congo Basin,27.177683638398207,-2.5554952250151706,10.171582947458809
2235,Congo Basin,26.83339727604065,-2.5425596473857324,10.171519848789087
2236,Congo Basin,26.705138554746526,-2.5210003513366734,10.171603258665813
2237,Congo Basin,26.653132343302907,-2.5123766329170456,10.17158744996807
2238,Congo Basin,26.653425621023686,-2.494410552876166,17.80023100100614
2239,Congo Basin,26.86613329923191,-2.4865054776581763,25.42884670269082
2240,Congo Basin,26.609521289440885,-2.4570411063911353,17.42430464402839
2241,Congo Basin,26.60294117647061,-2.4548851767862265,10.171530535548811
2242,Congo Basin,26.60164069203718,-2.3478073397425634,17.42437986874186
2243,Congo Basin,26.59135863064561,-2.339183621322943,25.804461135309182
2244,Congo Basin,26.964541160863412,-2.3384649781213116,10.17147824821843
2245,Congo Basin,26.57399045800002,-2.3312785461049463,147.86234490039348
2246,Congo Basin,26.60319920738916,-2.0280111150148517,25.428728022049977
2247,Congo Basin,26.79336624646504,-1.7261809703280195,10.171412525902676
2248,Congo Basin,26.625074889164033,-1.619821776485995,10.171380478361435
2249,Congo Basin,26.734082576501862,-1.4818422817720065,45.77119157894363
2250,Congo Basin,26.73674457242359,-1.466750774537674,101.33608586145643
2251,Congo Basin,26.744438675665975,-1.4437541920853405,17.799917565657335
2252,Congo Basin,26.709213626742297,-1.4401609760771585,45.771286896092946
2253,Congo Basin,26.71834563404581,-1.4336931872624425,50.85673073055026
2254,Congo Basin,27.108615608252194,-1.2993069085566367,10.171329051282996
2255,Congo Basin,27.071809084156655,-1.2030087195375105,10.171367473664974
2256,Congo Basin,27.271267929591417,-1.0930563096873032,58.485201825285095
2257,Congo Basin,27.277736958119043,-1.082995304864419,33.05692260452411
2258,Congo Basin,27.065918003849774,1.3280526366220555,10.17137763979068
2259,Congo Basin,27.021137224201567,1.6643776549873843,10.171403547030671
2260,Congo Basin,27.323405819099804,1.7901402152735657,319.62703562305074
2261,Congo Basin,27.297521849585365,1.786546999265391,76.28553713430692
2262,Congo Basin,27.34569479284835,1.7901402152735626,63.57126417317386
2263,Congo Basin,27.303273842810796,1.786546999265394,10.171417736849433
2264,Congo Basin,27.280483810406388,1.7994825768948255,25.428572300023024
2265,Congo Basin,27.350946290334168,1.8037944361046354,865.9531870053531
2266,Congo Basin,27.314495254529774,1.8152927273308004,33.057141077706376
2267,Congo Basin,27.311772977118757,1.8742214698649005,10.171421209287107
2268,Congo Basin,26.614441852289808,1.9295569963908175,17.800000376715207
2269,Congo Basin,26.616705349827757,1.937462071608803,20.342846618986524
2270,Congo Basin,26.62112605162871,1.94177393081861,10.171438715885154
2271,Congo Basin,26.648450420651507,1.944648503625154,20.34284372343234
2272,Congo Basin,26.667865103904532,1.946804433230066,17.799966117675694
2273,Congo Basin,26.675481979210762,1.9712383020856614,17.799997849834654
2274,Congo Basin,26.682672717539806,1.9769874476987426,17.799937932917512
2275,Congo Basin,27.260383514321802,3.0829793350154917,10.171648557821396
2276,Congo Basin,26.904432299210207,3.7383819349068945,10.171815200916827
2277,Congo Basin,26.906370038412298,3.8030598230540784,25.4295624507878
2278,Congo Basin,26.890524967989755,3.8030598230540784,10.171811191790276
2279,Congo Basin,26.56517145327058,3.9870324826727104,10.17192616985333
2280,Congo Basin,27.401751154317424,-10.256475773739176,10.17566154130646
2281,Congo Basin,27.402100001622856,-10.243540196109738,10.17565334204709
2282,Congo Basin,27.38773102316898,-8.852246957743777,25.43634096225581
2283,Congo Basin,27.41946301108679,-8.838592736912704,32.67974570457209
2284,Congo Basin,27.37742662562711,-8.731514899869044,10.174463038749437
2285,Congo Basin,27.42324670701295,-8.712111533424896,40.31022266167545
2286,Congo Basin,27.361977063479245,-8.617969274010669,35.61047156884941
2287,Congo Basin,27.353254724600234,-8.617969274010669,10.174418033230511
2288,Congo Basin,27.378142107820025,-8.611501485195948,18.192051477245084
2289,Congo Basin,27.36602383951935,-8.591379475550163,35.61043095692771
2290,Congo Basin,27.35657524953969,-8.5942540483567,17.805167369806203
2291,Congo Basin,27.361662951836436,-8.59353540515507,10.174400136550895
2292,Congo Basin,27.399236043253204,-8.589223545945252,20.34886124673645
2293,Congo Basin,27.376989606802816,-8.583474400332172,10.174416409528574
2294,Congo Basin,27.357430108047865,-8.576287968315814,10.174357418697412
2295,Congo Basin,27.383594166384015,-8.576287968315814,10.17435741739875
2296,Congo Basin,27.350162314065606,-8.574850681912544,10.174394899221307
2297,Congo Basin,27.416439373154077,-8.303203551694398,10.17413650271809
2298,Congo Basin,27.390737011679413,-7.54575361717078,10.173665350839615
2299,Congo Basin,27.40200480324649,-7.538567185154426,20.34741386511577
2300,Congo Basin,27.425685960263827,-7.481075729023605,10.173583308388897
2301,Congo Basin,27.390280485334102,-7.317943722252385,335.7273320161509
2302,Congo Basin,27.358006005812598,-7.322974224663827,10.173529873907501
2303,Congo Basin,27.375175101035325,-7.320099651857294,10.173511824951147
2304,Congo Basin,27.4359407829594,-7.293509853396785,83.93164447134052
2305,Congo Basin,27.445469942307888,-7.294947139800056,17.415887826905177
2306,Congo Basin,27.428695631173476,-7.294228496598425,10.173512051991015
2307,Congo Basin,27.363489265100114,-7.292791210195151,25.820419191098104
2308,Congo Basin,27.44564211136422,-7.28488613497716,86.47482425727381
2309,Congo Basin,27.43549906217043,-7.284167491775525,10.173570741634586
2310,Congo Basin,27.424693703411524,-7.276981059759169,10.17348378003775
2311,Congo Basin,27.446428283934132,-7.275543773355897,10.173515505383419
2312,Congo Basin,27.390709617553643,-3.425053498993893,10.171786186650332
2313,Congo Basin,27.429092188149532,-2.739467884633803,10.171576610967373
2314,Congo Basin,27.38360938799002,-2.7006611517454955,10.17156992806459
2315,Congo Basin,27.37685526347338,-2.481474975246731,17.80025867941467
2316,Congo Basin,27.38129680394492,-2.415359800696284,17.80025988955653
2317,Congo Basin,27.418151612207545,-1.3409882142514844,10.171325574953551
2318,Congo Basin,27.410496046010067,1.5292727330799436,10.171404270556293
2319,Congo Basin,27.393430050488895,1.762113130409781,10.1713859965835
2320,Congo Basin,27.404433792690213,1.7700182056277736,53.39994480294358
2321,Congo Basin,27.416375735981397,1.8081062953144493,1198.4574374333745
2322,Congo Basin,27.39602473357087,1.784391069660482,88.61270134128988
2323,Congo Basin,27.396243598859165,1.8045130793062705,114.42822235210141
2324,Congo Basin,27.3811444960175,1.806669008911183,10.171389945405208
2325,Congo Basin,27.36316937358695,1.8088249385160844,17.799911829395047
2326,Congo Basin,27.360511935576653,1.8246350889520595,114.42811009949939
2327,Congo Basin,27.40430937372671,1.8562553898240166,97.01546133015785
2328,Congo Basin,27.42250415441648,1.8727841834616266,40.68571731987804
2329,Congo Basin,27.409780533207623,1.8835638314861556,63.57135425790867
2330,Congo Basin,27.425380288891734,1.8814079018812435,10.17138050069346
2331,Congo Basin,27.38964743103213,1.894343479510689,10.171388096108984
2332,Congo Basin,27.35638153374136,2.0100450349739725,129.68596924451433
2333,Congo Basin,27.380830630083597,2.0071704621674327,40.6858215208845
2334,Congo Basin,27.371482446188026,2.010763678175604,38.14289069312989
2335,Congo Basin,27.445207066550527,2.0718483503146055,17.800061864208807
2336,Congo Basin,27.376609056260044,2.099875435178387,25.42862524352267
2337,Congo Basin,27.3840191769876,2.1178415152192676,89.00024655974299
2338,Congo Basin,27.392867701699572,2.1264652336388914,17.80002547926503
2339,Congo Basin,27.41222252409187,2.159522820914115,17.80007815303968
2340,Congo Basin,27.42444824445049,2.1652719665271927,33.05718525354425
2341,Congo Basin,27.435454872348057,2.1717397553419144,25.428686708540948
2342,Congo Basin,27.47841956088148,-8.561915104283106,10.17432113800793
2343,Congo Basin,27.646859329958083,-8.549698169855308,53.41515131137576
2344,Congo Basin,27.66268367511708,-8.495799929732659,10.174310521223134
2345,Congo Basin,27.525107083222398,-8.150851192947716,10.174087376167407
2346,Congo Basin,27.460635625965992,-7.2820115621706165,25.821891492513554
2347,Congo Basin,27.455564142194753,-7.281292918968978,10.173552354683526
2348,Congo Basin,27.45367314410834,-7.276981059759169,10.173483780728736
2349,Congo Basin,27.45055422734191,-7.271231914146089,10.173528753863799
2350,Congo Basin,27.456129053031503,-7.266920054936284,50.47972415652792
2351,Congo Basin,27.463594870680303,-7.269794627742817,10.173560454891575
2352,Congo Basin,27.465608423018388,-7.258296336516656,10.173486263999676
2353,Congo Basin,27.71547331509138,-5.6751253633140575,107.98762605113222
2354,Congo Basin,27.671762460097213,-5.404196876297553,55.16689253506579
2355,Congo Basin,27.6974715869371,-5.380481650643586,18.19325290584219
2356,Congo Basin,27.72145807434734,-5.370420645820687,93.70411014553024
2357,Congo Basin,27.643186623102075,-4.359289661119806,10.172118866333502
2358,Congo Basin,27.531920684603637,-4.068957807659135,10.171987780824239
2359,Congo Basin,27.54378662226634,-4.038056149988821,58.488930544036414
2360,Congo Basin,27.53009829976628,-4.036618863585549,17.80095903413021
2361,Congo Basin,27.525055233582037,-4.037337506787185,10.171967828788734
2362,Congo Basin,27.55448289370024,-4.03230700437574,55.556641593359295
2363,Congo Basin,27.5457274364619,-4.029432431569195,17.80096976716629
2364,Congo Basin,27.53985373886068,-4.026557858762655,42.84182614806276
2365,Congo Basin,27.53348008805284,-4.028713788367558,10.171991472987424
2366,Congo Basin,27.52234312378893,-4.020808713149575,27.584061327586138
2367,Congo Basin,27.528716770594023,-4.015778210738125,10.171985804542162
2368,Congo Basin,27.58346874574749,-4.0129036379315774,10.172020664210093
2369,Congo Basin,27.557313012295097,-4.010029065125044,10.171974076959836
2370,Congo Basin,27.54722720286886,-4.008591778721769,10.17199148507122
2371,Congo Basin,27.717793178507996,-3.8088089686671576,10.171907906487224
2372,Congo Basin,27.715849355512372,-3.6327413842665,17.80074026013028
2373,Congo Basin,27.67414139313113,-3.5127279695934055,10.171844301723109
2374,Congo Basin,27.61460115440576,-2.7912101951515558,10.171632667472545
2375,Congo Basin,27.560696783889867,-2.7660576830943184,38.14352555159516
2376,Congo Basin,27.501478935166688,-2.7581526078763297,45.772230615537424
2377,Congo Basin,27.559756974978015,-2.757433964674694,32.66839419478941
2378,Congo Basin,27.573427132464644,-2.7581526078763297,25.428975666401556
2379,Congo Basin,27.52738028619396,-2.7567153214730586,10.171596192174311
2380,Congo Basin,27.638520318444876,-2.5813663802740394,10.171545033701939
2381,Congo Basin,27.69313767803194,-2.4728512568271035,17.800229215565402
2382,Congo Basin,27.566608595585535,-2.3025328180395435,10.171485968565284
2383,Congo Basin,27.6876632244771,-1.1182088217445516,10.171339350810463
2384,Congo Basin,27.712378107704495,-1.0758088728480615,17.799805028226597
2385,Congo Basin,27.73277961905523,-1.0290970647417685,122.0556011693527
2386,Congo Basin,27.4766310277293,-0.8961480724392366,17.411657989090312
2387,Congo Basin,27.69756074184117,1.3201475614040725,55.94231313865422
2388,Congo Basin,27.569108872932297,1.3266153502187845,30.514109571778302
2389,Congo Basin,27.662558605761923,1.329489923025332,10.171371879180526
2390,Congo Basin,27.69131236970948,1.3309272094286024,25.428413484378524
2391,Congo Basin,27.559045055550655,1.332364495831869,25.428400846929605
2392,Congo Basin,27.60095846645368,1.3467373598645733,38.14259605210881
2393,Congo Basin,27.543450479233233,1.3496119326711207,38.14265383600527
2394,Congo Basin,27.473661509461074,1.417883036826474,27.97117763762468
2395,Congo Basin,27.64436172507169,1.55155067233064,55.94260000199209
2396,Congo Basin,27.675496053934886,1.5709540387747976,30.514115656626334
2397,Congo Basin,27.666371108821195,1.581733686799327,33.05705610541686
2398,Congo Basin,27.58054079961658,1.6205404196876314,55.94258477805888
2399,Congo Basin,27.61001717458162,1.6183844900827267,10.171387501663817
2400,Congo Basin,27.59010736196319,1.6306014245105285,48.31417179216074
2401,Congo Basin,27.699386503067466,1.6442556453415955,10.171341450364839
2402,Congo Basin,27.552223544730502,1.653598006962858,68.65678051461884
2403,Congo Basin,27.573791968558034,1.6579098661726686,17.799870725364208
2404,Congo Basin,27.55941301933968,1.6579098661726686,17.799870725702966
2405,Congo Basin,27.58401968381279,1.708933533488772,10.171420626918916
2406,Congo Basin,27.574673068166387,1.7154013223034874,58.48547652493078
2407,Congo Basin,27.58977144728749,1.716119965505123,38.14267603788937
2408,Congo Basin,27.67914489766573,1.7276182567312985,55.94273435336469
2409,Congo Basin,27.700714183003413,1.7348046887476416,71.19961316659878
2410,Congo Basin,27.733235336411695,1.7829537832572115,1392.6994199523558
2411,Congo Basin,27.472458117964727,1.7980452904915518,97.01633219080995
2412,Congo Basin,27.715537748512467,1.8540994602191074,193.64830891556895
2413,Congo Basin,27.465207318047483,1.8469130282027604,10.17141195837454
2414,Congo Basin,27.70486302518993,1.8562553898240095,17.80002181574023
2415,Congo Basin,27.684011216834826,1.8670350378485496,10.171380502082027
2416,Congo Basin,27.677650536147887,1.8691909674534515,25.819543828430152
2417,Congo Basin,27.663380416719946,1.873502826663265,17.799994224908517
2418,Congo Basin,27.536830499808275,1.8821265450828786,17.799908737615468
2419,Congo Basin,27.4888748631828,1.8900316203008716,10.171412710229676
2420,Congo Basin,27.571784669958284,1.9015299115270325,25.428570532471706
2421,Congo Basin,27.56531326398541,1.9029671979303027,10.171419967924093
2422,Congo Basin,27.582570346579722,1.9072790571401195,53.78963361404338
2423,Congo Basin,27.70265087963184,1.9065604139384886,119.51392300296295
2424,Congo Basin,27.582790716254557,1.917340061963011,10.17141841078139
2425,Congo Basin,27.584228817960327,1.921651921172821,10.171393443840426
2426,Congo Basin,27.515419769262746,1.9274010667859156,86.45728457715856
2427,Congo Basin,27.461210271488163,1.953272222044785,10.17145242806928
2428,Congo Basin,27.547498442019155,1.953272222044785,10.171452428552369
2429,Congo Basin,27.56835141656415,1.9590213676578625,40.68567398106572
2430,Congo Basin,27.559003531423272,1.9633332268676695,25.428482728217563
2431,Congo Basin,27.57072890117528,1.9662077996742164,30.51437165623172
2432,Congo Basin,27.46114941794038,1.9927975981347243,17.800056697249964
2433,Congo Basin,27.46130797810715,2.0553195566769995,10.17140427993899
2434,Congo Basin,27.456530077350884,2.1832380465680754,10.171480425681322
2435,Congo Basin,27.51299064673435,2.7581526078763376,25.428957753156485
2436,Congo Basin,27.532856868764377,2.7732441151106664,17.800336564364407
2437,Congo Basin,27.75393992862011,-5.36826471621578,10.172525396829856
2438,Congo Basin,27.731452343202108,-5.366108786610877,18.193713127907166
2439,Congo Basin,27.74122402495847,-5.360359640997796,76.68565914262378
2440,Congo Basin,27.752327791545362,-5.350298636174902,33.06059680810289
2441,Congo Basin,27.789856098562932,-5.317241048899678,41.082594020633486
2442,Congo Basin,27.764938421772847,-3.7728768085853837,25.429780772423783
2443,Congo Basin,27.754493173256137,-3.3323485259829413,17.800572205724958
2444,Congo Basin,27.797969299648226,-2.846545721677473,40.68658987264032
2445,Congo Basin,27.791271256225997,-2.840077932862747,10.171623987196682
2446,Congo Basin,27.74981412342206,-2.823549139225141,17.800304577292486
2447,Congo Basin,27.73138265979135,-2.80127119997444,10.171629077369792
2448,Congo Basin,27.744477155307717,-2.2356990002874584,17.40817042247201
2449,Congo Basin,27.756508829260966,-1.4365677600689866,18.192014686851454
2450,Congo Basin,27.798187118156772,-1.0319716375483055,27.97105800134508
2451,Congo Basin,27.78956195344008,-1.0298157079434036,17.799776269530966
2452,Congo Basin,27.801780936788738,-1.0290970647417685,10.171302956634035
2453,Congo Basin,27.802499700515124,-1.0211919895237755,17.799822943283857
2454,Congo Basin,27.7951535868888,1.240378166022553,233.94077128145588
2455,Congo Basin,27.78697166224722,1.2669679644830607,480.59557283539044
2456,Congo Basin,27.799910545988936,1.2806221853141264,10.171320505818588
2457,Congo Basin,27.763361228236686,1.2856526877255714,101.32122742829952
2458,Congo Basin,27.791284623494462,1.283496758120674,10.171309392574292
2459,Congo Basin,27.748376636342584,1.2878086173304775,25.428432837831753
2460,Congo Basin,27.741907142800102,1.2928391197419224,17.799870083694536
2461,Congo Basin,27.771379280049217,1.2921204765402874,10.171357135928385
2462,Congo Basin,27.73615648187345,1.3014628381615545,88.99906080012659
2463,Congo Basin,27.75125196680591,1.2978696221533825,10.171334681195864
2464,Congo Basin,27.771379280049217,1.3036187677664626,10.171312128069507
2465,Congo Basin,27.769070386080948,1.688811523842987,71.19955249538833
2466,Congo Basin,27.783671513021254,1.693123383052801,10.171420495554303
2467,Congo Basin,27.79301805400224,1.6995911718675125,43.228396434103296
2468,Congo Basin,27.784390477712087,1.7039030310773264,27.97126157756017
2469,Congo Basin,27.799435998625924,1.7398351911590906,526.7623821318177
2470,Congo Basin,27.753918420169676,1.724743683924751,20.342840014784876
2471,Congo Basin,27.80718118988313,1.7829537832572084,178.3921885858658
2472,Congo Basin,27.78135510621471,1.839007952984765,185.62813325806223
2473,Congo Basin,27.735781223785445,1.8648791082436376,78.43653207882652
2474,Congo Basin,27.840750541255723,-5.244658085534514,10.17247017007241
2475,Congo Basin,27.843743244433426,-4.205500015969852,10.172072632274588
2476,Congo Basin,27.85700572745018,-3.419304353380816,27.97243127824173
2477,Congo Basin,27.859662595090107,-3.4106806349611984,10.171771781342978
2478,Congo Basin,27.861599500855924,-3.399900986936665,33.05832328538126
2479,Congo Basin,27.859268265369806,-3.368280686064712,1411.4597743708136
2480,Congo Basin,27.861873680168955,-3.3862467661055926,25.42942887459823
2481,Congo Basin,27.86656961863323,-3.3251620939665876,662.1324419579594
2482,Congo Basin,27.854538767808897,-2.869542304129799,17.80032462963497
2483,Congo Basin,27.852380114808348,-2.8630745153150836,10.17167002772809
2484,Congo Basin,27.8442424387787,-2.8616372289118095,53.79439671388051
2485,Congo Basin,27.848337064278862,-2.8522948672905577,17.800300628886426
2486,Congo Basin,27.839702590342167,-2.8522948672905577,17.800300628698572
2487,Congo Basin,27.841141669331616,-2.8465457216774768,17.80038715304792
2488,Congo Basin,27.845053540035153,-2.227075281867831,17.80014930769247
2489,Congo Basin,27.83275428297592,1.2583442460634355,116.97020913266417
2490,Congo Basin,27.83535538285824,1.292839119741927,349.5480877593179
2491,Congo Basin,27.831761219779082,1.2978696221533825,10.171334680299877
2492,Congo Basin,27.84478351174308,1.695279312657703,154.7204528947067
2493,Congo Basin,27.83399904138042,1.700309815069144,10.171383716402296
2494,Congo Basin,27.824155808881684,1.7146826791018563,258.97719035716966
2495,Congo Basin,27.85147668538653,1.7103708198920424,30.51423964140762
2496,Congo Basin,27.904680497527544,1.7096521766904116,957.4715911658291
2497,Congo Basin,27.854575085078856,1.724743683924751,25.428550537722156
2498,Congo Basin,27.833724775919098,1.7326487591427395,111.49201292043962
2499,Congo Basin,27.851699180367156,1.7369606183525474,96.62819364622803
2500,Congo Basin,27.822221157072338,1.7326487591427435,17.799912874594
2501,Congo Basin,27.81884851050912,1.7419911207639927,10.171411085748405
2502,Congo Basin,27.828528766188608,1.768580919224507,53.7929076512074
2503,Congo Basin,27.816142458836957,1.8037944361046354,40.685631655635476
2504,Congo Basin,27.815423453939733,1.809543581717716,10.171374267263117
2505,Congo Basin,27.913219164902806,-5.154109042128459,10.172426070054943
2506,Congo Basin,27.92413285549727,-3.4480500814462296,10.171791668653006
2507,Congo Basin,27.878320053560067,-3.3826535500974133,17.406755297715026
2508,Congo Basin,27.870786606728657,-3.368280686064712,17.800648043204134
2509,Congo Basin,27.889280829313932,-3.3625315404516245,17.800607890625184
2510,Congo Basin,27.897199625656896,-3.3596569676450874,35.60120098244249
2511,Congo Basin,27.889655834339784,-3.3028841547158896,10.171725244515823
2512,Congo Basin,27.86704509114166,-2.8436711488709294,17.800430350006664
2513,Congo Basin,27.89510713143587,-2.8429525056692944,40.68667676176407
2514,Congo Basin,27.908555256194013,-2.840077932862747,25.429059959705587
2515,Congo Basin,27.922003165923158,-2.829298284838228,248.81083690697943
2516,Congo Basin,27.866975777440246,-2.7567153214730586,10.171596191959258
2517,Congo Basin,27.92329459161325,-2.634545977195049,10.171614330340415
2518,Congo Basin,27.865699773184694,-1.0937749528889416,20.34267922752122
2519,Congo Basin,27.868352327633716,-1.0635919384202657,10.171356571461908
2520,Congo Basin,27.863817145047676,-1.053530933597361,10.171307457005044
2521,Congo Basin,27.89977715832937,1.3395509278482305,10.171331384149424
2522,Congo Basin,27.88274760383387,1.3524865054776578,116.97060859092696
2523,Congo Basin,27.911424257674888,1.683781021431538,116.97090119468817
2524,Congo Basin,27.89992091451579,1.6873742374397165,88.99946836860919
2525,Congo Basin,27.926026521808605,1.6916860966495304,10.171427830549089
2526,Congo Basin,27.869228311231815,1.6959979558593372,106.79980926349708
2527,Congo Basin,27.864914523086746,1.7053403174806006,17.79987628193413
2528,Congo Basin,27.909217274600962,1.7225877543198451,50.85699089187688
2529,Congo Basin,27.881673443628742,1.7218691111182034,10.171353696292135
2530,Congo Basin,27.869622528460134,1.7721741352326856,10.171413623234848
2531,Congo Basin,27.876634587716232,2.5835223098789535,17.80017440422762
2532,Congo Basin,28.030018761726094,-7.4092114088600765,10.173568378278226
2533,Congo Basin,28.09739905711814,-5.174949694975886,68.26691688962515
2534,Congo Basin,28.115213469633176,-5.17063783576607,33.06037759955282
2535,Congo Basin,28.11715279893526,-5.164170046951359,10.172432192800333
2536,Congo Basin,28.113906392803905,-5.122488741256509,10.172428145583785
2537,Congo Basin,27.929172532957907,-3.44589415184132,17.800674685457953
2538,Congo Basin,27.983937413507608,-3.4286467150020714,27.97239484466457
2539,Congo Basin,27.989696906672226,-3.425053498993893,10.1717861868979
2540,Congo Basin,28.030875059990407,-3.3531891788303656,10.171789290341547
2541,Congo Basin,28.104102585022318,-3.273419783448852,53.004569729443965
2542,Congo Basin,28.11123726672315,-2.9766201411734583,61.03004413014845
2543,Congo Basin,27.937113253705583,-2.83145421444313,83.91594615337492
2544,Congo Basin,27.95199987208494,-2.819237280015327,96.23554926286377
2545,Congo Basin,27.93450801061687,-2.8163627072087833,45.772234968165314
2546,Congo Basin,27.958748051325102,-2.7976779839662673,279.71965659872757
2547,Congo Basin,28.003965314075213,-2.796240697562998,130.08385786083227
2548,Congo Basin,27.988743744303918,-2.7940847679580885,68.65841908905216
2549,Congo Basin,28.030250945342033,-2.7840237631351985,10.171611811657623
2550,Congo Basin,27.945448586251825,-2.7294068798109126,10.17157832545003
2551,Congo Basin,27.98484376124128,-2.6877255741160644,35.600569806940264
2552,Congo Basin,27.992038178373576,-2.6819764285029835,10.171640376032993
2553,Congo Basin,27.952517985611514,-2.6604171324539325,10.171570245290777
2554,Congo Basin,28.045879693602878,-1.409977961608479,10.171364337018996
2555,Congo Basin,27.980819905137594,0.1904404484333595,17.79977817217288
2556,Congo Basin,27.977907701154916,1.315835702194256,312.76910308543165
2557,Congo Basin,27.998754013514144,1.3208662046057116,73.74213351791114
2558,Congo Basin,28.114711543837487,1.327333993420424,454.7706837123789
2559,Congo Basin,28.005942397086294,1.3223034910089746,10.171319377482616
2560,Congo Basin,28.03491984888297,1.3294899230253292,241.96561013316122
2561,Congo Basin,27.983881917876033,1.3287712798236937,63.57108969493968
2562,Congo Basin,28.07014320971875,1.3373949982433215,310.22580568585136
2563,Congo Basin,27.970223880000937,1.3352390686384124,10.171348776948955
2564,Congo Basin,27.974536944593076,1.339550927848226,66.11364330001814
2565,Congo Basin,27.963035439014035,1.345300073461311,10.171308107733537
2566,Congo Basin,28.040388870693292,1.6456929317448725,10.171415570749598
2567,Congo Basin,28.002732044000293,1.6787505190200886,297.1174087644831
2568,Congo Basin,27.946429997923026,1.6751573030119105,17.799861194852863
2569,Congo Basin,28.029109616398515,1.674438659810275,10.171352883992691
2570,Congo Basin,27.94305845136242,1.681625091826633,50.85701337563231
2571,Congo Basin,28.012078510317053,1.6773132326168225,10.171419607091366
2572,Congo Basin,28.019268099791496,1.6787505190200926,10.171412331637429
2573,Congo Basin,27.95096699978431,1.6809064486249905,17.799952461261274
2574,Congo Basin,27.98785748522128,1.6988725286658775,50.85695538449983
2575,Congo Basin,27.968780567417124,1.722587754319842,337.8035609068374
2576,Congo Basin,27.99261851124001,1.7261809703280275,10.171412527170657
2577,Congo Basin,27.937257345539965,1.7333674023443786,40.685509153394726
2578,Congo Basin,27.957612021377713,1.747740266377083,48.31407686124256
2579,Congo Basin,28.482003381914808,-7.403462263246983,10.173615661871917
2580,Congo Basin,28.37555468179523,-5.672250790507524,17.80217343817471
2581,Congo Basin,28.129419687955988,-5.163451403749723,58.49148763652799
2582,Congo Basin,28.128968635751384,-5.154827685330095,17.801726014003254
2583,Congo Basin,28.156658382105363,-5.144048037305565,124.61222504114136
2584,Congo Basin,28.12684897900281,-5.140454821297389,208.93151217609483
2585,Congo Basin,28.56477846326416,-4.720048548340733,25.43055164298305
2586,Congo Basin,28.576727850166158,-4.694177393081862,48.31805191946882
2587,Congo Basin,28.61110997282001,-4.687709604267146,470.4659524484744
2588,Congo Basin,28.580710806306886,-4.683397745057324,33.059820923036696
2589,Congo Basin,28.46560592222275,-4.675492669839347,10.172201419948776
2590,Congo Basin,28.597558044512823,-4.674774026637711,17.801370256681043
2591,Congo Basin,28.581465962714013,-4.667587594621357,17.801405224171
2592,Congo Basin,28.39532480433236,-4.613689354498709,10.172172706320222
2593,Congo Basin,28.37134411573865,-4.587818199239839,10.172206535837228
2594,Congo Basin,28.372331477550393,-4.580631767223479,78.83433557806657
2595,Congo Basin,28.352144831177174,-4.577757194416936,10.172182927460794
2596,Congo Basin,28.383988851781552,-4.414625187645726,220.44149613161207
2597,Congo Basin,28.39844313103648,-4.398096394008112,10.172094135644189
2598,Congo Basin,28.41100015215703,-4.365757449934525,180.1536037538633
2599,Congo Basin,28.4458609947707,-4.355696445111626,37.74353174349844
2600,Congo Basin,28.14430021354704,-3.271982497045575,93.69093716045644
2601,Congo Basin,28.13048833154722,-3.210179181704938,127.14657554986964
2602,Congo Basin,28.158334599604956,-3.2001181768820435,381.04211832333567
2603,Congo Basin,28.179746167318452,-3.1692165192117336,45.77272774391205
2604,Congo Basin,28.181272941007137,-3.1189114950972576,10.171718904969682
2605,Congo Basin,28.186129081269527,-3.0872911942253074,10.171689739999394
2606,Congo Basin,28.166516068672685,-3.0513590341435335,10.171697305575785
2607,Congo Basin,28.130959551079236,-3.01542687406177,53.401224603503806
2608,Congo Basin,28.522317538235257,-2.8343287872496665,10.171673217371985
2609,Congo Basin,28.439381220769874,-2.807020345587534,10.171580421793895
2610,Congo Basin,28.46600311787986,-2.8019898431760786,17.800340250321934
2611,Congo Basin,28.38273381294964,-2.6532307004375673,10.171627863955877
2612,Congo Basin,28.2423409896815,-1.0937749528889387,25.428339375737274
2613,Congo Basin,28.56631740352671,-0.9902903318534615,25.42834040442794
2614,Congo Basin,28.476663578570744,1.0909003800823995,10.171349086274626
2615,Congo Basin,28.143240523314315,1.3143984157909854,155.11308483615892
2616,Congo Basin,28.135333301384946,1.320866204605704,30.513975312734516
2617,Congo Basin,28.319403008950054,3.305758727522438,48.7156757836757
2618,Congo Basin,28.350543499996007,3.336660385192757,147.08921697372742
2619,Congo Basin,28.342585186370176,3.3582196812418124,68.25871081627332
2620,Congo Basin,28.734828981417426,-4.8544348270465365,2091.108610475303
2621,Congo Basin,28.686319129501136,-4.762448497237213,501.794012867062
2622,Congo Basin,28.701233143434067,-4.75454342201923,10.172297172539261
2623,Congo Basin,28.708475554059902,-4.742326487591424,84.73203255266328
2624,Congo Basin,28.67784385981257,-4.733702769171804,154.7213495484795
2625,Congo Basin,28.66728895748377,-4.722204477945631,36.00783694413862
2626,Congo Basin,28.703950004006096,-4.718611261937458,10.172241164907568
2627,Congo Basin,28.69590297494799,-4.716455332332555,37.74045455419194
2628,Congo Basin,28.664781149097458,-4.712862116324379,20.344483241118347
2629,Congo Basin,28.688577128618505,-4.712143473122744,43.23201443471823
2630,Congo Basin,28.67776077429075,-4.712862116324377,10.172241622834083
2631,Congo Basin,28.661667147389686,-4.705675684308025,10.172262431430491
2632,Congo Basin,28.65855319558058,-4.702801111501477,10.172221809482586
2633,Congo Basin,28.65278456571029,-4.702801111501477,10.17222180848103
2634,Congo Basin,28.647737014573796,-4.702082468299847,17.801406042306905
2635,Congo Basin,28.638362991034583,-4.699926538694944,10.172262664174717
2636,Congo Basin,28.623712083580386,-4.697051965888397,10.172221994106955
2637,Congo Basin,28.61772735642858,-4.171005142291355,10.172020498494263
2638,Congo Basin,28.680906936527258,-4.165255996678274,10.17201146165952
2639,Congo Basin,28.695610404374385,-4.131479766201409,27.972989996010448
2640,Congo Basin,28.70091505151668,-4.123574690983421,10.171963321235683
2641,Congo Basin,28.690830532885272,-3.657893896323745,10.171818841737604
2642,Congo Basin,28.715024913760068,0.390941901689609,10.17128850180158
2643,Congo Basin,28.70099136552605,2.8558880832987334,25.42892665746536
2644,Congo Basin,28.70455799227676,2.8767287361461547,215.741317895013
2645,Congo Basin,28.854857197822895,-5.026909195439009,2122.559308789051
2646,Congo Basin,28.730355897838663,-4.868089047877607,10.172275758790985
2647,Congo Basin,28.746368760599083,-4.854434827046534,25.024544184262293
2648,Congo Basin,28.76667868734224,-4.85587211344981,17.8015115465345
2649,Congo Basin,28.7503806394743,-4.829282314989305,10.172274040491368
2650,Congo Basin,28.73578691795474,-4.790475582100999,10.172267779319283
2651,Congo Basin,28.73339316335199,-4.786882366092816,17.801417006397298
2652,Congo Basin,28.7314903846154,-4.775384074866655,17.801422580567827
2653,Congo Basin,28.72644230769232,-4.7732281452617435,10.172272592937343
2654,Congo Basin,28.72742423999614,-4.763885783640482,58.89643398137459
2655,Congo Basin,28.720784156831375,-3.692388770002228,10.17184292951959
2656,Congo Basin,28.762329901360786,-3.4983551055606976,10.171833695219078
2657,Congo Basin,28.744853170447016,-2.8745728065412446,10.171651790697888
2658,Congo Basin,28.73190114889229,-2.871698233734708,66.5216041263307
2659,Congo Basin,28.725915029021884,-2.8645118017183533,10.171657605497403
2660,Congo Basin,28.737427845024705,-2.8630745153150836,20.343340054255663
2661,Congo Basin,28.719959706432583,-2.8307355712414948,17.80033957657201
2662,Congo Basin,28.750389678904597,-2.6302341179852453,10.171567278280092
2663,Congo Basin,28.736975837381728,-2.0790347823309547,17.800125346720993
2664,Congo Basin,28.763175546186275,0.367226676035652,17.799802317827833
2665,Congo Basin,28.75539568345325,2.65897984605066,47.90873787188782
2666,Congo Basin,28.759942125836353,2.6690408508735546,30.514705969061602
2667,Congo Basin,28.81010575224449,-8.149413906544446,10.174122967886863
2668,Congo Basin,28.817890349470986,-4.990258392155601,10.172330000164655
2669,Congo Basin,28.83087528053862,-4.98882110575234,10.172351687859445
2670,Congo Basin,28.819102123259675,-4.985946532945793,10.172313504342423
2671,Congo Basin,28.842445276243755,-4.973729598517998,368.7480164727513
2672,Congo Basin,28.840540215605323,-4.962231307291835,33.060083159803945
2673,Congo Basin,28.80906008800406,-4.954326232073843,10.172299538451885
2674,Congo Basin,28.820601601384993,-4.954326232073843,10.172299538462404
2675,Congo Basin,28.80017312131315,-4.948577086460761,10.172304086135647
2676,Congo Basin,28.79849962731126,-4.939234724839501,27.973931680180574
2677,Congo Basin,28.784102202417195,-4.92486186080679,83.51487425958649
2678,Congo Basin,28.77160924238418,-4.919831358395346,30.516975979839195
2679,Congo Basin,28.793399555153847,-4.184659363122425,18.207879369155943
2680,Congo Basin,28.811788442138646,-4.174598358299524,17.801099113719964
2681,Congo Basin,28.786568669837152,-4.17531700150116,10.172047571037805
2682,Congo Basin,28.81446848029719,-4.155194991855371,10.171975047008265
2683,Congo Basin,28.81191443097882,-2.7409051710370735,10.171564723505915
2684,Congo Basin,28.778986201609825,0.383755469673255,43.22801226175893
2685,Congo Basin,28.77878141696816,1.1110223897281886,83.91351770029105
2686,Congo Basin,28.783324015653704,1.139768117793605,86.45637167392826
2687,Congo Basin,28.788585485068957,1.1692324890606565,17.799820192538725
2688,Congo Basin,28.789304283238412,1.176418921077014,50.85652730288281
2689,Congo Basin,28.824036802760226,1.181449423488453,40.68545501648595
2690,Congo Basin,28.783842165898612,3.5723753553291386,17.800607767980352
2691,Congo Basin,28.79726378110248,3.5845922897569347,25.4295165169832
2692,Congo Basin,28.91733735210184,-5.05278035069788,45.775588894997604
2693,Congo Basin,28.88631481065829,-5.051343064294603,89.0082736973823
2694,Congo Basin,28.903629717510498,-5.051343064294607,63.5772359710339
2695,Congo Basin,28.88945891783567,-5.043437989076626,25.430869050146338
2696,Congo Basin,28.906773547094197,-5.038407486665177,71.20664528230299
2697,Congo Basin,28.879127221425087,-5.037688843463545,73.74964916087839
2698,Congo Basin,28.864263041456905,-5.008943115398129,25.430934134086808
2699,Congo Basin,28.942896534034432,-5.01038040180139,10.172351881394775
2700,Congo Basin,28.85260484873729,-5.00678718579322,86.05749390618423
2701,Congo Basin,28.86824438591468,-5.001038040180139,17.393790223735984
2702,Congo Basin,28.8607990729283,-4.998163467373598,25.838587946874178
2703,Congo Basin,28.86478037832638,-4.988102462550704,75.88480939111945
2704,Congo Basin,28.868250816627178,-4.166693283081542,167.43057361619987
2705,Congo Basin,28.88338243771217,-4.16597463987991,40.2800451442944
2706,Congo Basin,28.871391286247253,-4.1544763486537395,165.29536390936053
2707,Congo Basin,28.865280299237234,-4.1415407710243,17.393238817479766
2708,Congo Basin,28.873811124987995,-4.1379475550161295,32.65112805206709
2709,Congo Basin,28.855566852668737,-4.13363569580631,10.172000693751558
2710,Congo Basin,28.874558685784272,-4.122856047781785,17.800951476580167
2711,Congo Basin,28.8813119792542,-3.9281037401386136,10.171897907999117
2712,Congo Basin,28.894093197985782,-2.5598070842249885,10.171549668726364
2713,Congo Basin,28.883998466306675,-1.5659235363633446,275.0358106812403
2714,Congo Basin,28.951983898792427,1.1979782171260736,99.17022381324125
2715,Congo Basin,28.871477860839583,1.1958222875211615,25.428278341190687
2716,Congo Basin,28.904773694761474,1.22025615637676,111.8847439648658
2717,Congo Basin,28.90440115633487,1.245408668433994,83.50518326523327
2718,Congo Basin,28.89384966815505,1.266249321281422,35.59967277968081
2719,Congo Basin,28.894683875914506,1.2741543964994073,17.79985448983005
2720,Congo Basin,28.895633491210276,1.286371330927207,10.171379488224632
2721,Congo Basin,28.90354064998442,1.3000255517582842,104.25622854256457
2722,Congo Basin,28.91455408060574,1.3151170589926235,30.514043873606973
2723,Congo Basin,28.94474529160874,1.3151170589926209,25.428369894757047
2724,Congo Basin,28.934681554607742,1.3223034910089746,10.17131937745277
2725,Congo Basin,28.91179417674745,1.325178063815518,35.59971979606199
2726,Congo Basin,28.925336655963942,1.323022134210613,17.79980389187045
2727,Congo Basin,28.903283520099656,1.329489923025332,30.514115632730828
2728,Congo Basin,28.893219702718,1.3395509278482305,30.513994148408713
2729,Congo Basin,28.909034272889166,1.3445814302596726,38.142438476681235
2730,Congo Basin,28.91429712460063,1.3532051486792964,55.942480544764365
2731,Congo Basin,28.892731629392976,1.3488932894694825,17.7999058115197
2732,Congo Basin,28.89859784692419,1.366140726308731,18.208099987586262
2733,Congo Basin,28.92831438030805,3.1469385799610365,45.77259357185644
2734,Congo Basin,28.95396820319248,3.162748730397011,373.80869909612613
2735,Congo Basin,28.952690270867006,3.4688907342936544,185.6345888971018
2736,Congo Basin,28.903396135845462,3.5500974160784518,33.05822631285547
2737,Congo Basin,28.92592266643198,3.5752499281356824,41.095863499180474
2738,Congo Basin,29.02522908198852,-5.108115877223801,10.172405848913101
2739,Congo Basin,28.953714135046404,-2.0208246829985006,10.171453830459912
2740,Congo Basin,29.034924488671322,1.082995304864417,103.84569202561767
2741,Congo Basin,29.040419771425835,1.1110223897281886,48.313880756821504
2742,Congo Basin,29.02891918441671,1.116771535341283,10.171344195802195
2743,Congo Basin,29.017650347416335,1.149110479414861,104.25606537097131
2744,Congo Basin,29.035852055363428,1.160608770641036,73.74229368363562
2745,Congo Basin,28.97786083956297,1.185761282698263,40.68539345118537
2746,Congo Basin,28.978811088836906,1.218100226771858,73.74201067223758
2747,Congo Basin,28.957965608951582,1.217381583570227,10.171315015318832
2748,Congo Basin,28.969697937798514,1.2231307291833073,10.171375093554886
2749,Congo Basin,29.020246795255794,1.2504391708454476,10.171354469594093
2750,Congo Basin,29.014496226189046,1.2619374620716086,10.171310907360379
2751,Congo Basin,29.02694802083,1.279903542112495,48.31377383911323
2752,Congo Basin,28.974705078951786,1.294276406145201,210.2369163542532
2753,Congo Basin,28.980455739878437,1.293557762943558,10.171351530727831
2754,Congo Basin,28.953858933092675,1.3014628381615505,17.799811043342093
2755,Congo Basin,28.95791567160005,1.3309272094286024,10.17136611418331
2756,Congo Basin,28.95791567160004,1.340988214251493,25.42831217156239
2757,Congo Basin,28.965335463258786,1.356798364687475,20.342684985018145
2758,Congo Basin,28.966773162939297,1.3625475103005527,10.17131892028572
2759,Congo Basin,29.027388397670926,1.3826695199463441,25.01830527783718
2760,Congo Basin,29.038270854657128,3.0650132549746116,17.800392038372973
2761,Congo Basin,28.97892758606899,3.1569995847839243,264.4631063200293
2762,Congo Basin,28.99859249544162,3.162748730397011,223.77692574772405
2763,Congo Basin,29.03697128187904,3.1771215944297166,251.74893566500876
2764,Congo Basin,28.9623486508533,3.182870740042797,17.800439888020353
2765,Congo Basin,28.96065259117084,3.1965249608738664,10.17171114983247
2766,Congo Basin,28.958095892592155,3.2346130505605424,17.391386304595358
2767,Congo Basin,28.97703549060543,3.366124756459808,25.42934858914442
2768,Congo Basin,28.976059255941195,3.3833721932990537,188.17701564118622
2769,Congo Basin,29.03434815300688,3.4063687757513863,1916.6337257818082
2770,Congo Basin,29.007943173909908,3.4128365645660983,40.68696863387287
2771,Congo Basin,29.000255975426356,3.4207416397840915,25.429378426980954
2772,Congo Basin,28.968761249550017,3.4710466638985595,30.515345983272606
2773,Congo Basin,28.976680932762683,3.4760771663100085,17.800549880614696
2774,Congo Basin,28.969712969184993,3.480389025519822,17.8006130295991
2775,Congo Basin,29.002968213711384,3.5809990737487665,17.800587181982664
2776,Congo Basin,29.11133661930995,-7.498323165862846,10.173600956390004
2777,Congo Basin,29.11026008811912,-7.490418090644863,17.39257091298652
2778,Congo Basin,29.061246839418285,-7.417835127279691,32.653631761483744
2779,Congo Basin,29.068750603923075,-7.411367338464974,33.06421618156351
2780,Congo Basin,29.091581928176105,-6.9880864927017745,10.173347622952965
2781,Congo Basin,29.10961652675001,-5.777891341147912,10.172717629745497
2782,Congo Basin,29.075222907955677,-5.754894758695576,20.345421603693662
2783,Congo Basin,29.128798193205284,-4.418218403653901,10.172151935684814
2784,Congo Basin,29.081723340032184,-4.209811875179657,10.17201781372416
2785,Congo Basin,29.06803205841613,-4.207655945574754,17.801079149244032
2786,Congo Basin,29.059152268250898,-4.201906799961667,27.97309555583794
2787,Congo Basin,29.071402264247638,-4.199750870356757,10.172064193866948
2788,Congo Basin,29.106947034763188,-3.987032482672709,10.172007590782155
2789,Congo Basin,29.127615514387827,-2.9306269762688006,10.171648658368218
2790,Congo Basin,29.133164023192307,1.0434699287744786,10.171339270562498
2791,Congo Basin,29.133164023192307,1.0477817879842886,33.0568037612968
2792,Congo Basin,29.057206520089778,1.0657478680251655,198.34110850887464
2793,Congo Basin,29.1032081333408,1.0707783704366105,53.39950385500522
2794,Congo Basin,29.057206520089778,1.0844325912676875,48.31365892559357
2795,Congo Basin,29.045938089001062,1.0887444504774946,73.3317422603313
2796,Congo Basin,29.055259605938865,1.1728257050688282,35.599595970654015
2797,Congo Basin,29.069635569328064,1.1757002778753725,42.81736926422647
2798,Congo Basin,29.051897642323183,1.1807307802868174,33.05690487573843
2799,Congo Basin,29.056210465784943,1.1864799258998986,17.79985513625276
2800,Congo Basin,29.081368602645206,1.1958222875211615,38.142429276021296
2801,Congo Basin,29.052616446233465,1.197259573924438,10.171307046098546
2802,Congo Basin,29.082806210465797,1.201571433134242,10.171291449598224
2803,Congo Basin,29.10244634884633,1.2137883675620413,17.79982432706205
2804,Congo Basin,29.10963444535851,1.2181002267718626,33.056760013086645
2805,Congo Basin,29.070934807536574,1.222412085981669,40.2746476636162
2806,Congo Basin,29.048535625005,1.2188188699734974,10.171309735625458
2807,Congo Basin,29.123291828731624,1.2216934427800306,10.171299155019131
2808,Congo Basin,29.046611184767514,1.2238493723849424,17.799901771676833
2809,Congo Basin,29.119211539383087,1.2360663068127389,104.25606981910087
2810,Congo Basin,29.073207354280157,1.2339103772078301,76.28502561414462
2811,Congo Basin,29.04301710780635,1.2303171611996584,10.171348506396642
2812,Congo Basin,29.092615369870444,1.240378166022549,25.4282775495207
2813,Congo Basin,29.098598298789994,1.249720527643805,58.48524680814756
2814,Congo Basin,29.11142081601767,1.2454086684339984,17.388579663144192
2815,Congo Basin,29.110099436923463,1.2597815324667065,17.799808431156173
2816,Congo Basin,29.103630046723374,1.259062889265075,10.171321834266788
2817,Congo Basin,29.11392607264942,1.2662493212814185,10.171375707311014
2818,Congo Basin,29.044199865818978,1.2669679644830536,17.79990268251674
2819,Congo Basin,29.131177917638404,1.2684052508863242,43.228335710563776
2820,Congo Basin,29.104989604989598,3.032674310901019,1383.4128388215283
2821,Congo Basin,29.087230827049638,3.0369861701108336,10.171666707706674
2822,Congo Basin,29.085188123787262,3.0448912453288224,17.389466599577798
2823,Congo Basin,29.073789761550636,3.0520776773451765,50.858110088939604
2824,Congo Basin,29.062507496581553,3.0607013957648044,38.1435752340708
2825,Congo Basin,29.061187930358805,3.187901242454249,150.03247697101014
2826,Congo Basin,29.136763141689514,3.1886198856558847,89.00235059528936
2827,Congo Basin,29.1223678633408,3.1929317448656986,38.14377466826845
2828,Congo Basin,29.07437619961612,3.1950876744705967,10.17172501646784
2829,Congo Basin,29.089491362763926,3.198680890478779,17.800458092388652
2830,Congo Basin,29.115868775892128,3.213053754511485,122.47149557102404
2831,Congo Basin,29.09787424622914,3.2152096841163855,58.4871862664908
2832,Congo Basin,29.119213666464034,3.233175764157269,97.45386983879722
2833,Congo Basin,29.069879055480897,3.3919959117186744,10.171719577733418
2834,Congo Basin,29.123851119483568,3.4149924941710035,42.8184616299418
2835,Congo Basin,29.131940833420003,3.489012743939446,76.28824439523721
2836,Congo Basin,29.127071115982496,3.5673448529176937,10.171748717742519
2837,Congo Basin,29.079271610074585,3.6047142994027235,10.17175094334977
2838,Congo Basin,29.07734404378055,3.609744801814183,27.972376937806654
2839,Congo Basin,29.093302068448004,3.6111820882174497,17.389638729997895
2840,Congo Basin,29.08981805962268,3.6190871634354314,30.515311482174816
2841,Congo Basin,29.23543748083349,-8.324762847743465,10.174248552501862
2842,Congo Basin,29.23402194964492,-8.307515410904209,10.174191863992467
2843,Congo Basin,29.23355013637613,-8.301766265291128,10.174172770717359
2844,Congo Basin,29.234294936453537,-8.291705260468238,10.174180163254608
2845,Congo Basin,29.231154075819443,-8.28883068766169,10.17417049160759
2846,Congo Basin,29.158934570468734,-3.3553451084352774,17.80059304778994
2847,Congo Basin,29.222403219624386,0.3923791880928855,10.171286804998223
2848,Congo Basin,29.149716092862775,0.9744801814174845,10.171305500832084
2849,Congo Basin,29.144917582417584,1.0025072662812615,137.31274156923342
2850,Congo Basin,29.201447122526233,1.0456258583793794,33.056813092754425
2851,Congo Basin,29.17796075487371,1.073652943243158,10.171324148427514
2852,Congo Basin,29.189461158186475,1.0765275160497056,10.171314827196188
2853,Congo Basin,29.161175935021678,1.119646108147816,10.171334501627403
2854,Congo Basin,29.156377286159245,1.1505477658181344,27.971096467634656
2855,Congo Basin,29.14582817529089,1.1613274138426675,45.77109103540127
2856,Congo Basin,29.14726577162981,1.17857485068192,38.14244108643654
2857,Congo Basin,29.14031052328925,1.192947714714614,10.171322586385465
2858,Congo Basin,29.20387309303741,2.961528633939127,33.05775801355117
2859,Congo Basin,29.22857348461224,2.9665591363505763,25.42913543390733
2860,Congo Basin,29.207704670296714,2.9665591363505763,10.171654175577412
2861,Congo Basin,29.24247997057551,2.9744642115685616,38.143601027450636
2862,Congo Basin,29.22976052452725,2.9852438595930946,10.171648999919862
2863,Congo Basin,29.229994242947612,2.990993005206175,10.171678475648319
2864,Congo Basin,29.20260998896512,3.045609888530461,10.171668875243066
2865,Congo Basin,29.24960417099811,3.0829793350154917,10.17164855798429
2866,Congo Basin,29.206656377695843,3.0916030534351195,40.68660112906962
2867,Congo Basin,29.219844544669428,3.0973521990481996,25.429188982346332
2868,Congo Basin,29.209282612694018,3.109569133475996,17.800377086364943
2869,Congo Basin,29.23252856925796,3.142626720751219,1040.5320450449617
2870,Congo Basin,29.24130043110265,3.1196301382988905,86.04609659884032
2871,Congo Basin,29.214671002265803,3.118911495097255,25.841900292260434
2872,Congo Basin,29.215507521051762,3.125379283911978,17.80040140295262
2873,Congo Basin,29.15405777166439,3.1699351624133696,96.21901433398885
2874,Congo Basin,29.18403416452071,3.182870740042797,86.45934851922343
2875,Congo Basin,29.206346667519718,3.1843080264460673,58.487136953095415
2876,Congo Basin,29.168802619092148,3.180714810437892,25.84124712842775
2877,Congo Basin,29.204168299490583,3.2037113928902246,10.17172307162675
2878,Congo Basin,29.170085654646215,3.2209588297294656,10.171718506579015
2879,Congo Basin,29.161777946838036,3.260484205819412,41.09876816411201
2880,Congo Basin,29.151700572713644,3.260484205819412,41.09859864484452
2881,Congo Basin,29.16452051507636,3.2798875722635694,10.171709696846746
2882,Congo Basin,29.17027913300805,3.2827621450701026,10.171681219658046
2883,Congo Basin,29.248722275988378,3.3071960139257155,25.42921014754454
2884,Congo Basin,29.245590881823645,3.322287521160045,17.800464326976243
2885,Congo Basin,29.23010474941308,3.3323485259829466,18.213445865273574
2886,Congo Basin,29.14683357906049,3.340972244402567,18.212259585001664
2887,Congo Basin,29.22345318561774,3.398463700533393,17.80053561256407
2888,Congo Basin,29.210962059945757,3.4142738509693755,33.05811846720958
2889,Congo Basin,29.22127475762327,3.422897569388989,17.80052243969166
2890,Congo Basin,29.220788570605784,3.4293653582037185,10.171741567043034
2891,Congo Basin,29.203977313633427,3.4423009358331425,20.343540208100237
2892,Congo Basin,29.164476769248527,3.471046663898563,20.34350972670272
2893,Congo Basin,29.155233790648374,3.477514452713279,116.97515518138648
2894,Congo Basin,29.147060470548716,3.491887316745987,32.64644834425444
2895,Congo Basin,29.311598564927408,-5.802325210003506,10.172697621954503
2896,Congo Basin,29.286402157164865,-5.731898176243254,10.172702377056956
2897,Congo Basin,29.355333844973153,2.7739627583123014,10.1716148792653
2898,Congo Basin,29.37295392211154,2.792647481554824,20.343159790983123
2899,Congo Basin,29.364202515049527,2.7912101951515575,10.17155135030758
2900,Congo Basin,29.360589683732517,2.8156440640071567,10.171588568498043
2901,Congo Basin,29.375654607235674,2.897569388993582,84.33094200909774
2902,Congo Basin,29.352628422946232,2.8975693889935825,10.17161411594066
2903,Congo Basin,29.35574140109056,2.9033185346066626,10.17164511185298
2904,Congo Basin,29.34757579634131,2.926315117058995,78.41543961098112
2905,Congo Basin,29.375154912009968,2.9356574786802474,222.0627672349561
2906,Congo Basin,29.344447109618617,2.940687981091707,25.429102080501423
2907,Congo Basin,29.36819381146558,2.9435625538982406,10.17161530887672
2908,Congo Basin,29.336531542336303,2.944999840301517,25.429009765983633
2909,Congo Basin,29.330289680096612,2.9485930563096856,17.80039082772751
2910,Congo Basin,29.322374049524676,2.9507489859145974,25.429078319632787
2911,Congo Basin,29.354271276425635,2.9579354179309516,83.91603282632022
2912,Congo Basin,29.29886141938787,2.9629659203423935,27.971903906340238
2913,Congo Basin,29.372496341960698,2.970152352358748,134.7743173531814
2914,Congo Basin,29.312885533850867,2.973745568366923,134.77392829018348
2915,Congo Basin,29.36133466973806,2.981650643584916,25.843911877198295
2916,Congo Basin,29.313237116699327,2.9852438595930946,30.514947000136633
2917,Congo Basin,29.31994818652849,2.9953048644159788,25.429098792708075
2918,Congo Basin,29.362641228820674,3.0060845124405153,284.8054316903635
2919,Congo Basin,29.32726176013046,3.0017726532307085,33.47208402630629
2920,Congo Basin,29.339010469327476,3.0103963716503257,116.55923104621903
2921,Congo Basin,29.3604669758516,3.0276438084895743,50.858180170444946
2922,Congo Basin,29.361656191527125,3.0499217477402683,165.28910120871296
2923,Congo Basin,29.328786073550454,3.056389536554984,17.800389130867842
2924,Congo Basin,29.367148329108442,3.0908844102334774,1070.5655888682206
2925,Congo Basin,29.289672544080574,3.074355616595867,20.34329472175348
2926,Congo Basin,29.281504642031763,3.0908844102334774,200.06284585616157
2927,Congo Basin,29.29638396212836,3.086572551023674,25.015212311670293
2928,Congo Basin,29.360420948253115,3.1081318470727295,17.800400691886484
2929,Congo Basin,29.3125522412967,3.118911495097255,25.843283092714408
2930,Congo Basin,29.305472254876094,3.1232233543070684,10.17167827968884
2931,Congo Basin,29.319615824449997,3.1383148615414127,17.800472082347905
2932,Congo Basin,29.262991219231317,3.1519690823724824,25.4291250847585
2933,Congo Basin,29.322009500503825,3.1505317959692087,10.171663709301376
2934,Congo Basin,29.2718621296333,3.157718227985566,10.171676625759861
2935,Congo Basin,29.293688621605206,3.1656233032035557,256.83446240565013
2936,Congo Basin,29.312167619656897,3.1605928007920996,10.171649211539874
2937,Congo Basin,29.333759846455266,3.1620300871953697,10.171635495956455
2938,Congo Basin,29.372141006365773,3.1656233032035557,17.800444408849398
2939,Congo Basin,29.344070887047785,3.1663419464051934,10.171675651763293
2940,Congo Basin,29.339032660503513,3.167060589606829,17.80042036633007
2941,Congo Basin,29.367102779821515,3.1663419464051934,10.171675651710734
2942,Congo Basin,29.350548606890392,3.1684978760100955,17.80039631568776
2943,Congo Basin,29.275209327991174,3.1749656648248075,10.171674453743394
2944,Congo Basin,29.266554702495217,3.198680890478775,33.05799358624177
2945,Congo Basin,29.33972072489962,3.212335111309852,10.171720899440265
2946,Congo Basin,29.366352628800843,3.213772397713119,27.972195875016908
2947,Congo Basin,29.286691139422743,3.2281452617458304,10.171648547525837
2948,Congo Basin,29.29772225599025,3.2303011913507285,17.800490536762798
2949,Congo Basin,29.300115967529088,3.2367689801654445,30.515181270184925
2950,Congo Basin,29.35122165793579,3.2382062665687217,25.42928260513852
2951,Congo Basin,29.32194443111473,3.2446740553834372,107.21709074239426
2952,Congo Basin,29.33441571425143,3.253297773803065,167.83315265782446
2953,Congo Basin,29.37400526261066,3.258328276214507,142.40375687853495
2954,Congo Basin,29.339203877438393,3.2705452106423105,50.443991312998335
2955,Congo Basin,29.337044412985584,3.2770129994570225,10.171656796367216
2956,Congo Basin,29.266484307515107,3.299290938707723,17.800439474640548
2957,Congo Basin,29.309624937009573,3.3675620428630815,10.171724828255954
2958,Congo Basin,29.318498136268403,3.3761857612826955,10.171718392961342
2959,Congo Basin,29.326886158571718,3.3884026957105062,17.80057362527841
2960,Congo Basin,29.331925513534287,3.3891213389121413,10.171749005227378
2961,Congo Basin,29.318967172201965,3.3905586253154034,10.171734294105802
2962,Congo Basin,29.353476205332512,3.4617043022773,58.4874509027097
2963,Congo Basin,29.433496158550728,2.826423712031686,33.05762883266501
2964,Congo Basin,29.420060440351136,2.8321728576447702,38.14345124048525
2965,Congo Basin,29.427490985841203,2.8386406464594924,10.17163630237743
2966,Congo Basin,29.40878310854569,2.8436711488709348,81.3727454579953
2967,Congo Basin,29.42988487368083,2.853013510492193,114.01482106398663
2968,Congo Basin,29.397505596418277,2.851576224088924,10.171606546125986
2969,Congo Basin,29.404700991365523,2.8544507968954576,25.42895134348598
2970,Congo Basin,29.39342335643874,2.8616372289118144,63.57253330798652
2971,Congo Basin,29.410692442376437,2.8616372289118144,10.17160112315643
2972,Congo Basin,29.39533247519529,2.8760100929445223,223.77546037471882
2973,Congo Basin,29.430355458194093,2.8731355201379754,32.64194472174937
2974,Congo Basin,29.42195607505778,2.881040595355972,51.2736767581311
2975,Congo Basin,29.39533247519529,2.8803219521543406,10.171601860922696
2976,Congo Basin,29.385978237405766,2.8824778817592427,40.68647335072064
2977,Congo Basin,29.40204355751702,2.888227027372319,17.800325140264416
2978,Congo Basin,29.421706975814523,2.8939761729854037,149.61539603653122
2979,Congo Basin,29.403703466803123,2.927752403462269,656.4847563808738
2980,Congo Basin,29.395802518488928,2.9004439618001294,10.171588965654923
2981,Congo Basin,29.423381358235936,2.90475582100994,45.772359170510775
2982,Congo Basin,29.393159249724185,2.9076303938164725,25.429014937109557
2983,Congo Basin,29.463664638485323,2.935657478680251,162.7459127419239
2984,Congo Basin,29.454780960909602,2.952186272317868,40.686479610445076
2985,Congo Basin,29.37790091940125,2.9557794883260398,18.21537922544079
2986,Congo Basin,29.380881941390463,2.9859625027947225,114.01597313749738
2987,Congo Basin,29.439158177543924,3.0175828036666763,55.943973597121925
2988,Congo Basin,29.44802936167151,3.0197387332715913,25.42915058131383
2989,Congo Basin,29.45712320880247,3.0657318981762494,147.07281102607598
2990,Congo Basin,29.448238361028018,3.084416621418769,105.09145341782255
2991,Congo Basin,29.416308806947683,3.1203487815005255,38.14381550415536
2992,Congo Basin,29.379338472857576,3.1656233032035557,17.800444408519578
2993,Congo Basin,29.400446246491235,3.1792775240346254,10.171633099050547
2994,Congo Basin,29.420806807639373,3.2324571209556403,10.171687847514988
2995,Congo Basin,29.379293797736644,3.2396435529719914,10.17169899044684
2996,Congo Basin,29.39667203048071,3.2691079242390395,17.385167741133014
2997,Congo Basin,29.441405125251933,3.2949790794979092,163.16320352017937
2998,Congo Basin,29.4310510318349,3.361094254048356,73.32925877466275
2999,Congo Basin,29.426717966356577,3.3783416908876074,91.54572192881324
3000,Congo Basin,29.43535679147635,3.380497620492509,25.42938942876331
3001,Congo Basin,29.479704439855432,-8.156600338560796,10.174027013301458
3002,Congo Basin,29.5611310298568,0.43262320738446347,25.428294907438918
3003,Congo Basin,29.737611425285145,1.437286403270627,48.31385531970703
3004,Congo Basin,29.748632133871183,1.4444728352869847,10.171378336310134
3005,Congo Basin,29.760853069212047,1.4495033376984265,94.08505897685264
3006,Congo Basin,29.7929001174525,2.0208246829985024,867.5353848528106
3007,Congo Basin,29.738004873956278,2.0524449838704526,71.19995462353751
3008,Congo Basin,29.758377678699844,2.0603500590884405,104.25735987862575
3009,Congo Basin,29.51149907671646,2.6934747197291466,10.171547112690043
3010,Congo Basin,29.461073535760555,2.8321728576447667,17.800318080081905
3011,Congo Basin,29.501119283658447,2.853013510492191,83.91563800211294
3012,Congo Basin,29.48144357920659,2.87241687693634,344.16878553969536
3013,Congo Basin,29.558188621318223,2.8860710977674215,30.514899452187457
3014,Congo Basin,29.560819994563232,2.9054744642115744,17.800345870345026
3015,Congo Basin,29.543550218270795,2.9076303938164725,45.772232834779835
3016,Congo Basin,29.534431891775228,2.9148168258328235,10.171625477525831
3017,Congo Basin,29.455278117579354,2.9162541122361008,10.171612828511776
3018,Congo Basin,29.551701806145218,2.9184100418410126,38.14343593472293
3019,Congo Basin,29.54905974158885,2.9291896898655314,101.71607546324901
3020,Congo Basin,29.53538761673276,2.9270337602606302,17.800298414642477
3021,Congo Basin,29.476617281384176,2.934220192276981,63.156134537312134
3022,Congo Basin,29.4660590069561,2.940687981091703,25.429102080086512
3023,Congo Basin,29.561045814343977,2.940687981091707,10.171640833540893
3024,Congo Basin,29.535140321420023,2.9435625538982406,10.171615309731962
3025,Congo Basin,29.508031566575262,2.9507489859145974,50.85816352962821
3026,Congo Basin,29.46448918494665,2.9644032067456676,119.93290264091719
3027,Congo Basin,29.4681922855498,2.9924302916094416,130.1046339576532
3028,Congo Basin,29.462422337899106,3.0190200900699566,228.86169155548583
3029,Congo Basin,29.47537601650395,3.0197387332715913,10.171661702189448
3030,Congo Basin,29.461689775943963,3.0520776773451734,223.3599593753826
3031,Congo Basin,29.503418495861794,3.0772301894024103,25.429051681049625
3032,Congo Basin,29.556191725174727,3.0829793350154917,25.429117515242684
3033,Congo Basin,29.56650380238777,3.0901657670318423,30.51498880947683
3034,Congo Basin,29.550906822761732,3.0959149126449224,10.171690598693377
3035,Congo Basin,29.619278380193833,3.0995081286531088,61.02991227847363
3036,Congo Basin,29.563259922990483,3.102382701459649,32.64025752868815
3037,Congo Basin,29.630073889262064,3.1002267718547465,10.171650272659571
3038,Congo Basin,29.554021959040718,3.1045386310645506,10.171691232573819
3039,Congo Basin,29.515877521971028,3.107413203871098,25.42916069531666
3040,Congo Basin,29.649023198534998,3.1102877766776316,10.171637303576242
3041,Congo Basin,29.588804478208708,3.1131623494841785,10.171691642712549
3042,Congo Basin,29.60031987205118,3.1131623494841785,10.171691642669856
3043,Congo Basin,29.691003598560563,3.1160369222907187,55.94416901757353
3044,Congo Basin,29.703476237314987,3.121067424702157,27.972181336414277
3045,Congo Basin,29.57176786699614,3.1217860679037925,10.171691826620762
3046,Congo Basin,29.59551855672578,3.1260979271136167,33.057888307987774
3047,Congo Basin,29.57344379758173,3.1289724999201494,53.40135774268296
3048,Congo Basin,29.594069382467246,3.146219936759405,10.171704691318046
3049,Congo Basin,29.608464085216646,3.1519690823724855,10.171650035163008
3050,Congo Basin,29.580630972849747,3.155562298380657,33.057975405244704
3051,Congo Basin,29.572713823023676,3.1562809415822892,10.17169032500101
3052,Congo Basin,29.496409206506613,3.1821520968411585,25.429217096496135
3053,Congo Basin,29.673469714176036,3.1814334536395235,17.800464049420388
3054,Congo Basin,29.495925336489606,3.1907758152607864,10.171685231639595
3055,Congo Basin,29.76415358408179,3.2116164681082107,368.72367560009815
3056,Congo Basin,29.74519542215505,3.225989332140922,17.80042171463723
3057,Congo Basin,29.49782462650755,3.2324571209556368,33.47476220534801
3058,Congo Basin,29.551325628823925,3.2389249097703563,99.1740940641123
3059,Congo Basin,29.74374970008155,3.2453926985850723,63.993295467336345
3060,Congo Basin,29.553721387782517,3.2439554121818013,10.171738141313275
3061,Congo Basin,29.54940256250299,3.2511418441981528,10.171667682811178
3062,Congo Basin,29.466140938792158,3.2554537034079623,38.14387709266413
3063,Congo Basin,29.541720985659776,3.256172346609598,43.22974068340978
3064,Congo Basin,29.47213513340583,3.2626401354243137,10.171717330160824
3065,Congo Basin,29.71759229637211,3.264796065029226,17.80046814782946
3066,Congo Basin,29.640572013564523,3.2640774218275905,10.17170316866926
3067,Congo Basin,29.63049459338407,3.2655147082308615,10.17168900078331
3068,Congo Basin,29.660964080907952,3.2755757130537555,41.1058181451043
3069,Congo Basin,29.497316622543572,3.28419943147338,10.171748326707045
3070,Congo Basin,29.70390869318319,3.286355361078288,40.686879219735665
3071,Congo Basin,29.64704188628238,3.2885112906831973,25.429268405143322
3072,Congo Basin,29.459885306608875,3.2899485770864594,10.171691272539967
3073,Congo Basin,29.578776030900084,3.292104506691372,25.011418434550926
3074,Congo Basin,29.472842300586265,3.2913858634897304,10.171676992713586
3075,Congo Basin,29.46659948171608,3.2949790794979092,17.800514586417282
3076,Congo Basin,29.625683846818305,3.2971350091028104,10.171701169097261
3077,Congo Basin,29.46156061042325,3.3000095819093582,10.171672541733203
3078,Congo Basin,29.67078847599698,3.3100705867322486,10.171734860531314
3079,Congo Basin,29.687582483503306,3.317975661950238,17.800539965242603
3080,Congo Basin,29.492737394420264,3.32516209396659,27.555571159628144
3081,Congo Basin,29.56711964998442,3.336660385192753,51.276222684292854
3082,Congo Basin,29.507370643801544,3.3359417419911175,10.171719375727035
3083,Congo Basin,29.50881037889029,3.3402536012009354,10.17167592035489
3084,Congo Basin,29.854607326887574,-8.020058130250085,10.174017914531536
3085,Congo Basin,29.773311820055255,1.460282985722959,55.942627746807304
3086,Congo Basin,29.876586601059216,1.555862531540448,137.31356788183894
3087,Congo Basin,29.88329552353262,1.570235395573159,33.05696968563927
3088,Congo Basin,29.891203629740872,1.5781404707911486,25.428343396749174
3089,Congo Basin,29.89791272256703,1.5817336867993275,17.799953294858945
3090,Congo Basin,29.90294519398978,1.5932319780254924,88.57703639906985
3091,Congo Basin,29.90029878409254,1.7908588584751977,33.05704432926992
3092,Congo Basin,29.811372006998653,1.8835638314861556,286.9215047820344
3093,Congo Basin,29.819991850496542,1.9654891564725845,80.95018369481606
3094,Congo Basin,29.78859060402685,1.9812993069085605,170.79222093432585
3095,Congo Basin,29.782356842096863,1.9971094573445352,101.7144118217601
3096,Congo Basin,29.866489824942676,1.999265386949443,10.17142202547694
3097,Congo Basin,29.897169155540652,2.0280111150148596,25.428525311629972
3098,Congo Basin,29.838203216759766,2.0280111150148596,10.171409941747829
3099,Congo Basin,29.838441624852166,2.040228049442652,135.19321054115701
3100,Congo Basin,29.842514022723993,2.0603500590884445,17.800045059429916
3101,Congo Basin,29.811111199891318,2.070411063911339,71.62132326715285
3102,Congo Basin,29.847067189759716,2.0732856367178765,33.057257139599585
3103,Congo Basin,29.839875991786048,2.079753425532595,52.97847755768989
3104,Congo Basin,29.824293658910754,2.0847839279440405,129.26470861980715
3105,Congo Basin,29.78253654561388,3.070762400587689,25.008340078350898
3106,Congo Basin,29.78337531486143,3.075792902999134,10.171634023403657
3107,Congo Basin,29.788651302637263,3.0829793350154917,25.42912138788477
3108,Congo Basin,29.783131952052297,3.090884410233481,17.8003984075664
3109,Congo Basin,29.79992323193551,3.1016640582580135,132.231651528026
3110,Congo Basin,29.80903638544583,3.118911495097255,58.487062405746684
3111,Congo Basin,29.90187689428773,3.1375962183397776,10.171705140515568
3112,Congo Basin,29.7792794593946,3.1555622983806613,290.3131480686344
3113,Congo Basin,29.78839786958399,3.1505317959692087,10.171663709450876
3114,Congo Basin,29.76536071591375,3.1756843080264425,17.800418237769613
3115,Congo Basin,29.76511704161033,3.1864639560509826,10.171726738688571
3116,Congo Basin,29.899232245681404,3.1993995336804146,10.171683397654121
3117,Congo Basin,29.90379001751456,3.2044300360918623,33.05805031014644
3118,Congo Basin,29.80613428240094,3.2389249097703563,17.80048553125303
3119,Congo Basin,29.895147681012197,3.253297773803065,109.76810038036965
3120,Congo Basin,29.856274494121386,3.27916892906193,40.26496347363327
3121,Congo Basin,29.841635473653895,3.2928231498930076,38.14396180848869
3122,Congo Basin,29.83227756982435,3.2935417930946427,27.972287089209857
3123,Congo Basin,29.82435934350704,3.2928231498930076,33.05814041455555
3124,Congo Basin,29.85549225451286,3.6895141971957024,10.171793580951
3125,Congo Basin,29.836287257451495,3.694544699607145,17.800683040881097
3126,Congo Basin,30.025276836268517,1.0614360088153587,18.223977212430384
3127,Congo Basin,30.03330803945846,1.445910121690251,55.94256386326861
3128,Congo Basin,30.021087104117584,1.4480660512951524,17.799884657823743
3129,Congo Basin,29.989216649493187,1.480404995368748,25.428455827361592
3130,Congo Basin,30.034986540566003,1.521367657861961,17.799878932982672
3131,Congo Basin,30.01294033069736,1.5321473058864905,10.171390997480751
3132,Congo Basin,30.002396376678462,1.5587371043469984,17.799859525799008
3133,Congo Basin,30.012221716312382,1.5910760484205864,10.171357179894962
3134,Congo Basin,30.017254187735134,1.5932319780254884,17.799856945344533
3135,Congo Basin,30.031872573610478,1.6018556964451165,61.028304986698366
3136,Congo Basin,30.075248632024604,1.614791274074548,459.82974127477405
3137,Congo Basin,29.926667944785265,1.639943786131792,10.171362807131134
3138,Congo Basin,29.97507589071736,1.693123383052797,41.10903454294818
3139,Congo Basin,29.980827608244134,1.7017471014724146,10.171376338329193
3140,Congo Basin,29.988256816239144,1.7103708198920424,25.42853360620379
3141,Congo Basin,29.98897578667349,1.720431824714933,45.77112519249725
3142,Congo Basin,29.995925769110922,1.7405538343607216,256.4040861265088
3143,Congo Basin,29.99209107249849,1.7721741352326856,10.171413624390224
3144,Congo Basin,29.907968843618917,1.7786419240473945,88.57724178173208
3145,Congo Basin,29.98442168501444,1.79301478808011,33.05699414489081
3146,Congo Basin,29.98466122885926,1.8059503657095446,17.79993925505331
3147,Congo Basin,29.968123352240976,1.8426011689929405,164.86184085966258
3148,Congo Basin,30.041223606106872,1.8346960937749541,17.79994743588777
3149,Congo Basin,30.045777742270527,1.8490689578076624,17.799949890945765
3150,Congo Basin,29.960932194588025,1.889312977099236,391.599657568244
3151,Congo Basin,29.95350137818083,1.9209332779711898,99.59454125384724
3152,Congo Basin,29.975312390144147,1.9252451371810035,17.80004425138563
3153,Congo Basin,29.950984098896065,1.9381807148104384,83.4910851887203
3154,Congo Basin,30.030919680736336,1.940336644415343,20.34289425918771
3155,Congo Basin,30.01653843388224,1.9432112172218805,10.171430292347258
3156,Congo Basin,30.02948155605093,1.9475230764317044,10.17140498776615
3157,Congo Basin,29.950384698353368,1.948960362834975,10.171396542712067
3158,Congo Basin,30.016778255381027,1.9547095084480555,10.17144395506669
3159,Congo Basin,29.94559051469296,1.9568654380529535,27.971414666748593
3160,Congo Basin,30.01174477876672,1.962614583666034,17.799945181590434
3161,Congo Basin,29.939358106758476,1.9669264428758582,40.68580482378018
3162,Congo Basin,30.018456228377836,1.9726755884889324,38.14285011645734
3163,Congo Basin,29.91083413231064,1.981299306908553,108.92020417684226
3164,Congo Basin,30.02420881904108,1.976268804497107,10.171397391075438
3165,Congo Basin,30.005512899385586,1.9777060909003774,10.171388820030325
3166,Congo Basin,29.926653883029715,1.9827365933118268,63.57150368153334
3167,Congo Basin,30.020853307766053,1.987767095723282,35.59999005246145
3168,Congo Basin,30.029003108046574,1.992078954933086,10.171465290287145
3169,Congo Basin,29.929769333407904,2.001421316554342,27.971400801636545
3170,Congo Basin,30.02756493739963,1.999265386949443,10.171422025313433
3171,Congo Basin,29.92785119608816,2.010763678175604,35.60004422700963
3172,Congo Basin,30.028523945732605,2.0143568941837864,33.057088763786936
3173,Congo Basin,29.922337544044705,2.0215433262001334,58.48583428183141
3174,Congo Basin,30.00263673045424,2.053882270273729,10.171413188470645
3175,Congo Basin,30.014382281029768,2.06106870229008,30.51434955386609
3176,Congo Basin,29.975070513691225,2.0718483503146095,40.68585615926046
3177,Congo Basin,29.95421603956754,2.0740042799195173,10.171450439847202
3178,Congo Basin,29.99017202943594,2.0797534255325987,38.14281870535034
3179,Congo Basin,29.998801467004377,2.0783161391293214,10.171423433557171
3180,Congo Basin,29.97578963348858,2.0811907119358684,10.171405397035047
3181,Congo Basin,29.999760291485536,2.0833466415407695,33.057258924686984
3182,Congo Basin,29.97962477627204,2.0862212143473142,33.057228895089864
3183,Congo Basin,30.01990869186301,2.9363761218818896,10.171597752780583
3184,Congo Basin,29.992204326239037,2.947155769906419,78.40637841796025
3185,Congo Basin,29.965938529439995,2.963684563544029,25.428999920430925
3186,Congo Basin,30.021589982248223,3.0499217477402647,10.171629205660732
3187,Congo Basin,29.989924191536318,3.0944776262416527,10.171704027386271
3188,Congo Basin,29.98392642942823,3.1138809926858095,228.43895794150228
3189,Congo Basin,29.927069172331066,3.114599635887441,10.171678131244354
3190,Congo Basin,29.908356657337073,3.1160369222907116,40.68665526885279
3191,Congo Basin,30.026869682042104,3.129691143121792,224.20088565613403
3192,Congo Basin,29.917952162752215,3.1253792839119807,86.45909735543734
3193,Congo Basin,30.003118802379884,3.131847072726689,109.76938071663889
3194,Congo Basin,29.97049156730563,3.1260979271136167,10.171651165729076
3195,Congo Basin,29.931866163393266,3.1318470727266963,45.349689762489035
3196,Congo Basin,29.91171390186168,3.1332843591299673,10.171664611032856
3197,Congo Basin,29.981047126280522,3.141908077549584,99.17368166626282
3198,Congo Basin,29.941342299041963,3.136877575138139,18.223415691122486
3199,Congo Basin,29.973130103081232,3.141189434347946,33.05793102118717
3200,Congo Basin,29.944098782808965,3.182870740042797,17.800439887473228
3201,Congo Basin,29.913986486882308,3.212335111309849,20.343360448274865
3202,Congo Basin,29.913145014235887,3.2338944073589113,33.05801446513006
3203,Congo Basin,29.90714525649023,3.249704557794886,43.65223129533591
3204,Congo Basin,29.93086064097949,3.7649717333673984,17.800719121528733
3205,Congo Basin,30.096453694974258,-7.712478839950171,10.173820463937227
3206,Congo Basin,30.087023786501668,-7.703855121530543,10.173776335830757
3207,Congo Basin,30.075710988475663,1.0729343000415197,50.856641639658676
3208,Congo Basin,30.0627730347488,1.0722156568398815,25.428321989421317
3209,Congo Basin,30.109493423206857,1.0822766616627855,10.171296112846916
3210,Congo Basin,30.070926517571884,1.3539237918809244,10.171354247782045
3211,Congo Basin,30.056074766355138,1.5292727330799436,10.17140427181996
3212,Congo Basin,30.07836089144501,1.535740521894662,94.08525301862859
3213,Congo Basin,30.061107117181884,1.5314286626848554,17.799940056926463
3214,Congo Basin,30.10424155283969,1.5414896675077454,86.88191448131464
3215,Congo Basin,30.092020129403323,1.5407710243061183,45.77107962766023
3216,Congo Basin,30.13012221423437,1.5429269539110164,78.82778859346774
3217,Congo Basin,30.118739982041483,1.544364240314287,25.002930572644154
3218,Congo Basin,30.229095440457563,1.5652048931617175,20.3427981569205
3219,Congo Basin,30.219030578010667,1.5652048931617175,10.171399078240176
3220,Congo Basin,30.210403553056217,1.5680794659682507,10.171385496867309
3221,Congo Basin,30.149536293704628,1.581733686799324,234.36752959214397
3222,Congo Basin,30.200338690609314,1.569516752371521,10.171378696007022
3223,Congo Basin,30.187880433914337,1.596825194033667,10.171410789704119
3224,Congo Basin,30.082197689837535,1.6018556964451165,17.799926413871212
3225,Congo Basin,30.151214992091788,1.6032929828483824,17.799914254670746
3226,Congo Basin,30.13683638745548,1.6047302692516565,17.799902084964504
3227,Congo Basin,30.11263330271199,1.6176658468810912,53.399792346411644
3228,Congo Basin,30.10616287893918,1.6183844900827267,10.17138750180289
3229,Congo Basin,30.198427914110425,1.631320067712164,188.1704244501604
3230,Congo Basin,30.14378834355827,1.6341946405186976,206.39628277656536
3231,Congo Basin,30.11131571286766,1.6277268517039816,56.36797164868404
3232,Congo Basin,30.249351948380202,1.6277268517039856,17.372589004834875
3233,Congo Basin,30.085554064417177,1.6406624293334275,17.799878688580915
3234,Congo Basin,30.161283880399083,1.6507234341563175,122.48256970210478
3235,Congo Basin,30.141153351493415,1.6464115749465036,27.971299957490526
3236,Congo Basin,30.191479673757613,1.650004790954676,38.142739628337985
3237,Congo Basin,30.22527020442073,1.655035293366121,33.056949444421726
3238,Congo Basin,30.14498889616717,1.662940368584114,25.42852689170347
3239,Congo Basin,30.265054081257688,1.6607844389792015,332.68543673738793
3240,Congo Basin,30.22551165503028,1.6636590117857495,17.799962517867822
3241,Congo Basin,30.105446469939764,1.6686895141971945,10.171381873541584
3242,Congo Basin,30.112876554748738,1.676594589415187,33.057069477544104
3243,Congo Basin,30.124379897907822,1.6873742374397205,10.171368552516817
3244,Congo Basin,30.12677744048569,1.6981538854642464,17.799940837136973
3245,Congo Basin,30.25691620665137,1.748458909578718,68.65689080895642
3246,Congo Basin,30.25859589697705,1.7671436328212404,106.3721696093519
3247,Congo Basin,30.219292989814228,1.775048708039219,10.171398244320965
3248,Congo Basin,30.09011456053173,1.7836724264588466,10.17143321635146
3249,Congo Basin,30.099461549523056,1.7944520744833765,17.799906319800247
3250,Congo Basin,30.260040104495367,1.8002012200964566,140.2844119673867
3251,Congo Basin,30.11192509566758,1.805231722507906,10.171397775078903
3252,Congo Basin,30.248300325155203,1.8318215209684134,17.799975254622545
3253,Congo Basin,30.133257703461684,1.8375706665814944,109.34251936403348
3254,Congo Basin,30.25045737431195,1.836852023379856,10.171386597126203
3255,Congo Basin,30.183829991211976,1.841882525791301,17.800019904030133
3256,Congo Basin,30.197491411680126,1.844038455396213,10.171427959731371
3257,Congo Basin,30.193177278900706,1.8454757417994836,10.171419960541014
3258,Congo Basin,30.257291122349862,1.8548181034207425,25.855944061404067
3259,Congo Basin,30.058001118478884,1.8540994602191114,10.171371841881477
3260,Congo Basin,30.049612923327672,1.859848605832192,10.171420897028158
3261,Congo Basin,30.054886232902987,1.873502826663265,33.05713213045524
3262,Congo Basin,30.087242745749712,1.8742214698649005,10.171421209591784
3263,Congo Basin,30.0642336699476,1.8785333290747106,61.02833593194117
3264,Congo Basin,30.09730921641314,1.8785333290747106,10.171396803615067
3265,Congo Basin,30.104499552601318,1.879970615477981,10.171388656110373
3266,Congo Basin,30.257653713409184,1.8792519722763454,17.799937276798584
3267,Congo Basin,30.255019294222926,1.887157047494338,25.428572707769483
3268,Congo Basin,30.246632472077074,1.8993739819221345,17.800021003937697
3269,Congo Basin,30.24243899112566,1.9094349867450289,225.4594919762961
3270,Congo Basin,30.211640634362656,1.9130282027532075,25.428608396098788
3271,Congo Basin,30.239683617624763,1.9180587051646525,33.05706939015564
3272,Congo Basin,30.25358729347098,1.9252451371810064,33.05720770064872
3273,Congo Basin,30.243520501102573,1.929556996390821,27.9714040471046
3274,Congo Basin,30.249272953884507,1.9345874988022667,10.17139946888817
3275,Congo Basin,30.069029984899714,1.9403366444153476,58.485796600599926
3276,Congo Basin,30.146210511177514,1.9597400108594965,162.74260830651377
3277,Congo Basin,30.05225269852429,1.966926442875855,45.77146848666442
3278,Congo Basin,30.222431728479897,1.9618959404643985,10.171401502229328
3279,Congo Basin,30.246402633408156,1.9748315180938445,25.42851488518115
3280,Congo Basin,30.17377617628493,1.9733942316905735,10.171414516731847
3281,Congo Basin,30.16299006879139,1.9755501612954756,17.799952927731965
3282,Congo Basin,30.15412395433009,1.9906416685298156,10.171473925428911
3283,Congo Basin,30.1627529782117,1.9935162413363625,10.171456649846698
3284,Congo Basin,30.202066204846723,2.0294484014181307,10.171401144305259
3285,Congo Basin,30.16275687941448,2.031604331023028,45.77156587658794
3286,Congo Basin,30.144779315414354,2.038790763039379,58.48571854927496
3287,Congo Basin,30.150053933122912,2.0488517678622835,106.80020231357265
3288,Congo Basin,30.19823418960487,2.0510076974671816,10.171430989421044
3289,Congo Basin,30.132798517003316,2.0898144303554966,30.514297227122984
3290,Congo Basin,30.125008481572216,2.093407646363668,17.37446172709642
3291,Congo Basin,30.04674353381117,2.0941262895653066,10.171486473045583
3292,Congo Basin,30.128724500803038,2.0984381487751103,10.171459201615008
3293,Congo Basin,30.23539752297244,2.1070618671947385,10.171485768848758
3294,Congo Basin,30.196587685299857,2.288878597208476,17.800123704506866
3295,Congo Basin,30.060692324300113,3.0542336069500746,10.17167081760943
3296,Congo Basin,30.06045340050376,3.0765115462007726,17.800347860363583
3297,Congo Basin,30.065011914852775,3.0836979782171263,17.80037326895588
3298,Congo Basin,30.064293768142598,3.1038199878629156,17.800471440358777
3299,Congo Basin,30.052060008956555,3.135440288734865,17.800377370299895
3300,Congo Basin,30.26313266871165,1.6370692133252445,10.17137701523639
3301,Congo Basin,30.26601481055432,1.6780318758184576,17.7999779468649
3302,Congo Basin,30.303400675821404,1.6852183078348113,17.79991415706503
3303,Congo Basin,30.268171687396652,1.6895301670446217,147.05743887254576
3304,Congo Basin,30.420590984254794,1.6873742374397205,10.171368552497398
3305,Congo Basin,30.28447263518641,1.708214890287141,78.82823006584448
3306,Congo Basin,30.2638642572976,1.724743683924751,116.5433762149397
3307,Congo Basin,30.296937161482052,1.7240250407231155,17.799991552951784
3308,Congo Basin,30.3019699947275,1.7290555431345607,10.171397547466377
3309,Congo Basin,30.299336140025712,1.7369606183525534,27.971369916343853
3310,Congo Basin,30.269857881240156,1.738397904755824,17.800002403469467
3311,Congo Basin,30.310120868849694,1.745584336772175,96.62821755352618
3312,Congo Basin,30.412216301716768,1.745584336772178,17.799936318967347
3313,Congo Basin,30.2987381907865,1.7513334823852615,58.913651882242284
3314,Congo Basin,30.305330095225916,1.7585199144016086,58.48560050206054
3315,Congo Basin,30.323304786860085,1.765706346417967,172.91369083671424
3316,Congo Basin,30.394484565731435,1.7664249896196056,10.171363049288637
3317,Congo Basin,30.26674655482322,1.7692995624261385,25.428572818632954
3318,Congo Basin,30.278250449370866,1.7807978536523064,160.19955947222178
3319,Congo Basin,30.397603355302557,1.780079210450672,52.97033557904279
3320,Congo Basin,30.417137684905818,1.7829537832572084,18.229644854135106
3321,Congo Basin,30.41222618115583,1.7836724264588466,10.171433216273828
3322,Congo Basin,30.307252304791717,1.786546999265394,25.428544659807
3323,Congo Basin,30.364053237892847,1.7922961448784744,25.428466754273828
3324,Congo Basin,30.30653330563854,1.795889360886643,50.85689244381986
3325,Congo Basin,30.276335341205026,1.793733431281741,43.228347508972604
3326,Congo Basin,30.37483822519053,1.793733431281741,35.599815064009434
3327,Congo Basin,30.37795690763982,1.8023571497013586,25.42853326440985
3328,Congo Basin,30.26100086281278,1.813855440927534,40.685596924251506
3329,Congo Basin,30.265314926660935,1.8203232297422456,38.142738661861955
3330,Congo Basin,30.282813111663263,1.833977450573319,177.5719941778762
3331,Congo Basin,30.302226554074046,1.8354147369765856,45.771275481495785
3332,Congo Basin,30.3180449145569,1.8354147369765856,10.171394558262936
3333,Congo Basin,30.283774067268524,1.846194385001122,155.1139336609301
3334,Congo Basin,30.302468642646012,1.8454757417994865,45.771393678417745
3335,Congo Basin,30.310620041703608,1.8648791082436376,17.79993711232188
3336,Congo Basin,30.259810814265627,1.873502826663262,40.68571727441298
3337,Congo Basin,30.448197622395515,1.8814079018812435,10.17138050037279
3338,Congo Basin,30.276113321509023,1.901529911527036,124.60004954860987
3339,Congo Basin,30.297684674751928,1.9029671979303027,40.68568452111609
3340,Congo Basin,30.287618043238574,1.9044044843335795,10.171411712961206
3341,Congo Basin,30.307993448647796,1.9130282027532042,25.42860830109877
3342,Congo Basin,30.297207685854687,1.9159027755597404,25.42856679691571
3343,Congo Basin,30.2981688025311,1.9302756395924558,53.399929911767764
3344,Congo Basin,30.31254993448597,1.9360247852055297,20.34278215198456
3345,Congo Basin,30.63376905621783,2.0409466926442916,10.171411816598978
3346,Congo Basin,30.391787018758148,2.4714139704238347,17.800105714893242
3347,Congo Basin,30.53064030116775,2.5267494969497557,30.514678412803203
3348,Congo Basin,30.51049850934757,2.5260308537481233,81.3723452897558
3349,Congo Basin,30.536395098830667,2.5324986425628366,25.428791063201608
3350,Congo Basin,30.591310186073265,2.5439969337890114,25.4287741706042
3351,Congo Basin,30.451776893194573,2.5971765307100263,10.17158410325789
3352,Congo Basin,30.456812622895796,2.6000511035165594,25.428903900120698
3353,Congo Basin,30.478162169075322,2.623047685968896,10.17154293700141
3354,Congo Basin,30.554960428491484,2.7624644670861405,10.171548312110456
3355,Congo Basin,30.380135425743674,2.785461049538477,10.171599732854556
3356,Congo Basin,30.38181730969093,2.7940847679580907,25.42902403748544
3357,Congo Basin,30.5747668484524,2.801271199974452,20.34317683152893
3358,Congo Basin,30.387096774193548,2.8048644159826304,17.800297684418602
3359,Congo Basin,30.38974121183535,2.8228304960235073,10.171608738805965
3360,Congo Basin,30.381106944988517,2.8242677824267846,25.428988185052386
3361,Congo Basin,30.37775219456038,2.8364847168545806,17.800253529825607
3362,Congo Basin,30.3674448353054,2.8544507968954576,10.171581793342888
3363,Congo Basin,30.272707648765973,2.8601999425085514,10.17161353428946
3364,Congo Basin,30.26305262652606,3.5572838480947944,10.171775567733798
3365,Congo Basin,30.60388831106487,3.587466862563482,20.343550960948313
3366,Congo Basin,30.470025285663986,3.715385352454569,50.85914955352154
3367,Congo Basin,30.49391260391973,3.7204158548660144,47.88531345923815
3368,Congo Basin,30.501236286818553,3.721853141269288,17.80071758120031
3369,Congo Basin,30.5415786441329,3.740537864511806,33.058512959679604
3370,Congo Basin,30.502224640696504,3.7714395221821286,10.171847287402617
3371,West Africa,-11.7394765,7.107381500000001,10.17538092587787
3372,West Africa,-11.854326499999999,7.288479499999999,10.178448988125126
3373,West Africa,-11.879438,7.3100385,10.174460497495671
3374,West Africa,-12.265807500000001,7.5515025,10.172525803111997
3375,West Africa,-12.292895,7.5859974999999995,10.175242185710228
3376,West Africa,-12.088741,7.593184,10.171537450412103
3377,West Africa,-12.232700000000001,7.635584,25.259693909670283
3378,West Africa,-12.241317,7.6564245,10.173612812916996
3379,West Africa,-12.2930475,7.6643295,154.96658124194852
3380,West Africa,-12.20661,7.6592994999999995,20.343486506061243
3381,West Africa,-12.244414500000001,7.662174,10.1734474057863
3382,West Africa,-12.282120500000001,7.6636109999999995,66.30046091618806
3383,West Africa,-12.3097745,7.668642,35.44023739625147
3384,West Africa,-12.3184765,7.6664855,10.176886881567114
3385,West Africa,-12.3017985,7.6686415,17.804178014139765
3386,West Africa,-12.270716499999999,7.6707975,10.176786469266878
3387,West Africa,-12.299821,7.673672,10.169672984492692
3388,West Africa,-12.3186745,7.673672,20.342852754166426
3389,West Africa,-12.0532735,7.673672,10.173179769281045
3390,West Africa,-12.282615499999999,7.6794215,10.176585472615862
3391,West Africa,-12.324972500000001,7.6916385,158.04152621277896
3392,West Africa,-12.2871645,7.6866075,10.17641781939789
3393,West Africa,-12.1653375,7.6894825,10.176350701657714
3394,West Africa,-12.2682275,7.710323,50.519632102766536
3395,West Africa,-12.345298,7.7160720000000005,17.63207358987976
3396,West Africa,-12.3533255,7.7167905,10.175711932085655
3397,West Africa,-12.3563255,7.7196655,10.175644549807593
3398,West Africa,-12.348348,7.721821500000001,17.80551162098088
3399,West Africa,-12.3608765,7.7290075,28.15608778668897
3400,West Africa,-12.34202,7.728289,10.168396663826208
3401,West Africa,-12.356098,7.7376315,155.5038798599161
3402,West Africa,-12.190544500000001,7.731882499999999,35.431283874394474
3403,West Africa,-12.207999000000001,7.7333195,27.799702642267913
3404,West Africa,-12.214575499999999,7.734038,10.171768091383699
3405,West Africa,-12.1015355,7.7369125,10.17523981059109
3406,West Africa,-12.3757795,7.744099,99.1945893992858
3407,West Africa,-12.236629,7.7455365,61.218620440121285
3408,West Africa,-12.227102,7.7419435,17.8046849532858
3409,West Africa,-12.1582025,7.744099,10.171531743358265
3410,West Africa,-12.278793499999999,7.748411,10.171430353203153
3411,West Africa,-12.231749,7.7520045,17.80602388798693
3412,West Africa,-12.3862325,7.7512855,10.174901827523437
3413,West Africa,-12.2914195,7.7606280000000005,45.78257292329979
3414,West Africa,-12.3835315,7.7599095,10.174698732892958
3415,West Africa,-12.1400305,7.7656585,10.174563221280723
3416,West Africa,-12.2663315,7.7699704999999994,10.174461515062143
3417,West Africa,-12.271507499999998,7.772126500000001,33.06145344592794
3418,West Africa,-12.255023,7.7793125,124.6293148306788
3419,West Africa,-12.278431000000001,7.787217500000001,20.348144519436254
3420,West Africa,-12.002708,7.784343,10.174089172664207
3421,West Africa,-12.2595725,7.7857804999999995,10.174088126357049
3422,West Africa,-11.7271785,7.787217500000001,10.174054150684434
3423,West Africa,-12.2546435,7.790811,32.88817727458981
3424,West Africa,-12.316446,7.7958415,20.35124235439696
3425,West Africa,-12.3106435,7.794404,25.43288886466081
3426,West Africa,-12.3020385,7.8001535,20.351003023005752
3427,West Africa,-12.156104,7.8202755,10.176777646217376
3428,West Africa,-12.3391015,7.8260245,20.346167285130853
3429,West Africa,-12.2638575,7.831055,58.492848787341906
3430,West Africa,-12.322516499999999,7.8296174999999995,17.806317543384594
3431,West Africa,-12.439033,7.8454274999999996,17.626884137362442
3432,West Africa,-12.322288,7.8461465,20.348716187844442
3433,West Africa,-12.326740000000001,7.8504585,10.176059315930482
3434,West Africa,-12.291160999999999,7.8720175,10.175544546753569
3435,West Africa,-12.2369475,7.8784855,17.804277776229657
3436,West Africa,-12.259635,7.887109,53.234785857671945
3437,West Africa,-12.252379999999999,7.8878275,10.175166152989423
3438,West Africa,-12.265538,7.889265,10.17159253275959
3439,West Africa,-11.78099,7.8921395,10.175062818335698
3440,West Africa,-12.420473000000001,7.9043565000000005,71.38994534623127
3441,West Africa,-12.426777999999999,7.9187294999999995,27.973460526472373
3442,West Africa,-12.424702,7.9251974999999995,10.17426874177898
3443,West Africa,-12.418997000000001,7.928072,10.170660686958811
3444,West Africa,-12.429556,7.9381330000000005,10.170418355697867
3445,West Africa,-12.8896985,8.0373055,10.17505625068669
3446,West Africa,-12.4824985,8.0811425,17.80444361662858
3447,West Africa,-12.481198,8.086892,17.62717116149322
3448,West Africa,-12.537122,8.1113255,35.786730462201604
3449,West Africa,-12.528765,8.1213865,84.10062952946924
3450,West Africa,-12.656317999999999,8.2284645,10.173836715621679
3451,West Africa,-12.055477499999999,8.2428375,10.176980281634899
3452,West Africa,-13.121671500000001,8.2485865,10.176836183049446
3453,West Africa,-12.5260015,8.263678500000001,58.498697877623854
3454,West Africa,-13.1659845,8.2715835,10.176258763693319
3455,West Africa,-13.139343499999999,8.2988915,10.175571023380645
3456,West Africa,-13.194964500000001,8.313264499999999,10.1752081401637
3457,West Africa,-11.7573995,8.3513525,32.903463559062416
3458,West Africa,-11.761079,8.3535085,10.177691060109487
3459,West Africa,-11.783154499999998,8.3635695,10.173933145959316
3460,West Africa,-11.791966500000001,8.3678815,33.06655038380579
3461,West Africa,-11.81907,8.39519,10.173090038891635
3462,West Africa,-11.820618,8.400939000000001,25.4358766936516
3463,West Africa,-11.706123999999999,8.4095625,10.176262555046222
3464,West Africa,-11.852189500000001,8.4117185,25.270767178249294
3465,West Africa,-11.878629499999999,8.4203425,17.637298309328067
3466,West Africa,-13.282964,8.4224985,10.175931539379174
3467,West Africa,-11.709786000000001,8.4318405,35.61309126505465
3468,West Africa,-11.714334000000001,8.441182999999999,20.343826490701947
3469,West Africa,-11.69486,8.446213499999999,17.966885071040302
3470,West Africa,-11.7017515,8.5532915,10.17605682714801
3471,West Africa,-11.7062355,8.579881499999999,825.7725578480145
3472,West Africa,-11.9698135,8.594254,17.807970349640037
3473,West Africa,-11.96453,8.6129385,159.73695556428942
3474,West Africa,-11.7002905,8.622999499999999,61.3744428743469
3475,West Africa,-11.72543,8.6359355,109.37628638010658
3476,West Africa,-11.703718,8.63881,96.65783398546331
3477,West Africa,-11.9376815,8.6359355,17.638108027818795
3478,West Africa,-11.934288,8.6438405,20.354377459289722
3479,West Africa,-11.931477000000001,8.6481525,10.177075315029354
3480,West Africa,-11.924934499999999,8.648871,17.80371485269491
3481,West Africa,-11.917034999999998,8.651027,10.17345985203902
3482,West Africa,-11.910053999999999,8.661088,10.17319501264037
3483,West Africa,-11.889796,8.6639625,10.17665899856472
3484,West Africa,-11.7445035,8.666837000000001,10.16954524735701
3485,West Africa,-11.882815,8.671149,10.172929866557018
3486,West Africa,-11.878644999999999,8.6783355,20.3526356175012
3487,West Africa,-11.741343,8.6804915,32.734088414699876
3488,West Africa,-11.849892,8.712111499999999,465.1318305612336
3489,West Africa,-11.870113,8.682647,20.34525295645218
3490,West Africa,-11.877479000000001,8.6855215,10.176090078793568
3491,West Africa,-11.743034,8.6876775,17.969814299544527
3492,West Africa,-11.752722,8.6963015,68.67884398004603
3493,West Africa,-11.750288999999999,8.712111499999999,58.336255758277545
3494,West Africa,-11.748487,8.7236095,17.803738302058335
3495,West Africa,-11.7439675,8.7408575,254.04068959069764
3496,West Africa,-11.75734,8.749481,35.77653809245938
3497,West Africa,-11.8347,8.756667499999999,142.0992497465389
3498,West Africa,-11.8077965,8.7581045,79.02029609831546
3499,West Africa,-11.7664455,8.760979500000001,37.987313600567695
3500,West Africa,-11.798534499999999,8.763135,10.173988921966032
3501,West Africa,-11.839254,8.763135,10.170491504025794
3502,West Africa,-11.779629,8.7645725,10.173991975436095
3503,West Africa,-11.822625500000001,8.769603,56.12740345176839
3504,West Africa,-11.8148175,8.7739145,73.93369671108825
3505,West Africa,-11.7160195,8.777508000000001,20.343713674114934
3506,West Africa,-11.8207305,8.778945499999999,10.177106960823116
3507,West Africa,-11.7526625,8.7861315,10.176914920808619
3508,West Africa,-11.8182995,8.7925995,76.47396377671566
3509,West Africa,-11.8801105,8.7925995,17.805769275308297
3510,West Africa,-11.7878525,8.796192999999999,38.31462874612596
3511,West Africa,-11.8066645,8.7933185,10.176722697530636
3512,West Africa,-11.75799,8.794037,17.973700729880857
3513,West Africa,-11.799678499999999,8.8005045,20.34959796209818
3514,West Africa,-11.7620535,8.807690999999998,208.9113921043217
3515,West Africa,-11.7909515,8.8005045,10.176530343954143
3516,West Africa,-11.703686999999999,8.8005045,10.173032052762343
3517,West Africa,-11.7823205,8.8033795,10.176453342898684
3518,West Africa,-11.786683499999999,8.8048165,10.17641484740406
3519,West Africa,-11.789688,8.807690999999998,10.169301217866678
3520,West Africa,-11.705330499999999,8.807690999999998,10.172798225596049
3521,West Africa,-11.7049345,8.8170335,47.83605025445793
3522,West Africa,-11.764078000000001,8.82422,99.04024488324299
3523,West Africa,-11.7202535,8.8191895,10.176029459765148
3524,West Africa,-11.798212,8.822782499999999,40.366201847574665
3525,West Africa,-11.6964905,8.8256575,25.269930571524355
3526,West Africa,-11.7023095,8.8256575,17.639867314431445
3527,West Africa,-11.769312,8.8285315,17.637985050952217
3528,West Africa,-11.751905,8.829969,50.7038068404741
3529,West Africa,-11.741960500000001,8.84003,61.38392786673218
3530,West Africa,-11.763003999999999,8.84003,101.74602113876502
3531,West Africa,-11.817645500000001,8.8414675,83.9382974248349
3532,West Africa,-11.7499135,8.8393115,10.175488874625287
3533,West Africa,-11.7320625,8.848653500000001,32.89819537958164
3534,West Africa,-11.829569,8.850090999999999,25.268416743964945
3535,West Africa,-11.7678435,8.852246999999998,45.95602179371533
3536,West Africa,-11.7491235,8.8572775,50.53913863686223
3537,West Africa,-11.821664,8.852246999999998,10.175098128455307
3538,West Africa,-11.726623499999999,8.860152,17.639912952887386
3539,West Africa,-11.7209945,8.8659015,25.26898869423008
3540,West Africa,-11.757441499999999,8.889616499999999,20.35176156722802
3541,West Africa,-11.753047,8.934172499999999,30.525927686125325
3542,West Africa,-11.763422,8.942796000000001,25.435179506052517
3543,West Africa,-11.767297,8.9492635,32.89979367555773
3544,West Africa,-11.771363000000001,8.9614805,45.94789761221099
3545,West Africa,-11.70889,8.9643555,10.175598833746138
3546,West Africa,-11.7769795,8.978009499999999,239.43419235832255
3547,West Africa,-11.71936,8.9744165,10.175324184194647
3548,West Africa,-11.7115465,8.9794465,27.975593146447693
3549,West Africa,-11.7183785,8.987352000000001,10.174926829493725
3550,West Africa,-11.8008335,8.995257,40.863354652994
3551,West Africa,-11.849726,8.998850000000001,10.171116898562474
3552,West Africa,-11.8062605,9.0045995,10.177994783842495
3553,West Africa,-11.7971355,9.015379,17.971850466274827
3554,West Africa,-11.821482,9.026158500000001,25.4417144279034
3555,West Africa,-11.694804000000001,9.045562,17.806014599821474
3556,West Africa,-13.2916095,9.071433,27.790393401426652
3557,West Africa,-13.271462249999999,9.1087285,0.9097344743101102
3558,West Africa,-11.700997000000001,9.123894,10.174657876344064
3559,West Africa,-12.0580505,9.2201925,45.788007180882715
3560,West Africa,-12.066059,9.220911000000001,17.806219645503077
3561,West Africa,-12.0740675,9.2216295,10.178962416550954
3562,West Africa,-12.134062499999999,9.228816,10.17522002913005
3563,West Africa,-12.0932095,9.291338,332.55221472216584
3564,West Africa,-11.7180445,9.2877445,10.17709861720143
3565,West Africa,-12.0322415,9.3624835,10.174975776767285
3566,West Africa,-12.023113500000001,9.371826,109.38343200077809
3567,West Africa,-12.047198,9.373982000000002,10.17460029989433
3568,West Africa,-12.0363215,9.3747005,17.96962074878555
3569,West Africa,-12.028358,9.375419,10.174559270167883
3570,West Africa,-12.041955999999999,9.3883545,10.177729715463057
3571,West Africa,-12.0450645,9.3933855,81.39587942767896
3572,West Africa,-12.0320505,9.3969785,25.438420244334626
3573,West Africa,-12.028652000000001,9.403446500000001,25.61075264816424
3574,West Africa,-12.033702,9.402727500000001,10.17731827201618
3575,West Africa,-12.0528365,9.4070395,10.17370219553205
3576,West Africa,-12.014374499999999,9.41207,37.98654369513276
3577,West Africa,-12.0246705,9.4149445,17.63596920740119
3578,West Africa,-12.029818,9.4156635,10.176947427933431
3579,West Africa,-12.033414,9.436504,448.1985784077025
3580,West Africa,-12.014278000000001,9.4314735,10.176493506600844
3581,West Africa,-12.173800499999999,9.491839500000001,10.178245058117316
3582,West Africa,-12.134176499999999,9.527053,35.43881770079236
3583,West Africa,-12.123344,9.5284905,17.804796207716656
3584,West Africa,-12.254708,9.5342395,47.986377106571766
3585,West Africa,-12.117809,9.537113999999999,17.80787341790933
3586,West Africa,-12.122377499999999,9.542863,17.809327140158693
3587,West Africa,-12.1551705,9.5435815,10.176744235862332
3588,West Africa,-12.148759,9.547175,40.35375118886738
3589,West Africa,-12.4783095,9.863378,17.63049231554532
3590,West Africa,-12.399857,9.889967500000001,10.176951355266812
3591,West Africa,-11.129632,6.985212,10.170940086318112
3592,West Africa,-11.110217,6.9916795,17.96224106307978
3593,West Africa,-11.116957,6.9981475,20.34493165053374
3594,West Africa,-11.122749500000001,6.9981475,10.17771795943175
3595,West Africa,-11.246832,7.0427035,10.17325618318423
3596,West Africa,-11.1775875,7.051327000000001,10.173045019919032
3597,West Africa,-11.339974,7.059951,10.169348984727199
3598,West Africa,-11.35156,7.059951,10.169348986301006
3599,West Africa,-11.174960500000001,7.0642625,38.15061923536978
3600,West Africa,-11.243211,7.070012,10.169133511992994
3601,West Africa,-11.2266005,7.0721675,25.27530502837334
3602,West Africa,-11.217412,7.08151,61.196115948871416
3603,West Africa,-11.0884205,7.0800730000000005,10.172429097469955
3604,West Africa,-11.0864265,7.085103500000001,17.804223458254125
3605,West Africa,-11.1871775,7.0886965,10.175783242300822
3606,West Africa,-11.1683485,7.090134,10.17221293763053
3607,West Africa,-11.107517000000001,7.0922895,73.75104409478308
3608,West Africa,-11.0792735,7.0908525000000004,17.798712145049347
3609,West Africa,-11.171335,7.0930085,10.17217799916176
3610,West Africa,-11.155492500000001,7.0973205,10.17559768591479
3611,West Africa,-11.1600175,7.104506499999999,10.175442897093552
3612,West Africa,-11.153634499999999,7.1095375,17.95954790467203
3613,West Africa,-11.145078000000002,7.113849,17.806666077291002
3614,West Africa,-11.1356635,7.118161,27.978087074408133
3615,West Africa,-11.1402775,7.1246285,10.175008634324932
3616,West Africa,-11.142898500000001,7.145469500000001,17.801943800466304
3617,West Africa,-11.116279500000001,7.1505,25.436097404439426
3618,West Africa,-11.195756,7.259733499999999,10.175572425122105
3619,West Africa,-11.149750000000001,7.2755434999999995,25.43627237837564
3620,West Africa,-11.1377925,7.2920725,83.7730005370776
3621,West Africa,-11.126514,7.3021335,40.53885878176199
3622,West Africa,-11.11714,7.303571,38.30660145665177
3623,West Africa,-11.0888835,7.3050085,27.977466622045625
3624,West Africa,-11.089016999999998,7.310757499999999,17.9588022757391
3625,West Africa,-11.131810000000002,7.3129135000000005,10.17439671925176
3626,West Africa,-11.084893000000001,7.3179435,17.80585427954544
3627,West Africa,-11.450459,7.5845605,10.175275275081836
3628,West Africa,-11.646555,7.8605195000000005,10.175819261173439
3629,West Africa,-11.148702499999999,7.88136,17.805926998461715
3630,West Africa,-11.5351315,7.895732499999999,38.14999712751111
3631,West Africa,-11.465033,7.90795,25.431419660133777
3632,West Africa,-11.409396000000001,7.914417500000001,17.96925003326281
3633,West Africa,-11.404454999999999,7.9208855,10.174372507253668
3634,West Africa,-11.466313,7.927353500000001,17.807483632586607
3635,West Africa,-11.4822755,7.927353500000001,17.80222534164377
3636,West Africa,-11.4874475,7.9295089999999995,20.344756881954574
3637,West Africa,-11.3875005,7.9352585,10.17753228233775
3638,West Africa,-11.373172,7.9410074999999996,10.173887807191065
3639,West Africa,-11.6677685,7.9453195,10.177289565076741
3640,West Africa,-11.365915999999999,7.9453195,10.173783781700262
3641,West Africa,-11.2202475,7.9755025,10.17655957610028
3642,West Africa,-11.258980000000001,7.9848444999999995,25.277909885977675
3643,West Africa,-11.261974,7.990593499999999,17.804808006445874
3644,West Africa,-11.2832005,7.9970615,10.176036474496877
3645,West Africa,-11.102223500000001,8.0128715,10.17565197510065
3646,West Africa,-11.3396285,8.016465,17.807229601321872
3647,West Africa,-11.0896075,8.028682,10.171727482897404
3648,West Africa,-11.3340105,8.048804,10.171236231201584
3649,West Africa,-11.114158,8.130728999999999,10.172726507211346
3650,West Africa,-11.098168000000001,8.179597000000001,10.171515851763568
3651,West Africa,-11.351874500000001,8.193251,17.645393726913888
3652,West Africa,-11.3468445,8.2205595,17.805409322405733
3653,West Africa,-11.3406755,8.2313395,20.35110489294928
3654,West Africa,-11.343763,8.2370885,10.173620966462709
3655,West Africa,-11.341407499999999,8.2572105,10.176619836206656
3656,West Africa,-11.3184115,8.342729,17.64763628182645
3657,West Africa,-11.326812499999999,8.354946,10.170613418506363
3658,West Africa,-11.3283565,8.3592575,10.174042735876647
3659,West Africa,-11.3306375,8.413156,25.275906626902998
3660,West Africa,-11.6778865,8.413156,40.53474289719695
3661,West Africa,-11.6649985,8.418905,17.807156326075184
3662,West Africa,-11.684896,8.4282475,10.175784266160814
3663,West Africa,-11.679858,8.428965999999999,25.60221498087091
3664,West Africa,-11.321924,8.440464500000001,35.77168845616942
3665,West Africa,-11.684452499999999,8.439027,25.272419356920473
3666,West Africa,-11.617801499999999,8.4447765,33.39286830760939
3667,West Africa,-11.592841,8.4598675,20.349979897544664
3668,West Africa,-11.588575,8.461305,10.171396387092882
3669,West Africa,-11.5726845,8.4641795,25.440614300928587
3670,West Africa,-11.315664,8.4699285,10.174713537029904
3671,West Africa,-11.6538295,8.503705,35.772905732923014
3672,West Africa,-11.207583,8.5029865,10.173860584754031
3673,West Africa,-11.2033135,8.5044235,10.177324404194657
3674,West Africa,-11.679355999999999,8.509454,33.0670611031851
3675,West Africa,-11.303681000000001,8.511610000000001,10.17009888465392
3676,West Africa,-11.6542055,8.520233999999999,30.518416282551136
3677,West Africa,-11.3434695,8.5274205,10.176728789140295
3678,West Africa,-11.2629445,8.5324505,32.90414752783388
3679,West Africa,-11.689652,8.536044,53.25140471737359
3680,West Africa,-11.181736,8.5382,17.647690776513684
3681,West Africa,-11.1083835,8.5389185,10.176430393507994
3682,West Africa,-11.1012065,8.543949,27.972515327061085
3683,West Africa,-11.2693035,8.5496985,17.64551307950102
3684,West Africa,-11.259174999999999,8.5525725,17.804602695719634
3685,West Africa,-11.2571765,8.5590405,10.17590722886037
3686,West Africa,-11.2616275,8.5633525,10.175794959700742
3687,West Africa,-11.0901165,8.5633525,10.175794959817175
3688,West Africa,-11.1904975,8.5647895,10.175757533988289
3689,West Africa,-11.1957655,8.5712575,81.23139097254678
3690,West Africa,-11.0688505,8.579162499999999,10.175382840614352
3691,West Africa,-11.079752,8.579881499999999,17.80335794489105
3692,West Africa,-11.154739,8.6100645,683.4198278443771
3693,West Africa,-11.0836545,8.5877865,10.17515772069995
3694,West Africa,-11.073658,8.5928165,247.19280094213417
3695,West Africa,-11.0903745,8.594254,17.806220866534424
3696,West Africa,-11.085287000000001,8.5949725,20.35336493141024
3697,West Africa,-11.1755015,8.5971285,38.16121870867238
3698,West Africa,-11.0628455,8.6000035,43.23769216440841
3699,West Africa,-11.1655065,8.605752500000001,45.78432576921744
3700,West Africa,-11.106176000000001,8.6150945,213.66729860795448
3701,West Africa,-11.1765445,8.6100645,25.592027531208544
3702,West Africa,-11.065148,8.627311500000001,132.57818785941788
3703,West Africa,-11.11453,8.6258745,17.808251142339124
3704,West Africa,-11.1278385,8.6330605,53.570760967558485
3705,West Africa,-11.264084,8.6438405,20.350913114975686
3706,West Africa,-11.1576795,8.6603695,531.4469799685664
3707,West Africa,-11.176946000000001,8.6495895,10.177037506316843
3708,West Africa,-11.2670825,8.6495895,10.17353783714696
3709,West Africa,-11.1712205,8.651027,25.428380000311865
3710,West Africa,-11.164311999999999,8.662524999999999,10.173157161454329
3711,West Africa,-11.1701275,8.6639625,20.349818459471393
3712,West Africa,-11.065079,8.674742,50.563603406712936
3713,West Africa,-11.209244,8.6819285,270.0881323179613
3714,West Africa,-11.269355000000001,8.6740235,10.17639367486664
3715,West Africa,-11.131233,8.6754605,10.176355752301252
3716,West Africa,-11.140046,8.6783355,10.176279864962183
3717,West Africa,-11.1620355,8.682647,10.169128326297468
3718,West Africa,-11.140225999999998,8.6840845,10.17612804238027
3719,West Africa,-11.2575885,8.693426500000001,27.81834029116156
3720,West Africa,-11.200199999999999,8.6941455,10.175862104848873
3721,West Africa,-11.269993,8.6941455,10.175862104945892
3722,West Africa,-11.2324605,8.7077995,389.49575062144515
3723,West Africa,-11.240276,8.6977385,17.804937784582506
3724,West Africa,-11.062797,8.694863999999999,40.85361745414705
3725,West Africa,-11.071655,8.699176,40.85151116484867
3726,West Africa,-11.14949,8.6998945,33.066717242717004
3727,West Africa,-11.249091,8.7034875,78.69411649486732
3728,West Africa,-11.085602999999999,8.707080999999999,10.171980428860259
3729,West Africa,-11.094596,8.714986,27.820245928474808
3730,West Africa,-11.101453,8.725047,17.962950156943116
3731,West Africa,-11.093589999999999,8.728640500000001,10.174947993596716
3732,West Africa,-11.153299,8.732952000000001,10.171294414128552
3733,West Africa,-11.094541,8.7365455,76.1581811093944
3734,West Africa,-11.103947999999999,8.734389499999999,32.90967950821377
3735,West Africa,-11.117305,8.745169,94.57642656272337
3736,West Africa,-11.0853125,8.743013000000001,10.174524686487944
3737,West Africa,-11.0948095,8.745169,17.650503567332205
3738,West Africa,-11.078041500000001,8.7444505,10.178026636103302
3739,West Africa,-11.0782205,8.7501995,10.177873609121328
3740,West Africa,-11.101578,8.753074000000002,10.17075944643976
3741,West Africa,-11.030736000000001,8.7422945,789.2837801958859
3742,West Africa,-11.646691,8.8853045,79.01633646309412
3743,West Africa,-11.6756915,8.88243,10.170787456935747
3744,West Africa,-11.654833,8.888897499999999,40.371469657627415
3745,West Africa,-11.6538965,8.904708,17.809251488861563
3746,West Africa,-11.458527,8.9614805,10.175677260088616
3747,West Africa,-11.6560635,8.9736975,282.84041478936507
3748,West Africa,-11.456853500000001,8.978009499999999,47.847032955760135
3749,West Africa,-11.4426725,8.9895075,17.642656449162722
3750,West Africa,-11.660266499999999,8.9902265,10.178388499554728
3751,West Africa,-11.668014,9.0060365,10.174459008244789
3752,West Africa,-11.6533465,9.0240025,17.637521907571085
3753,West Africa,-11.6483,9.026158500000001,10.173906862838994
3754,West Africa,-11.6528545,9.0304705,10.177284529744519
3755,West Africa,-11.6515875,9.037657,10.173547018540214
3756,West Africa,-11.4469375,9.053467000000001,10.173111788078225
3757,West Africa,-11.672556,9.0771825,17.80446651691841
3758,West Africa,-11.443093000000001,9.092992500000001,32.90453173637017
3759,West Africa,-11.4426885,9.102335,10.171761729088647
3760,West Africa,-11.4425165,9.120301,163.4306474584886
3761,West Africa,-11.484282,9.128205999999999,10.174538078174699
3762,West Africa,-11.4439845,9.144016,58.50660180236663
3763,West Africa,-11.671371,9.1512025,10.177438224353835
3764,West Africa,-11.5658235,9.1519215,17.8043318663603
3765,West Africa,-11.4542805,9.1691685,446.60052931980863
3766,West Africa,-11.533254,9.158389,10.173697969267488
3767,West Africa,-11.658456999999999,9.158389,10.17369796856535
3768,West Africa,-11.510968,9.166294,33.06911286586304
3769,West Africa,-11.527262,9.1749175,25.59913277618703
3770,West Africa,-11.504014,9.176355000000001,17.642346102874203
3771,West Africa,-11.547785000000001,9.1792295,25.275725111900556
3772,West Africa,-11.533459,9.186416,111.75629492344517
3773,West Africa,-11.549895,9.199351499999999,88.86357195090417
3774,West Africa,-11.5034885,9.2051005,56.44437063578814
3775,West Africa,-11.5777,9.203663500000001,17.801757106291245
3776,West Africa,-11.617107,9.206538,63.586168603181186
3777,West Africa,-11.528922999999999,9.204381999999999,10.172412503016222
3778,West Africa,-11.572790999999999,9.21085,55.79530301991239
3779,West Africa,-11.523378000000001,9.2115685,25.437630274679595
3780,West Africa,-11.5242925,9.2180365,17.80808435169295
3781,West Africa,-11.559379,9.222348499999999,74.2528310802377
3782,West Africa,-11.5798585,9.225222500000001,25.60257469653803
3783,West Africa,-11.577134000000001,9.230972,33.234496737989474
3784,West Africa,-11.617225000000001,9.233128,10.171605827840176
3785,West Africa,-11.5142105,9.244626,50.87060393476061
3786,West Africa,-11.560127,9.2453445,17.96915971571943
3787,West Africa,-11.556626999999999,9.2503755,10.174659638829377
3788,West Africa,-11.532786000000002,9.2554055,51.03146548300511
3789,West Africa,-11.5278755,9.2604365,25.439435073120276
3790,West Africa,-11.5926795,9.261155,35.44943754264546
3791,West Africa,-11.5888265,9.276965,25.27400723460004
3792,West Africa,-11.481832,9.279121,10.1703099686987
3793,West Africa,-11.5897895,9.284870000000002,10.173640035261462
3794,West Africa,-11.587064000000002,9.2906195,10.173523613284514
3795,West Africa,-11.623756,9.299243,25.434899902722815
3796,West Africa,-11.636371,9.3057105,17.64311276793643
3797,West Africa,-11.6072885,9.307148,25.271999486282667
3798,West Africa,-11.487223499999999,9.309304000000001,10.172948340036859
3799,West Africa,-11.640929,9.31146,17.97298511390799
3800,West Africa,-11.67316,9.317209,41.026414838801415
3801,West Africa,-11.6040235,9.3179275,10.176243352375296
3802,West Africa,-11.4858285,9.3344565,157.87259546259685
3803,West Africa,-11.5976095,9.3229585,27.818389129872383
3804,West Africa,-11.6783995,9.3222395,10.176120941136638
3805,West Africa,-11.6043045,9.3258325,27.97874373066882
3806,West Africa,-11.341324,9.389792,10.174148529028304
3807,West Africa,-10.6112055,6.382989,10.172596039033552
3808,West Africa,-10.612737,6.386582,27.968309610614618
3809,West Africa,-10.617884499999999,6.3923315,25.281586604577292
3810,West Africa,-10.6260095,6.397361500000001,10.175857247266327
3811,West Africa,-10.6363045,6.4102975,10.175606210808086
3812,West Africa,-10.81429,6.4117345,10.172060984407413
3813,West Africa,-10.6597025,6.4217955,10.17538265860583
3814,West Africa,-10.8497865,6.449104,10.17131102757913
3815,West Africa,-10.4981255,6.474256499999999,55.950301779642864
3816,West Africa,-10.503954,6.4785685,17.799663584374976
3817,West Africa,-10.485191,6.480005500000001,17.950809368787166
3818,West Africa,-10.4931895,6.4821615,10.174202423259336
3819,West Africa,-10.5382015,6.490066499999999,45.77605413304723
3820,West Africa,-10.813221500000001,6.4950975,10.173948076027527
3821,West Africa,-10.654821,6.497253499999999,17.804318670354025
3822,West Africa,-10.6613305,6.499409,10.170324453804039
3823,West Africa,-10.6513755,6.5065954999999995,10.173721575508944
3824,West Africa,-10.9161045,6.508033,10.17015455393853
3825,West Africa,-10.3174575,6.519531,10.16992768799672
3826,West Africa,-10.562749,6.521687,25.285927263259794
3827,West Africa,-10.5802365,6.5288734999999996,17.65028686172243
3828,West Africa,-10.5738535,6.5324665,10.173210484214092
3829,West Africa,-10.5977665,6.534622499999999,25.283545174118586
3830,West Africa,-10.6028725,6.5353414999999995,10.17315356391981
3831,West Africa,-10.722958,6.571992,78.84329089298738
3832,West Africa,-10.7505765,6.576304,17.80686320386906
3833,West Africa,-10.7393905,6.5949884999999995,117.14119027901211
3834,West Africa,-10.7334405,6.6230155,10.171405736336066
3835,West Africa,-10.996072999999999,6.686975,17.961218162199035
3836,West Africa,-10.5255795,6.7106905,10.17666519009119
3837,West Africa,-10.404962999999999,6.7890225,17.802825995998372
3838,West Africa,-10.9672855,6.885320500000001,17.644744994595175
3839,West Africa,-10.571031,6.934907,10.172001521168896
3840,West Africa,-10.5653245,6.9377815,10.1719667387506
3841,West Africa,-10.798031,6.9837745,10.174509484992203
3842,West Africa,-10.902508000000001,7.0570765,10.172948909374032
3843,West Africa,-10.973561,7.0585135,10.172918153498935
3844,West Africa,-11.037373500000001,7.0642625,10.176307753733964
3845,West Africa,-10.8761525,7.0750425,17.804601527483875
3846,West Africa,-11.000161,7.08151,10.168886885979203
3847,West Africa,-11.0350985,7.087978,320.61373939332475
3848,West Africa,-10.850999999999999,7.1124115,25.280177006848383
3849,West Africa,-10.798899500000001,7.1167235,17.801276179296927
3850,West Africa,-10.800564999999999,7.12391,35.76173380576578
3851,West Africa,-10.8666895,7.133971,50.86527511579401
3852,West Africa,-10.781141000000002,7.1310965,51.17099433726233
3853,West Africa,-10.7911935,7.128940500000001,10.17491541487531
3854,West Africa,-10.7871085,7.136127,10.171220883136987
3855,West Africa,-10.9247175,7.1375645,10.174728811303748
3856,West Africa,-10.917562499999999,7.1390015,10.174697695858143
3857,West Africa,-11.060243,7.1425944999999995,35.604133144213826
3858,West Africa,-10.866951499999999,7.144750500000001,25.438192539272883
3859,West Africa,-10.9235325,7.1476255,10.174510825871225
3860,West Africa,-10.869255500000001,7.1497815,17.65256920275896
3861,West Africa,-10.8206855,7.149062499999999,10.174479668235845
3862,West Africa,-10.7975085,7.149062499999999,10.174479667649726
3863,West Africa,-10.8106325,7.1505,10.170909554050768
3864,West Africa,-10.930139,7.154093,17.805142027787372
3865,West Africa,-10.8157025,7.154093,17.803385399600888
3866,West Africa,-10.922171500000001,7.1548115,10.174354946863357
3867,West Africa,-10.854264,7.1591235,10.177773333675367
3868,West Africa,-10.9151925,7.1634355,137.18527556936257
3869,West Africa,-10.8037375,7.1655915,35.60767997867755
3870,West Africa,-10.847833000000001,7.1627165,17.804799672853456
3871,West Africa,-10.7371015,7.16631,10.170566374033983
3872,West Africa,-10.8370555,7.1677475,58.34099443012027
3873,West Africa,-10.7443445,7.1677475,10.174073941797719
3874,West Africa,-10.806083999999998,7.174215,40.693971534144644
3875,West Africa,-10.538214,7.178527,137.49114543512485
3876,West Africa,-10.894451,7.174215,17.804376792912837
3877,West Africa,-10.828538,7.173496500000001,10.177460786850249
3878,West Africa,-10.731566,7.177808499999999,10.17736690002737
3879,West Africa,-10.816399,7.1799645000000005,17.80414433346795
3880,West Africa,-10.796291499999999,7.188588,302.04696408930283
3881,West Africa,-10.7477605,7.1878695,10.173635833662297
3882,West Africa,-10.765578,7.2072725,203.1794836101609
3883,West Africa,-10.753307,7.2101475,27.82872375169191
3884,West Africa,-10.6570085,7.212303,10.16956373996229
3885,West Africa,-10.651299000000002,7.2158964999999995,27.984594595555148
3886,West Africa,-10.718028499999999,7.218052500000001,10.172976378931667
3887,West Africa,-10.450814000000001,7.2202085,17.802604983455108
3888,West Africa,-10.388767000000001,7.2317065,66.13108752520716
3889,West Africa,-10.435129,7.233143500000001,66.12739654435163
3890,West Africa,-10.362047,7.2381744999999995,10.176046617160173
3891,West Africa,-10.34845,7.2432045,48.025781293244805
3892,West Africa,-10.36408,7.2647639999999996,444.80027066891034
3893,West Africa,-10.3890595,7.244642,17.954476204157604
3894,West Africa,-10.3383495,7.244642,17.65766479691371
3895,West Africa,-10.4462475,7.2439235,10.172408945237974
3896,West Africa,-11.045438,7.2489539999999995,17.803270796722696
3897,West Africa,-10.609328999999999,7.2489539999999995,17.803270784566262
3898,West Africa,-10.3427375,7.2489539999999995,25.581614000248
3899,West Africa,-10.3183145,7.256140500000001,101.44408499717971
3900,West Africa,-10.3465265,7.255421500000001,30.518196475713474
3901,West Africa,-11.031939999999999,7.2582965,20.347760180845043
3902,West Africa,-11.036287000000002,7.256859,10.17209637767417
3903,West Africa,-10.3149,7.26692,25.43324366770293
3904,West Africa,-10.578603999999999,7.2654825,10.175445736745298
3905,West Africa,-10.343878,7.26692,25.431452526190878
3906,West Africa,-10.420755,7.2697945,10.175350650229468
3907,West Africa,-10.346260000000001,7.2733875,43.09127858425184
3908,West Africa,-10.318047,7.279137,124.76920852623832
3909,West Africa,-10.3390565,7.277699500000001,17.8039039163053
3910,West Africa,-10.551328999999999,7.2784185,10.175160310283363
3911,West Africa,-10.3812435,7.2834485,17.803681700250245
3912,West Africa,-10.334152,7.284167500000001,10.17503329816449
3913,West Africa,-10.387848,7.2856045,10.17500153415131
3914,West Africa,-10.395093,7.287042,10.171430633462052
3915,West Africa,-10.4343,7.288479499999999,10.17493796750004
3916,West Africa,-10.41184,7.2906355000000005,17.808669584570605
3917,West Africa,-10.428504,7.292791,30.517449595379002
3918,West Africa,-10.457567999999998,7.2942285,10.174810779622435
3919,West Africa,-10.472227,7.299977500000001,10.174683495848033
3920,West Africa,-10.462167999999998,7.304289499999999,10.174587958533836
3921,West Africa,-10.508706499999999,7.3129135000000005,20.352368049330554
3922,West Africa,-10.890339999999998,7.3344725,10.173917656013467
3923,West Africa,-10.8928205,7.3452525,25.583258027424684
3924,West Africa,-10.687386499999999,7.3905265,10.176175747892234
3925,West Africa,-10.480554000000001,7.4092115,10.172246014147236
3926,West Africa,-10.399085,7.518445,10.173251216196766
3927,West Africa,-10.687586,7.5198825,10.176758156481077
3928,West Africa,-10.595315,7.5960585,10.17501033537798
3929,West Africa,-10.586615,7.597496,25.43211572147657
3930,West Africa,-10.579365,7.6003705,10.17491087266568
3931,West Africa,-10.9582255,8.0531155,10.174669826188365
3932,West Africa,-10.7859185,8.0718005,10.174212157675342
3933,West Africa,-10.954666,8.086173500000001,10.177363990886297
3934,West Africa,-10.773549,8.0962345,10.177116598181168
3935,West Africa,-11.0472065,8.096953,17.80378198436139
3936,West Africa,-11.0582735,8.1034205,45.62636974838378
3937,West Africa,-11.0364075,8.100546000000001,10.169967397612316
3938,West Africa,-10.770906,8.1062955,20.35373779873925
3939,West Africa,-11.023608,8.110607,10.173222913750022
3940,West Africa,-10.757169000000001,8.136478499999999,10.176123965130234
3941,West Africa,-10.932367,8.170973,10.171730027651636
3942,West Africa,-10.9427965,8.180315499999999,50.87171824546319
3943,West Africa,-10.949418999999999,8.18319,38.151667984897635
3944,West Africa,-10.954678000000001,8.191095,38.149248539156396
3945,West Africa,-11.054962499999998,8.1939695,10.178201122272561
3946,West Africa,-10.956306999999999,8.1982815,30.52198233291428
3947,West Africa,-11.056504,8.1982815,10.174590041093586
3948,West Africa,-11.052326,8.202593499999999,10.174482588854913
3949,West Africa,-11.006034499999998,8.2083425,10.177842799076371
3950,West Africa,-11.036529999999999,8.2126545,10.174231655317898
3951,West Africa,-10.972811499999999,8.2184035,38.15022616658106
3952,West Africa,-10.988786000000001,8.2169665,10.174124015329246
3953,West Africa,-10.991956,8.2263085,27.821421929908258
3954,West Africa,-11.0442365,8.22559,10.173872021060681
3955,West Africa,-11.064657,8.2284645,20.344206543019588
3956,West Africa,-11.0524025,8.232058,33.06727764504195
3957,West Africa,-10.9922225,8.234214000000001,10.173656348020344
3958,West Africa,-11.030248499999999,8.245712000000001,10.173368449298826
3959,West Africa,-10.7646115,8.354946,30.522382473805262
3960,West Africa,-10.7362175,8.4074065,419.3928226158784
3961,West Africa,-10.709979,8.4045325,17.802527923352496
3962,West Africa,-10.7159205,8.408844,40.84693580776805
3963,West Africa,-10.7442085,8.406687999999999,10.169295827488186
3964,West Africa,-10.7759505,8.4778335,114.91964097570118
3965,West Africa,-10.759834999999999,8.472084500000001,17.80824851504761
3966,West Africa,-10.770529,8.490769499999999,73.46434636615324
3967,West Africa,-10.783055000000001,8.4972375,10.17400915743027
3968,West Africa,-11.0496865,8.571976,10.172030937198805
3969,West Africa,-10.9817255,8.582037,10.171768592365126
3970,West Africa,-11.053129,8.5877865,25.436146481824554
3971,West Africa,-10.973908000000002,8.588505,17.804733016872607
3972,West Africa,-11.0394085,8.5913795,17.80279246627526
3973,West Africa,-11.043220999999999,8.596409999999999,116.84547530180579
3974,West Africa,-10.9762655,8.5949725,50.87812309907195
3975,West Africa,-10.992255499999999,8.594254,48.17185154885497
3976,West Africa,-10.9887985,8.6028775,33.064491571139
3977,West Africa,-11.035538,8.6100645,55.95651086339723
3978,West Africa,-11.0572985,8.608627,33.07101561189627
3979,West Africa,-11.012962,8.6093455,10.178093993760989
3980,West Africa,-11.0472125,8.6115015,40.85550399069136
3981,West Africa,-10.9616225,8.6172505,25.282048925673045
3982,West Africa,-10.9274605,8.616532,10.17086680181905
3983,West Africa,-11.014860500000001,8.622999499999999,120.01647982772347
3984,West Africa,-10.9863795,8.618688,17.654549151982735
3985,West Africa,-10.8252805,8.627311500000001,17.960376520830483
3986,West Africa,-10.9859635,8.6280305,10.17410421886124
3987,West Africa,-11.051382,8.6294675,10.177566362053959
3988,West Africa,-11.048831499999999,8.6395285,50.559387037568186
3989,West Africa,-10.9907685,8.6438405,91.5607441683181
3990,West Africa,-11.0038525,8.642403000000002,10.170188103920717
3991,West Africa,-11.060092000000001,8.65462,25.279592131455136
3992,West Africa,-10.979936,8.6704305,554.6434743666251
3993,West Africa,-11.0639055,8.6596505,32.90907788692144
3994,West Africa,-10.980308,8.6603695,17.80666414803531
3995,West Africa,-10.930150000000001,8.661088,10.173195012293847
3996,West Africa,-10.9382785,8.664681,35.451988849184524
3997,West Africa,-11.0502275,8.664681,17.964018536147158
3998,West Africa,-10.985574,8.666837000000001,10.173043542126607
3999,West Africa,-10.9464075,8.6697115,37.99659663222584
4000,West Africa,-11.050495000000002,8.6733045,58.3437173884363
4001,West Africa,-11.022456,8.6819285,27.97834517248502
4002,West Africa,-10.988199,8.6804915,17.80573549698657
4003,West Africa,-11.062529,8.6862405,48.330200441219944
4004,West Africa,-11.051535000000001,8.682647,10.172626477797847
4005,West Africa,-10.9287195,8.684803,17.96308120418511
4006,West Africa,-11.0103195,8.690552499999999,25.59020070381206
4007,West Africa,-11.0128115,8.7034875,86.63779737576203
4008,West Africa,-11.0477715,8.751636999999999,10.174295215164184
4009,West Africa,-10.990134999999999,8.771759,10.170261587431131
4010,West Africa,-10.360989499999999,9.098023000000001,10.171881146089962
4011,West Africa,-10.8220515,9.325114,10.172499816726425
4012,West Africa,-10.9814285,9.9244625,53.582788561144305
4013,West Africa,-10.759624,10.056693,10.175311714236488
4014,West Africa,-10.32261461170227,11.513379233679466,25.83573023902496
4015,West Africa,-10.321289357872331,11.635548886554984,25.25092884062759
4016,West Africa,-10.389737373055652,11.6427385,15.469084738135347
4017,West Africa,-10.383768872975192,11.658549001188373,17.90778660272651
4018,West Africa,-10.391276000000001,11.664297999999999,36.06330060176418
4019,West Africa,-10.375471000000001,11.6729215,66.61477639107277
4020,West Africa,-10.3366625,11.6765145,10.241142982485009
4021,West Africa,-10.351549999988766,11.680107997678443,15.467951963913519
4022,West Africa,-10.318508747672634,11.699511000000001,10.243812515005505
4023,West Africa,-10.321612748790184,11.7052605,10.24184314433457
4024,West Africa,-10.328200000005069,11.723226501047193,15.468558164701337
4025,West Africa,-10.363778748790184,11.7699385,10.243007884349087
4026,West Africa,-10.360927,11.7742505,10.24109890096009
4027,West Africa,-10.365416,11.7771245,10.240994559442814
4028,West Africa,-10.361096,11.7799995,10.240890156045271
4029,West Africa,-10.397604999999999,11.8101825,10.243297037587356
4030,West Africa,-10.065133,6.1508675,102.01483365487903
4031,West Africa,-10.181341,6.255789,17.65939744791769
4032,West Africa,-10.1235805,6.408141499999999,33.06556406147794
4033,West Africa,-10.116349499999998,6.4067039999999995,17.80391045815214
4034,West Africa,-10.078379,6.641700500000001,10.17454598051102
4035,West Africa,-10.2414145,6.6539175,17.802370516367418
4036,West Africa,-10.186439499999999,6.8932255,10.172900875785325
4037,West Africa,-10.223817,7.015395,25.42927096997384
4038,West Africa,-10.226236,7.0247375000000005,17.801214966086953
4039,West Africa,-10.2201305,7.044859499999999,104.27565857051731
4040,West Africa,-10.1012945,7.041266,10.173260001121399
4041,West Africa,-10.1087795,7.0491715,45.775387584597524
4042,West Africa,-10.115255999999999,7.0491715,25.574935872617502
4043,West Africa,-10.229149,7.0585135,10.172918153279069
4044,West Africa,-10.2321275,7.061388,10.172829732913831
4045,West Africa,-10.1097885,7.066418499999999,51.15519199017444
4046,West Africa,-10.2574725,7.063544,43.23174742181978
4047,West Africa,-10.2488655,7.067856,17.806640403311658
4048,West Africa,-10.2706725,7.0707305,17.801223847666044
4049,West Africa,-10.1143365,7.073605,25.43493416191302
4050,West Africa,-10.115223499999999,7.0829474999999995,10.175906815928785
4051,West Africa,-10.263843999999999,7.089415499999999,114.74434923748616
4052,West Africa,-10.1169165,7.0930085,10.175690491418253
4053,West Africa,-10.125688,7.0973205,53.269171967946704
4054,West Africa,-10.268995499999999,7.0944455,10.17565957029584
4055,West Africa,-10.253911500000001,7.098039,25.291316149949594
4056,West Africa,-10.1193735,7.1066625000000005,32.92253411878118
4057,West Africa,-10.1115295,7.111693,25.425877593578853
4058,West Africa,-10.2311075,7.1152865,17.801329255722948
4059,West Africa,-10.1118555,7.1275034999999995,10.174946488156783
4060,West Africa,-10.1092025,7.136127,124.61936656207887
4061,West Africa,-10.2338565,7.1390015,10.174697695600436
4062,West Africa,-10.1108945,7.148344,104.1228811742476
4063,West Africa,-10.271125000000001,7.1569675,33.064625117062285
4064,West Africa,-10.258253,7.1627165,17.803044291734494
4065,West Africa,-10.2749945,7.1648724999999995,10.174136438507093
4066,West Africa,-10.252541,7.167028500000001,17.80288030662342
4067,West Africa,-10.0968965,7.170622,61.040505333660406
4068,West Africa,-10.2622045,7.177808499999999,30.521537015433235
4069,West Africa,-10.099956500000001,7.177808499999999,10.173855041440955
4070,West Africa,-10.1043835,7.1792455,10.173823751833831
4071,West Africa,-10.109454,7.182838500000001,17.802278212768417
4072,West Africa,-10.2573,7.1857135,17.803925132752372
4073,West Africa,-10.115696499999999,7.2015235,269.0123859536933
4074,West Africa,-10.1987105,7.1893065,10.173604498763558
4075,West Africa,-10.180765999999998,7.1972115,33.06724347418088
4076,West Africa,-10.1894995,7.198649,63.43785852611868
4077,West Africa,-10.125153999999998,7.202242,10.173294066041187
4078,West Africa,-10.078638000000002,7.228832,124.2016191195156
4079,West Africa,-10.061657499999999,7.2475165,73.75819209968304
4080,West Africa,-10.310137999999998,7.2496725,20.34811157300155
4081,West Africa,-10.084115,7.2496725,10.175793890948333
4082,West Africa,-10.0524825,7.2575775,106.53803221088103
4083,West Africa,-10.3030595,7.2539845,10.172187726609804
4084,West Africa,-10.3082965,7.2633265,17.80445870753052
4085,West Africa,-10.302542500000001,7.2647639999999996,17.94842726509951
4086,West Africa,-10.2611435,7.289198,144.69148848037565
4087,West Africa,-10.1206715,7.2949470000000005,17.805006268946293
4088,West Africa,-10.240792,7.3208185,65.98310823264386
4089,West Africa,-10.228409,7.3459710000000005,25.425289564178186
4090,West Africa,-10.218989,7.3466895,17.801196435559866
4091,West Africa,-10.141396499999999,7.4092115,10.175756105321073
4092,West Africa,-10.2764415,9.0419685,10.176968217771044
4093,West Africa,-10.05609499995392,11.044827487876756,15.47017404150454
4094,West Africa,-10.047308499954552,11.044827486847078,15.469736126468272
4095,West Africa,-10.154416999999999,11.049858,10.242026480142009
4096,West Africa,-10.050694499999999,11.100162999999998,10.247335548172332
4097,West Africa,-10.291871001118356,11.3330035,10.241081719724557
4098,West Africa,-10.076235250003286,11.3703725,10.244952608152998
4099,West Africa,-10.13773713731307,11.388341509263569,28.157697499793123
4100,West Africa,-10.112977372196527,11.39408775102156,17.911417957287714
4101,West Africa,-10.065290499308677,11.412054000000001,99.48082081963362
4102,West Africa,-10.112821,11.4091795,10.247120726090845
4103,West Africa,-10.11698099952537,11.4228335,17.909334570420512
4104,West Africa,-10.056947499053043,11.4465485,25.576748158444744
4105,West Africa,-10.07194,11.456610000000001,43.565044685226844
4106,West Africa,-10.13809774999606,11.460922,10.245286989693824
4107,West Africa,-10.229022498967673,11.460921500000001,10.24356218547984
4108,West Africa,-10.301050001117968,11.465233999999999,10.243440658650949
4109,West Africa,-10.108198500478263,11.465952499055327,17.912199286070773
4110,West Africa,-10.215272751036988,11.4853555,10.24267427156608
4111,West Africa,-10.288605747758632,11.4853555,10.244467112352204
4112,West Africa,-10.245064985251066,11.499006592465438,232.1607242501923
4113,West Africa,-10.152868498967315,11.502603,20.487478871763432
4114,West Africa,-10.259626042698896,11.514829502146743,347.6977070605652
4115,West Africa,-10.235423501118355,11.514101499999999,10.245186767748596
4116,West Africa,-10.131321373232215,11.51625750093933,15.468996818087652
4117,West Africa,-10.276745501118356,11.5241625,10.244829559497623
4118,West Africa,-10.260294973522583,11.534936105719769,45.838386821930925
4119,West Africa,-10.183447999999999,11.537098,10.246117714803585
4120,West Africa,-10.26633,11.537816500000002,17.90781109949253
4121,West Africa,-10.258428501118354,11.5442845,10.244114218021283
4122,West Africa,-10.24625201282735,11.550036354578705,30.710074529156643
4123,West Africa,-10.307678501117966,11.565844,10.243362088817499
4124,West Africa,-10.259265,11.567281000000001,10.245023561613507
4125,West Africa,-10.262366498881645,11.570155499999998,10.243192667101816
4126,West Africa,-10.069607000000001,11.575185999999999,23.130083061034213
4127,West Africa,-10.062681534220532,11.586693499999999,253.19123801483676
4128,West Africa,-10.215518375302453,11.592433499999999,33.37667971662763
4129,West Africa,-10.048989000946957,11.5931525,10.245805964106333
4130,West Africa,-10.0747475,11.595308,23.135563409412686
4131,West Africa,-10.04699250077747,11.6003385,33.243372332580165
4132,West Africa,-10.301602752327366,11.600339,10.243884170110052
4133,West Africa,-10.306948014779355,11.606091051811342,53.92843446740151
4134,West Africa,-10.061952,11.6068065,97.0861006120975
4135,West Africa,-10.235092819220936,11.606793906254126,56.17671165083796
4136,West Africa,-10.244546749995342,11.6046505,10.24369860473384
4137,West Africa,-10.100143009856744,11.608964595363902,46.210319344220835
4138,West Africa,-10.2769105,11.606088,10.240147423672342
4139,West Africa,-10.092847625828425,11.609680751952988,33.244709742851235
4140,West Africa,-10.259637501118355,11.614711499999999,10.24160080092874
4141,West Africa,-10.190797193149463,11.619757342511553,97.22126223836311
4142,West Africa,-10.076302,11.617586,10.243168068875027
4143,West Africa,-10.088041,11.617586,10.243168068048925
4144,West Africa,-10.05380440955425,11.6240635,102.29727195546168
4145,West Africa,-10.083638999053372,11.619023,10.244893534390366
4146,West Africa,-10.226872499999999,11.6226165,18.205305447327525
4147,West Africa,-10.156645500002508,11.6290845,97.00878024138619
4148,West Africa,-10.208696998881646,11.6262095,10.2446794548412
4149,West Africa,-10.198508,11.629084500000001,10.2427983229276
4150,West Africa,-10.1897035,11.629084500000001,10.24278384721415
4151,West Africa,-10.142787962258973,11.631231026531264,71.68183472114292
4152,West Africa,-10.173603999474,11.631240000004265,15.470357997752181
4153,West Africa,-10.185301500000001,11.6305215,10.242732333777644
4154,West Africa,-10.168592,11.634115,17.617004378283834
4155,West Africa,-10.176745499999999,11.6348335,10.24257772138014
4156,West Africa,-10.0637525,11.6348335,25.581369587748632
4157,West Africa,-10.0748405,11.6384265,23.130695835679685
4158,West Africa,-10.060981509065243,11.642022384159027,30.66878053750582
4159,West Africa,-10.17246747577028,11.639858158618091,25.709040379152963
4160,West Africa,-10.166888499999999,11.646331499999999,10.242165166192855
4161,West Africa,-10.18238,11.649925,23.130738061579994
4162,West Africa,-10.06718,11.650643500000001,10.245522816834091
4163,West Africa,-10.063064520845256,11.657116856499957,64.03120446755919
4164,West Africa,-10.136566501032686,11.662142,10.243360026620824
4165,West Africa,-10.0588665,11.6650165,10.248496754753639
4166,West Africa,-10.251413529011458,11.671490830358678,227.20144120426997
4167,West Africa,-10.078192,11.669328499999999,30.6675344493323
4168,West Africa,-10.2910817488766,11.673639999999999,10.242966334628365
4169,West Africa,-10.088917489037351,11.682979616823301,30.802770541166883
4170,West Africa,-10.051737490131348,11.68801040364734,46.10817306343055
4171,West Africa,-10.156555499997491,11.6865755,20.482820668656622
4172,West Africa,-10.062827500474627,11.6916065,35.683630128373004
4173,West Africa,-10.081866999999999,11.6908875,20.49150082338289
4174,West Africa,-10.108368499053372,11.693762,10.245697424190915
4175,West Africa,-10.2876014982049,11.698073629055699,25.868013024935017
4176,West Africa,-10.053615010939366,11.700951377052963,43.59680452658395
4177,West Africa,-10.308234251123402,11.698074,10.24208610421328
4178,West Africa,-10.074939,11.702386,56.306647325124885
4179,West Africa,-10.293640251123403,11.702386,10.241930575361177
4180,West Africa,-10.2059055,11.7110095,10.243340256850312
4181,West Africa,-10.07045849951816,11.71891450000357,17.9120991437891
4182,West Africa,-10.102553625352888,11.7347245,566.5292035271422
4183,West Africa,-10.059613465779467,11.723936,69.0859828899559
4184,West Africa,-10.064099500000001,11.728257,10.242674830820523
4185,West Africa,-10.046771108672193,11.73471964508881,30.804563602639984
4186,West Africa,-10.060839626245867,11.739036500002356,38.33546172833348
4187,West Africa,-10.09256624904943,11.74263,10.243905629838586
4188,West Africa,-10.077647731941791,11.757003000000001,359.57701314509
4189,West Africa,-10.037106231470448,11.7505255,563.572814091967
4190,West Africa,-10.050731500000001,11.762751999999999,10.241425673370495
4191,West Africa,-10.046490999053042,11.767063499999999,10.246521353245983
4192,West Africa,-10.07463225095057,11.772813,35.81499727610535
4193,West Africa,-10.053310489513077,11.813054238870981,166.22258431078197
4194,West Africa,-10.097485588161398,11.81664114435175,38.46235423742507
4195,West Africa,-9.944268000000001,6.1063115,17.80154916190074
4196,West Africa,-9.9447475,6.1336195,17.802422477679293
4197,West Africa,-9.896321,6.1343385,10.177332665107897
4198,West Africa,-10.0377075,6.7035035,10.176811343499157
4199,West Africa,-9.980489,7.0462965,17.659945459207105
4200,West Africa,-9.9937225,7.156249,10.170784849320075
4201,West Africa,-9.992435,7.1634355,10.177679634557352
4202,West Africa,-10.023907999999999,7.2762625,170.12543845943787
4203,West Africa,-9.996699,7.291354,10.17133530032115
4204,West Africa,-9.988166,7.297103,10.171208108474163
4205,West Africa,-9.981082,7.304289499999999,35.60928549226901
4206,West Africa,-9.974681499999999,7.310757499999999,17.66223860306775
4207,West Africa,-9.981403,7.3186625,10.174269108511176
4208,West Africa,-9.975607,7.321537,10.170666412067336
4209,West Africa,-9.984059,7.3409405,17.804960515636175
4210,West Africa,-9.994364000000001,7.3488454999999995,25.437474986564652
4211,West Africa,-9.9896135,7.363937,165.17737071991343
4212,West Africa,-9.9481465,7.3869335,210.68046264950837
4213,West Africa,-10.009179,7.39412,272.1403570617696
4214,West Africa,-10.0250415,7.3905265,33.20594530630035
4215,West Africa,-9.93035,7.4013065000000005,53.27449326971039
4216,West Africa,-9.915211,7.4034625,40.696460850898355
4217,West Africa,-9.937032,7.411367500000001,111.90633263698795
4218,West Africa,-9.959818,7.421428499999999,17.8018059867205
4219,West Africa,-9.942465,7.4257405,40.83481234800642
4220,West Africa,-9.944555,7.4516115,393.3780608087602
4221,West Africa,-9.953616499999999,7.4350825,10.175173329576472
4222,West Africa,-9.961586,7.4710145,68.67682628332572
4223,West Africa,-9.950069,7.474608,66.13113324667897
4224,West Africa,-9.944511,7.4853875,10.177543858078295
4225,West Africa,-9.945356499999999,7.7994345,17.80757110231903
4226,West Africa,-9.987181,7.93957,10.170383719113396
4227,West Africa,-9.989911,8.3995015,10.176519652989377
4228,West Africa,-9.8968825,8.5647895,10.175757533274844
4229,West Africa,-9.8979175,9.8748765,35.47253236574931
4230,West Africa,-9.903489999052386,10.4792555,112.1935934438426
4231,West Africa,-9.9716874996063,10.619390500002407,15.469078103815328
4232,West Africa,-9.999878373406233,10.633763501497944,15.469265609487879
4233,West Africa,-9.921109999999999,10.6373565,10.245281310305133
4234,West Africa,-9.9590465,10.6804755,10.247369941748518
4235,West Africa,-10.003900749136143,10.709221,10.244690173929511
4236,West Africa,-9.967529126158734,10.760244499238373,30.801082353143983
4237,West Africa,-9.962527249222529,10.7882715,10.245566109294764
4238,West Africa,-9.95610512616124,10.790427500002401,17.908894590921264
4239,West Africa,-9.9487855,10.8127055,10.246509930140304
4240,West Africa,-9.95463875077747,10.8127055,10.244754162405892
4241,West Africa,-9.987961,11.0002715,17.911708553696432
4242,West Africa,-10.015784999574011,11.086508750076836,17.911176782048503
4243,West Africa,-9.900109999224679,11.235267499999999,10.244374295264906
4244,West Africa,-9.979321500861168,11.23958,10.244247408356392
4245,West Africa,-9.898072999606299,11.241735500002397,17.91185537520901
4246,West Africa,-10.039648000946958,11.248203499999999,10.243973551300853
4247,West Africa,-10.021616006055927,11.255391861802854,23.136967915812328
4248,West Africa,-9.990959515981395,11.279105000058966,155.8953746256483
4249,West Africa,-9.948378748361092,11.276948999999998,10.244693311825692
4250,West Africa,-9.959164983567138,11.29203611848857,25.714409574041674
4251,West Africa,-9.909406493393437,11.314316873570652,38.469631220987395
4252,West Africa,-9.911767000395947,11.320786500720025,15.470401209092827
4253,West Africa,-9.901095494151233,11.328689122041048,33.38003127697898
4254,West Africa,-9.919378499224948,11.327254,10.244683390231243
4255,West Africa,-9.894862,11.3387525,10.249541259172497
4256,West Africa,-9.91049612461113,11.3480945,23.13331638938159
4257,West Africa,-9.899662750777471,11.3502505,10.247397469728435
4258,West Africa,-9.923158887393933,11.352410881732386,25.71593835420762
4259,West Africa,-9.898397999642237,11.358155511555836,15.469728715057546
4260,West Africa,-9.904549470455983,11.366060999957028,112.33345215922382
4261,West Africa,-9.897295,11.3689355,10.248485046551327
4262,West Africa,-9.9149685,11.3703725,10.244940543163878
4263,West Africa,-9.904706000000001,11.37181,10.244843093222249
4264,West Africa,-9.917369506616964,11.376124124934702,23.14004564702623
4265,West Africa,-9.925473249997314,11.376121999999999,10.244727012086248
4266,West Africa,-9.960984249997313,11.384746,10.244424629153979
4267,West Africa,-9.921398249997313,11.386182999999999,10.244374221807472
4268,West Africa,-9.959917749997313,11.4408,10.245946393263887
4269,West Africa,-9.96460137371498,11.447267988527049,15.469491233512965
4270,West Africa,-9.902841504570326,11.465236126466584,23.134671843467036
4271,West Africa,-9.925572626638957,11.464514999278073,15.469860157178607
4272,West Africa,-9.939748006617105,11.470985124979723,23.135563312182917
4273,West Africa,-9.952947499997311,11.4709825,20.447446310605613
4274,West Africa,-9.934245625432077,11.4803255,53.661794726243194
4275,West Africa,-9.95184562013667,11.480323018476284,25.265625615197436
4276,West Africa,-9.88263149338453,11.472417872759182,610.3393179664414
4277,West Africa,-9.951274251638907,11.485356,10.244372371071538
4278,West Africa,-9.91982199961113,11.4889485,23.137828194188078
4279,West Africa,-9.921531125086386,11.494698,17.91493412471012
4280,West Africa,-9.913464250777471,11.495416500000001,20.493209975021596
4281,West Africa,-9.937012499224949,11.498291,10.245654538555126
4282,West Africa,-9.9224265,11.4997285,10.247368600919685
4283,West Africa,-9.947604000861169,11.505478,10.245411232409674
4284,West Africa,-9.963738,11.506915,10.247136683761228
4285,West Africa,-9.959662999138832,11.514101,10.245105310969656
4286,West Africa,-9.89593699961113,11.517694500000001,23.13684636006855
4287,West Africa,-9.9159005,11.5241625,10.24650148758398
4288,West Africa,-9.89405925077747,11.5255995,46.0004465456614
4289,West Africa,-9.968706999138831,11.524162,10.244748105184721
4290,West Africa,-9.971803249136144,11.527037,10.248162381928834
4291,West Africa,-9.916876499139079,11.529192750849125,17.912151627925113
4292,West Africa,-9.911823249997312,11.531348999999999,10.246232839646302
4293,West Africa,-9.95770049219906,11.542121242408214,51.13262180582051
4294,West Africa,-9.935862616760783,11.546442859748595,66.66925715776831
4295,West Africa,-9.928525500775052,11.545722000000001,10.243970156583023
4296,West Africa,-9.9668295,11.552907999999999,81.82148018460532
4297,West Africa,-10.038753481055704,11.55362164353891,110.01113969023098
4298,West Africa,-9.9785655,11.551471,10.249045098431123
4299,West Africa,-9.98553349999414,11.561531500810556,20.46716949050758
4300,West Africa,-9.965687249997313,11.561532,10.245158529229482
4301,West Africa,-9.995109749136144,11.562968999999999,10.246895448541611
4302,West Africa,-9.99885899956822,11.566562000000001,23.134270807128203
4303,West Africa,-10.006930347868774,11.567997260212621,102.41142986290268
4304,West Africa,-9.981987499999999,11.5658435,10.244991560804959
4305,West Africa,-9.993194499994141,11.570155500810525,48.553695055730955
4306,West Africa,-9.922732624611129,11.5694365,17.91245488762692
4307,West Africa,-9.896405499999993,11.572311499997607,17.912456733141465
4308,West Africa,-10.001304250863855,11.571593,10.246587889648072
4309,West Africa,-10.029547,11.5823725,385.1669819250812
4310,West Africa,-9.95769649913883,11.584527999999999,10.246089356385273
4311,West Africa,-10.010596250003285,11.5859655,10.244310937443831
4312,West Africa,-10.029508455654218,11.602482833027745,82.27879579167556
4313,West Africa,-10.03594749913913,11.5974635,10.24563916829382
4314,West Africa,-10.012227907794912,11.611127500064775,321.6848453986067
4315,West Africa,-9.983288994392641,11.601773266783372,61.714672929214444
4316,West Africa,-10.0329745,11.616148500000001,99.57904485223939
4317,West Africa,-10.042430126333567,11.61399251209846,15.46803841201945
4318,West Africa,-9.972161000437751,11.619741999999999,15.467165946072896
4319,West Africa,-9.9281805,11.6204605,10.246568310594233
4320,West Africa,-9.89752485780926,11.624044,66.53661459171543
4321,West Africa,-10.039864000946958,11.6233355,10.24472577652748
4322,West Africa,-9.907798999224948,11.623335,51.22066857304218
4323,West Africa,-10.020829000003259,11.625491000856924,15.470846126730152
4324,West Africa,-9.951901749136145,11.627647,10.248062281498317
4325,West Africa,-9.976969849178879,11.63123299157338,43.35574360103366
4326,West Africa,-9.928504499138832,11.629083999999999,10.244494986458522
4327,West Africa,-9.918273000432077,11.6312405,53.4923250518067
4328,West Africa,-9.941711251638909,11.630522,10.246182919742248
4329,West Africa,-9.912363,11.6305215,10.246196801091598
4330,West Africa,-9.965189500000001,11.6305215,10.242679258266508
4331,West Africa,-9.906493250777471,11.6305215,10.247947731173294
4332,West Africa,-10.02331600051863,11.634114776815316,18.19843537251532
4333,West Africa,-10.028370000946957,11.6333965,10.244365097830984
4334,West Africa,-9.95874850043479,11.634114999143229,18.197885520169812
4335,West Africa,-9.933228392282313,11.636989501580363,102.20030251913266
4336,West Africa,-9.924344999999999,11.6348335,10.246042135040984
4337,West Africa,-9.975746499612764,11.636989014616944,15.47150347147528
4338,West Africa,-10.011087499999999,11.6405825,25.57386139081318
4339,West Africa,-9.982553000431778,11.644176,68.7496376403491
4340,West Africa,-9.96200854193642,11.64418800763951,66.52471208913441
4341,West Africa,-10.020667,11.643457,20.469205054412612
4342,West Africa,-9.93200599904346,11.646331223177182,25.86329660086103
4343,West Africa,-9.905672000775052,11.646332000000001,10.243864726756321
4344,West Africa,-9.9188795,11.647769,10.24204842452933
4345,West Africa,-9.995189750863855,11.647769,10.247352165072616
4346,West Africa,-9.986547716395993,11.653508500000001,68.90323269803088
4347,West Africa,-9.960213007705562,11.654957729989574,64.23399876083135
4348,West Africa,-10.026170999053043,11.6520805,10.243694450426998
4349,West Africa,-9.913332749997313,11.656393000000001,10.245254113505869
4350,West Africa,-9.90746250077505,11.656393000000001,10.246993427792827
4351,West Africa,-10.001508500431779,11.659986,20.35184127925572
4352,West Africa,-9.978760999997313,11.660704500000001,20.449585128165797
4353,West Africa,-10.017774249135845,11.6650165,10.243191527602212
4354,West Africa,-9.9841825,11.667891000000001,38.021614663210535
4355,West Africa,-9.895633874179355,11.67579625000525,17.91431015560435
4356,West Africa,-10.003709981490864,11.680103132097702,30.802558795483737
4357,West Africa,-10.016878249996715,11.6793895,10.244450914948143
4358,West Africa,-10.01431050043178,11.688732,74.0858469600599
4359,West Africa,-10.04272637369427,11.684419749069527,17.91296136983153
4360,West Africa,-9.962899000861169,11.686575999999999,10.245918509138384
4361,West Africa,-10.031923372797054,11.688731501824744,15.468778271565537
4362,West Africa,-10.023323768529552,11.6959275,125.06135698526451
4363,West Africa,-9.971868,11.692325,10.247487740081977
4364,West Africa,-9.926367999138831,11.693762,10.245659433339382
4365,West Africa,-10.032291,11.698074,63.80935634129853
4366,West Africa,-9.964773000000001,11.698073999999998,10.247280365354866
4367,West Africa,-10.002405491838324,11.705258138827517,61.39934697748119
4368,West Africa,-10.0216915,11.710291000000002,17.913238053562907
4369,West Africa,-10.006605500946957,11.7196335,10.2447502008033
4370,West Africa,-9.979163372880269,11.73185000085989,68.7547239336862
4371,West Africa,-9.641489,6.2694434999999995,10.174794139218255
4372,West Africa,-9.775189000000001,6.3772395,10.17272918552221
4373,West Africa,-9.646716,7.652113,10.170174307879169
4374,West Africa,-9.829153,8.6963015,81.53240457194224
4375,West Africa,-9.661773,8.9715415,10.17540269663092
4376,West Africa,-9.764065,9.408477000000001,10.173613629585812
4377,West Africa,-9.83593,9.424287,10.173160210523253
4378,West Africa,-9.784660500000001,9.5443005,17.667885809373374
4379,West Africa,-9.643379,10.312529999999999,10.245174299336716
4380,West Africa,-9.796425249395302,10.3498995,10.245760724088422
4381,West Africa,-9.800888,10.352774,10.247426391540097
4382,West Africa,-9.795998,10.3815195,10.246501793689779
4383,West Africa,-9.789170606264847,10.400921004062315,38.39882241280971
4384,West Africa,-9.679964750518314,10.411703,10.247277586338868
4385,West Africa,-9.7987714987906,10.4239195,217.2463272549349
4386,West Africa,-9.7808772506047,10.4145775,10.247201908829306
4387,West Africa,-9.841392126194805,10.432543012444484,15.469763724478081
4388,West Africa,-9.697912001123013,10.4461975,48.36974400964183
4389,West Africa,-9.8142225276434,10.451956500000001,53.73773426183835
4390,West Africa,-9.8062635,10.454102500000001,28.356631007878622
4391,West Africa,-9.701189874740844,10.459852000000001,61.53444467942633
4392,West Africa,-9.708082000000001,10.467756999999999,10.247227061252087
4393,West Africa,-9.71539,10.469194,10.247180804370425
4394,West Africa,-9.655581,10.472787499999999,15.468082556442399
4395,West Africa,-9.6496955,10.472069000000001,10.243583778753548
4396,West Africa,-9.88225549922468,10.476380500000001,10.245228040724003
4397,West Africa,-9.889644,10.479255,10.24689067131663
4398,West Africa,-9.877951,10.479255,10.246890672250103
4399,West Africa,-9.647321,10.487879,10.246578764715721
4400,West Africa,-9.643523,10.507282499999999,35.89145212771806
4401,West Africa,-9.82943896750582,10.540328245230269,61.67798512204051
4402,West Africa,-9.838530343627895,10.548951994549796,102.26732465907114
4403,West Africa,-9.777086500002866,10.546807999999999,30.691079109905097
4404,West Africa,-9.7866775,10.5971125,10.246565199090323
4405,West Africa,-9.681397248878062,10.5971125,10.246529481934632
4406,West Africa,-9.843213,10.6035805,33.35612168863481
4407,West Africa,-9.7809875,10.599987500000001,10.246471480581128
4408,West Africa,-9.79572937349954,10.60501798768908,15.47008705643882
4409,West Africa,-9.829401500689412,10.607174,10.244471714460245
4410,West Africa,-9.8354505,10.6136415,15.468444782694904
4411,West Africa,-9.8120135,10.612923,10.246059187609402
4412,West Africa,-9.794825992161336,10.622985664363497,38.377782258961865
4413,West Africa,-9.735678000629385,10.625858262406709,20.464142800502696
4414,West Africa,-9.691036750518315,10.624421,10.247404804656219
4415,West Africa,-9.830080499687881,10.628014013601234,15.46894363850526
4416,West Africa,-9.758543,10.631607500000001,10.245430613175277
4417,West Africa,-9.844904,10.634482,10.248857422772303
4418,West Africa,-9.866904973738675,10.68191249996599,451.88201203430464
4419,West Africa,-9.845041,10.684787,10.247207672460464
4420,West Africa,-9.83366,10.693411,10.24692407342765
4421,West Africa,-9.665764749481685,10.703472000000001,10.248313623241241
4422,West Africa,-9.8349505,10.7099395,53.73626076381375
4423,West Africa,-9.645520013323038,10.709940926145386,51.090044017180986
4424,West Africa,-9.649035000000001,10.7286245,20.36169185100992
4425,West Africa,-9.677499510366275,10.7501935,76.7947319300466
4426,West Africa,-9.6396175,10.755213999999999,10.248352481414413
4427,West Africa,-9.6582975,10.767430999999998,36.02318845479763
4428,West Africa,-9.653961500000001,10.789709,10.247208965071493
4429,West Africa,-9.676223499999999,10.8026445,10.246786473769381
4430,West Africa,-9.676569750604699,10.8572615,10.246720637372338
4431,West Africa,-9.679654,10.863010500000001,10.248274290149105
4432,West Africa,-9.6607852493953,10.8673225,10.246384296936029
4433,West Africa,-9.718416499396554,10.884569500000001,10.24578644809785
4434,West Africa,-9.721659500000001,10.893193499999999,10.247272114358648
4435,West Africa,-9.655795,10.894631,10.247208190919928
4436,West Africa,-9.683896500604504,10.925532749919606,17.91314773682458
4437,West Africa,-9.665677250518314,10.929126,10.247802902539878
4438,West Africa,-9.691569995995543,10.934873344442634,33.38308200959979
4439,West Africa,-9.661521250518314,10.934875,10.247609427425925
4440,West Africa,-9.675286373531444,10.952841,15.469648222754405
4441,West Africa,-9.756240249308915,10.965057999999999,10.246617386255068
4442,West Africa,-9.652294749481687,10.966495,10.2465434897486
4443,West Africa,-9.634844370415685,10.970087074305969,105.03626996167318
4444,West Africa,-9.687667999999999,10.975119,25.582429071182577
4445,West Africa,-9.7273555,10.9779935,10.24441781927549
4446,West Africa,-9.684975999999999,10.980868000000001,10.247810944218383
4447,West Africa,-9.733844999999999,10.9981155,10.247235836030194
4448,West Africa,-9.688534500517239,11.0009905,10.245355990982068
4449,West Africa,-9.683646344824737,11.006007680429281,30.499126349001425
4450,West Africa,-9.639641000000001,11.004583499999999,17.63712556021158
4451,West Africa,-9.743718999999999,11.006739,20.450676424663904
4452,West Africa,-9.696092,11.0067395,10.246943701717097
4453,West Africa,-9.699099499999999,11.008176500000001,10.246886539286367
4454,West Africa,-9.699257,11.0139255,10.246700105827566
4455,West Africa,-9.691935999999998,11.015363,10.246642897363987
4456,West Africa,-9.6957545,11.018956,17.63638256627453
4457,West Africa,-9.687779751121937,11.021112500000001,10.246426713043316
4458,West Africa,-9.658533000026726,11.021830512890425,15.471280367336883
4459,West Africa,-9.699573000000001,11.0225495,10.246407558565279
4460,West Africa,-9.6645867506047,11.0282985,10.247957266551063
4461,West Africa,-9.745897003998362,11.031174654997699,23.13732661932387
4462,West Africa,-9.644164500517238,11.0326105,10.24428367926722
4463,West Africa,-9.681442626411116,11.050576512887744,250.75817488983404
4464,West Africa,-9.677482499396554,11.0642305,10.24671331238488
4465,West Africa,-9.671663873591305,11.06494948819018,15.469916751898957
4466,West Africa,-9.691631600838882,11.072124245837918,58.86688675449896
4467,West Africa,-9.682072626411186,11.070698512918543,30.80042150882894
4468,West Africa,-9.684466500668067,11.07644777619818,18.19321972346221
4469,West Africa,-9.667702751121938,11.0771665,10.244519933491702
4470,West Africa,-9.673561,11.0771665,10.248038681255123
4471,West Africa,-9.647316493970656,11.082193591845922,56.448578323808185
4472,West Africa,-9.862572249308915,11.080041,10.246223242404808
4473,West Africa,-9.700002500603446,11.0814785,10.24612525926011
4474,West Africa,-9.669324499999998,11.082915499999999,30.802316322327776
4475,West Africa,-9.7008925,11.086509,17.912214595262228
4476,West Africa,-9.656221751121938,11.087227500000001,10.24417667618181
4477,West Africa,-9.847022751466644,11.097288500000001,10.2438693633058
4478,West Africa,-9.89096275077747,11.097288500000001,10.24564462808609
4479,West Africa,-9.6873725,11.0987255,10.247310967657302
4480,West Africa,-9.745386125750555,11.102318722947448,18.192973966025278
4481,West Africa,-9.673773374740843,11.106631,23.133703705125733
4482,West Africa,-9.700870500603445,11.105912499999999,10.245290630421493
4483,West Africa,-9.663637995962967,11.110222330974793,58.956213723886
4484,West Africa,-9.737231999999999,11.1210035,17.91205686635038
4485,West Africa,-9.7089055,11.128908500000001,10.246277928307766
4486,West Africa,-9.851395,11.140407,10.24590177614665
4487,West Africa,-9.836905999999999,11.1432815,10.242262814529516
4488,West Africa,-9.651176250518315,11.156217,10.247077138052758
4489,West Africa,-9.7406972493953,11.1576545,10.247044050179358
4490,West Africa,-9.644088367909307,11.162686573774256,35.78584803350135
4491,West Africa,-9.645787250001256,11.1691525,25.578013870044266
4492,West Africa,-9.6386975,11.176338999999999,10.248129705830296
4493,West Africa,-9.636119996192196,11.185679663370177,89.48244474674273
4494,West Africa,-9.781207499310586,11.187837,10.24599213087936
4495,West Africa,-9.738382467785394,11.198603681561867,71.57023387468223
4496,West Africa,-9.6407115,11.193586499999999,10.247542702319153
4497,West Africa,-9.644924373661716,11.208678000513778,18.188523854926164
4498,West Africa,-9.717075022679676,11.261866999999999,31.044459443269176
4499,West Africa,-9.707746626468555,11.269044000000001,15.467288340165577
4500,West Africa,-9.736364375130101,11.270481499999999,17.913804599400414
4501,West Africa,-9.6615965,11.291322000000001,10.247653219591566
4502,West Africa,-9.866868500775322,11.292759499999999,10.245874395126124
4503,West Africa,-9.657513999999999,11.2985085,10.247403115166849
4504,West Africa,-9.665078500603446,11.3071325,10.245336615437
4505,West Africa,-9.864801,11.3603115,25.29930877722016
4506,West Africa,-9.88907099961113,11.362467500000001,17.914756577286617
4507,West Africa,-9.648264500004483,11.439362500001767,875.6859394253513
4508,West Africa,-9.664656,11.424271000000001,15.469529849140066
4509,West Africa,-9.6962215,11.425708,17.915658025070222
4510,West Africa,-9.8641185,11.424989499999999,10.24650527550673
4511,West Africa,-9.860974506610713,11.442239125711513,140.67749586724412
4512,West Africa,-9.887902,11.4336135,10.246212368135545
4513,West Africa,-9.87201300077532,11.442237500000001,10.244132765976383
4514,West Africa,-9.892212542808307,11.454467765249007,30.48692831156096
4515,West Africa,-9.86817649922468,11.456609499999999,10.247118226712807
4516,West Africa,-9.647544874740843,11.460203,33.38245862896358
4517,West Africa,-9.689498499396555,11.4666705,10.246725373310962
4518,West Africa,-9.652992249998746,11.4681085,10.244924452916562
4519,West Africa,-9.647937624999372,11.471701,23.136388570756985
4520,West Africa,-9.8656455,11.469545499999999,10.248437221006755
4521,West Africa,-9.640225103919581,11.481752498964791,156.24729535959176
4522,West Africa,-9.633637500517239,11.504040499999999,456.204124836836
4523,West Africa,-9.662421500603447,11.4882305,10.245962673831405
4524,West Africa,-9.87378249922468,11.491104499999999,10.245898289091567
4525,West Africa,-9.876144,11.4975725,17.911642935673584
4526,West Africa,-9.892358134904363,11.500449990866539,35.518832141135874
4527,West Africa,-9.882983263994472,11.5033215,35.765761858346046
4528,West Africa,-9.651278000001453,11.504759000600501,15.470037064047117
4529,West Africa,-9.862451499999999,11.5040405,10.247215708169758
4530,West Africa,-9.871412500775321,11.5083525,61.19825097945328
4531,West Africa,-9.87956,11.5119455,23.13202664392867
4532,West Africa,-9.875481998838495,11.520569,28.358546059650333
4533,West Africa,-9.8835495,11.5198505,46.136590583223345
4534,West Africa,-9.810207749308676,11.5198505,10.244843905151601
4535,West Africa,-9.84398487344506,11.5220065,15.470570134734478
4536,West Africa,-9.6594382506047,11.5299115,10.248000476867057
4537,West Africa,-9.850173126906437,11.530630485630564,15.469248941892939
4538,West Africa,-9.86675150077532,11.5428475,10.244061573077797
4539,West Africa,-9.8594165,11.5442845,10.24578602818848
4540,West Africa,-9.72758887380576,11.547877987773106,15.468613469132903
4541,West Africa,-9.889158750777472,11.5543455,10.24717923242801
4542,West Africa,-9.8585925,11.5600945,10.245223019805502
4543,West Africa,-9.845549250691086,11.567281,10.246697054648417
4544,West Africa,-9.6493545,11.577342,10.248045314761335
4545,West Africa,-9.859516626204979,11.5881215,15.467877776229495
4546,West Africa,-9.645424501123014,11.5902775,40.637805475630714
4547,West Africa,-9.757091500689413,11.596027,10.245636253903362
4548,West Africa,-9.651763765412525,11.602496246460017,117.91152074917854
4549,West Africa,-9.886328641022914,11.599624381086008,30.804516664618884
4550,West Africa,-9.859425508221321,11.60465250403344,76.77172586942763
4551,West Africa,-9.719994124869899,11.6039315,17.913754929840398
4552,West Africa,-9.640027499999999,11.6046505,10.247076514387734
4553,West Africa,-9.758917,11.605369,27.98324809122977
4554,West Africa,-9.853677132183552,11.609682535196985,25.26959123873762
4555,West Africa,-9.659416999396555,11.611836499999999,10.245053166206516
4556,West Africa,-9.885463765549412,11.61543,25.689506085672633
4557,West Africa,-9.650691750001254,11.616148500000001,10.246640143123766
4558,West Africa,-9.636019867951784,11.616869246454618,89.39514173785844
4559,West Africa,-9.865044000000001,11.619742,20.357794200323813
4560,West Africa,-9.67008076088459,11.624053499999999,81.82933478157693
4561,West Africa,-9.711011,11.6204605,10.246518851302236
4562,West Africa,-9.890109999997312,11.623335,20.48606703370286
4563,West Africa,-9.703911250604698,11.6262095,10.248062558372892
4564,West Africa,-9.844821832670018,11.62835161729791,38.47151425572892
4565,West Africa,-9.872662,11.627647,10.242759374569973
4566,West Africa,-9.85505375077774,11.627647,10.244498863620443
4567,West Africa,-9.708392749395301,11.629084500000001,10.247959462323776
4568,West Africa,-9.682058499396554,11.6319585,25.578066968706484
4569,West Africa,-9.716086338778586,11.639850590030289,147.73706223466223
4570,West Africa,-9.709364,11.635552,17.916146305445555
4571,West Africa,-9.875829499611129,11.6542365,45.73265618057575
4572,West Africa,-9.664897499999999,11.665735000000002,17.639269617028457
4573,West Africa,-9.766975500000001,11.667891000000001,25.58056791153451
4574,West Africa,-9.885198963437514,11.670035243129142,74.2036377922984
4575,West Africa,-9.813938999310825,11.6664535,10.246610502857195
4576,West Africa,-9.865627492986288,11.677949744702332,33.220066600902015
4577,West Africa,-9.77915465419479,11.680117304310283,168.43279736289193
4578,West Africa,-9.746905749998328,11.680827,10.244334016764748
4579,West Africa,-9.76313,11.683701,10.247755214205213
4580,West Africa,-9.8851905,11.6894505,10.247568476673827
4581,West Africa,-9.877109,11.7110095,10.250280496235806
4582,West Africa,-9.846444749222531,11.7153215,10.248374257196692
4583,West Africa,-9.88309,11.8360535,10.245738530303793
4584,West Africa,-9.555529,5.473186500000001,10.174867257517759
4585,West Africa,-9.6168875,5.6011050000000004,10.172706546881006
4586,West Africa,-9.5722675,6.433294,10.17161951117536
4587,West Africa,-9.615924,7.6672045,165.05177088556846
4588,West Africa,-9.5851295,7.682296,10.172978767209516
4589,West Africa,-9.588313,8.914769,17.94171633758379
4590,West Africa,-9.581192999999999,8.920518,17.673812757216616
4591,West Africa,-9.6316715,8.960761999999999,28.118681270206423
4592,West Africa,-9.5078415,8.980884,55.96318559934972
4593,West Africa,-9.512361,8.987352000000001,10.171431491737891
4594,West Africa,-9.5189475,8.9895075,28.11639583740001
4595,West Africa,-9.5454105,8.999568499999999,25.29676462003019
4596,West Africa,-9.550581,9.0017245,10.174577170019102
4597,West Africa,-9.5668975,9.013223,20.344941250365082
4598,West Africa,-9.5489055,9.047718,10.173270139407574
4599,West Africa,-9.588806,9.2597175,25.570488929798735
4600,West Africa,-9.526385,10.5022515,10.249605761306126
4601,West Africa,-9.598947249481686,10.532435,10.246887120405871
4602,West Africa,-9.5811595,10.710658500000001,10.246309021079426
4603,West Africa,-9.622839500001067,10.84791900051458,17.914190516916044
4604,West Africa,-9.592173750431929,10.9176275,10.24817566317798
4605,West Africa,-9.635407,10.942060999999999,10.24561423544995
4606,West Africa,-9.615342526793007,10.955728423161066,156.3288035040402
4607,West Africa,-9.604138500000001,10.970807,10.248143684926669
4608,West Africa,-9.6217855,10.975119,10.247998005050503
4609,West Africa,-9.6042165,10.975119,10.247998004837015
4610,West Africa,-9.6344645,10.9801495,17.9151656928749
4611,West Africa,-9.625103010368424,10.984461501036977,35.824849946047934
4612,West Africa,-9.594592500000001,10.990929000000001,10.247463385308368
4613,West Africa,-9.532831000000002,11.0060205,17.913945646600332
4614,West Africa,-9.61791248046553,11.011760077873788,33.24410593578665
4615,West Africa,-9.602850499999999,11.021111999999999,10.246440623089631
4616,West Africa,-9.576493250518313,11.021111999999999,10.248186125269811
4617,West Africa,-9.6073995,11.025424000000001,10.246294282031382
4618,West Africa,-9.580349000539245,11.028299920104265,23.13474778300729
4619,West Africa,-9.585512749568071,11.0282985,10.247935509812729
4620,West Africa,-9.59095,11.0376405,54.18600153759076
4621,West Africa,-9.631913501209398,11.035485,33.24835211841992
4622,West Africa,-9.59838949703596,11.041233068432069,38.46822185754787
4623,West Africa,-9.610836505283846,11.041955421816741,25.714456553755028
4624,West Africa,-9.581626499764624,11.044827012808213,15.465603952225917
4625,West Africa,-9.625559000002069,11.044827500997663,15.469198509077755
4626,West Africa,-9.586214750431928,11.0484205,25.583188141418383
4627,West Africa,-9.633848494006466,11.049856331494327,51.197943587543904
4628,West Africa,-9.574694000235382,11.056325987196157,15.470248169919435
4629,West Africa,-9.60544763193567,11.056328422150663,30.802708348761197
4630,West Africa,-9.596006997056774,11.05848008038373,23.137265026799813
4631,West Africa,-9.614352,11.059919,10.248619357891176
4632,West Africa,-9.615319,11.0663865,51.250686990350154
4633,West Africa,-9.6087285,11.067105000000002,10.244876790199074
4634,West Africa,-9.576508999482582,11.067105000000002,10.246600264139405
4635,West Africa,-9.5461425,11.0786035,10.24796910880715
4636,West Africa,-9.591778749481687,11.087226999999999,10.245935700530096
4637,West Africa,-9.597636999999999,11.087226999999999,10.24768807139206
4638,West Africa,-9.615447,11.091539000000001,10.247540811153907
4639,West Africa,-9.587852999999999,11.100162999999998,10.247246120696047
4640,West Africa,-9.513118,11.1210035,23.13650375950832
4641,West Africa,-9.604824,11.126034,10.246360720726303
4642,West Africa,-9.559414750431928,11.1274715,10.248049704244142
4643,West Africa,-9.59959,11.1432815,10.245762066534637
4644,West Africa,-9.629123250518314,11.151905,40.87670173150638
4645,West Africa,-9.623185,11.149031,10.2455719668574
4646,West Africa,-9.6357155,11.152624,28.356755665324627
4647,West Africa,-9.6234985,11.159092000000001,30.675338830446236
4648,West Africa,-9.629017502781968,11.171309841835932,130.70668985465048
4649,West Africa,-9.6197295,11.179214,10.248030712971486
4650,West Africa,-9.628336374654458,11.1957425,23.13680051280738
4651,West Africa,-9.624254374437761,11.204366,38.33246397947911
4652,West Africa,-9.617162997215917,11.210114157145021,25.27809159736496
4653,West Africa,-9.612189489633725,11.2158545,74.22732361325349
4654,West Africa,-9.522732000000001,11.2137085,10.246827722418427
4655,West Africa,-9.629852750001255,11.2194575,25.579455009640448
4656,West Africa,-9.548030000431183,11.225207000000001,10.244663082908078
4657,West Africa,-9.618522016432095,11.230963925746874,91.87198527210457
4658,West Africa,-9.630087750518314,11.225207000000001,10.248195185793252
4659,West Africa,-9.573369126271468,11.237423987204892,15.471343251560166
4660,West Africa,-9.568356999999999,11.2417355,17.914658845473213
4661,West Africa,-9.591617499482583,11.258264,10.243525219956938
4662,West Africa,-9.55040737456807,11.319348999999999,33.379811730781334
4663,West Africa,-9.543811,11.3186305,10.246687505109858
4664,West Africa,-9.543120882528381,11.340907188568899,451.3273169161569
4665,West Africa,-9.559824626382172,11.336596500001434,17.916021522834093
4666,West Africa,-9.556237750949496,11.34019,10.245911993182627
4667,West Africa,-9.5760745,11.361749,10.248682446287969
4668,West Africa,-9.528277897339555,11.381164436485399,165.99330502167246
4669,West Africa,-9.5604935,11.3789965,10.248070784093219
4670,West Africa,-9.579256749999104,11.414929,10.246785123412781
4671,West Africa,-9.59261,11.420677999999999,25.582785015484372
4672,West Africa,-9.579412999999999,11.420677999999999,10.250107144529249
4673,West Africa,-9.636756249481685,11.422115,10.248313402930881
4674,West Africa,-9.590612989633726,11.4458205,299.48292784689573
4675,West Africa,-9.523926,11.4249895,10.24644853669289
4676,West Africa,-9.550631250431929,11.4336135,10.247894482513574
4677,West Africa,-9.624998000000001,11.444393000000002,18.18919693637722
4678,West Africa,-9.539133250431927,11.4436745,10.247539750079275
4679,West Africa,-9.522502,11.448705,38.466212582914345
4680,West Africa,-9.6040475,11.455172999999998,25.585122749259277
4681,West Africa,-9.541531010366274,11.468827000000001,327.06320837556495
4682,West Africa,-9.566074749481686,11.456610000000001,10.24708985350533
4683,West Africa,-9.624119496539292,11.46092033078535,23.13898792181322
4684,West Africa,-9.52509,11.4594845,25.581536517177987
4685,West Africa,-9.569858002431214,11.462360670293158,23.134876816239107
4686,West Africa,-9.638130126338286,11.46451499948563,15.47025016467587
4687,West Africa,-9.583329980706907,11.468817569588715,51.01909587669411
4688,West Africa,-9.506373499999999,11.470264,35.88922827755521
4689,West Africa,-9.5136675,11.4695455,10.248369630515173
4690,West Africa,-9.591053474136034,11.480312653420466,96.86501225609237
4691,West Africa,-9.580630874654457,11.4774505,48.579287232645086
4692,West Africa,-9.616563,11.476732,10.24812872438705
4693,West Africa,-9.562454250431928,11.4796065,25.584592376151775
4694,West Africa,-9.5750375,11.483918499999989,20.46728502165803
4695,West Africa,-9.514288,11.4882305,30.67055597918629
4696,West Africa,-9.609542999999999,11.486792999999999,10.24777260865325
4697,West Africa,-9.550493499997671,11.495416500000001,130.16765391209609
4698,West Africa,-9.518843,11.4911045,10.247612664361819
4699,West Africa,-9.570949998878927,11.4939795,41.01186528022351
4700,West Africa,-9.6215115,11.491105000000001,10.247627128619103
4701,West Africa,-9.534321,11.494698,23.136665022781948
4702,West Africa,-9.611323000517238,11.4939795,10.24575120913124
4703,West Africa,-9.5857335,11.4975725,33.35627701783843
4704,West Africa,-9.527720500000001,11.495416500000001,10.247453851090802
4705,West Africa,-9.6319355,11.498291,10.247372491788948
4706,West Africa,-9.5352095,11.4997285,10.247301018052367
4707,West Africa,-9.539610000517417,11.501166000000001,10.24548929229321
4708,West Africa,-9.595345749481687,11.501166000000001,10.249013237835499
4709,West Africa,-9.5310425,11.506915,112.49404208679323
4710,West Africa,-9.558177500255416,11.506196249492113,17.91342673111085
4711,West Africa,-9.5105075,11.5054775,10.24709716193943
4712,West Africa,-9.619048250001255,11.505477500000001,10.247093532079711
4713,West Africa,-9.591180000000001,11.506915,10.247059448533943
4714,West Africa,-9.551694000259962,11.5105085,40.78485785541402
4715,West Africa,-9.585048019439544,11.5205785,250.43727732010595
4716,West Africa,-9.507729249568072,11.5112265,10.248642449349001
4717,West Africa,-9.53810912676994,11.520569249492421,17.91557448018461
4718,West Africa,-9.624977998790602,11.550752,1522.7268756411954
4719,West Africa,-9.566790499482583,11.524162,10.248164982543173
4720,West Africa,-9.539077509329648,11.527764999999999,43.56048690545323
4721,West Africa,-9.512672249568073,11.5255995,10.248132013805774
4722,West Africa,-9.5509665,11.531348999999999,10.24968401478886
4723,West Africa,-9.599413500002065,11.533504500996006,15.469691389621719
4724,West Africa,-9.523173249568071,11.5356605,20.49377549186124
4725,West Africa,-9.585673,11.5378165,17.91802079097704
4726,West Africa,-9.505802500000001,11.5399725,35.89065306753067
4727,West Africa,-9.519816122967066,11.543564248488881,33.24914163722219
4728,West Africa,-9.5938975,11.542847,51.09629181002547
4729,West Africa,-9.637906250518313,11.542847,10.247532537495346
4730,West Africa,-9.59302599973807,11.580935000001064,38.33688227052458
4731,West Africa,-9.626115500517239,11.584528500000001,10.246021794002997
4732,West Africa,-9.6071205,11.587403,10.24768598735753
4733,West Africa,-9.5807115,11.587403,10.247685986555323
4734,West Africa,-9.634342126679169,11.589558748893918,17.91481055060275
4735,West Africa,-9.619983603097793,11.598173,150.93810289706082
4736,West Africa,-9.5662735,11.591715,10.247531890216273
4737,West Africa,-9.548783475013714,11.596733076681854,114.87088561412554
4738,West Africa,-9.513607257774705,11.5981825,69.17429681678044
4739,West Africa,-9.5987085,11.597463999999999,10.247326350916781
4740,West Africa,-9.632455500517239,11.5989015,10.245508141838549
4741,West Africa,-9.5825695,11.598901000000001,10.247274957392678
4742,West Africa,-9.5884385,11.598901000000001,10.247274958339995
4743,West Africa,-9.5057710017315,11.603933002191408,28.15958815958667
4744,West Africa,-9.540407999482582,11.608962,58.52449778889619
4745,West Africa,-9.619642249998746,11.6089625,32.942801317323806
4746,West Africa,-9.62697875112194,11.6089625,10.246897468176797
4747,West Africa,-9.618410248878062,11.616148500000001,10.24664014191586
4748,West Africa,-9.531992749568072,11.6204605,10.248238477608124
4749,West Africa,-9.558561000000001,11.623335,10.249891250818923
4750,West Africa,-9.628301500914084,11.626211406977692,23.138330648385843
4751,West Africa,-9.583133,11.6549555,10.245214700189516
4752,West Africa,-9.568876750518314,11.754128000000001,10.246917075996715
4753,West Africa,-9.510648250949496,11.978345000000001,10.247396889425936
4754,West Africa,-9.3825515,5.5781085,10.176635245855898
4755,West Africa,-9.394938,7.095164499999999,17.93200442652005
4756,West Africa,-9.3856365,7.101632,43.50419122766971
4757,West Africa,-9.3791185,7.0994765,53.27534439384572
4758,West Africa,-9.3729785,7.1188795,20.346788526195187
4759,West Africa,-9.3657355,7.120317,10.171562620592265
4760,West Africa,-9.4645055,8.5065795,25.574437996397062
4761,West Africa,-9.466106499999999,8.7746335,10.177222120050326
4762,West Africa,-9.442599,8.878118,10.17440028356383
4763,West Africa,-9.448109,8.922674,10.173193684870336
4764,West Africa,-9.458369,8.9241115,10.176694377221958
4765,West Africa,-9.4649545,8.9262675,28.115961208707304
4766,West Africa,-9.454005,8.9255485,10.176655341613024
4767,West Africa,-9.363876,8.928422999999999,10.173037562348467
4768,West Africa,-9.43241,8.932735000000001,10.172920398224417
4769,West Africa,-9.493594,8.9392025,28.109689403127884
4770,West Africa,-9.5018265,8.9478265,17.801892308989856
4771,West Africa,-9.497807,8.960761999999999,25.300980019826408
4772,West Africa,-9.358332,9.0240025,78.98874846650634
4773,West Africa,-9.3738785,9.0326265,68.54235954715602
4774,West Africa,-9.458209499999999,9.0865245,10.175738696824762
4775,West Africa,-9.412664,9.0973045,48.60063001024462
4776,West Africa,-9.396,9.100179,35.61723045753313
4777,West Africa,-9.45315,9.1418605,53.54528513703066
4778,West Africa,-9.3687145,9.1418605,35.74238608312036
4779,West Africa,-9.4685505,9.1454535,20.351701717803557
4780,West Africa,-9.460658500000001,9.150484,35.48114222117897
4781,West Africa,-9.409243,9.160544999999999,81.26675659012135
4782,West Africa,-9.389741,9.166294,27.978939378430823
4783,West Africa,-9.489853,9.181385500000001,10.176595720024654
4784,West Africa,-9.365521000000001,9.186416,17.80791140145181
4785,West Africa,-9.374985,9.187134499999999,30.525765166384314
4786,West Africa,-9.3882715,9.220911000000001,81.79864771753893
4787,West Africa,-9.410075500000001,9.2194735,27.852527361407077
4788,West Africa,-9.399345,9.225941500000001,20.347235428541126
4789,West Africa,-9.369873,9.241033,25.566549595796324
4790,West Africa,-9.4977445,10.232042,10.173368710040771
4791,West Africa,-9.3684563743953,10.330496,17.913336445853737
4792,West Africa,-9.388305250000357,10.431824500000001,10.248370765073025
4793,West Africa,-9.39438,10.439011,10.248126845255737
4794,West Africa,-9.401142,10.467756999999999,10.247202841920162
4795,West Africa,-9.380664,10.8953495,15.466088912710557
4796,West Africa,-9.363501750345542,10.954996999999999,10.246901223456689
4797,West Africa,-9.4049515,10.96937,10.248168038903408
4798,West Africa,-9.499654,10.9995525,10.24715816171026
4799,West Africa,-9.391101000018384,11.039078013300667,15.46917867162614
4800,West Africa,-9.397410998615959,11.076446498646135,66.65556768695616
4801,West Africa,-9.364534500000001,11.0771665,25.58104680485645
4802,West Africa,-9.364166374481686,11.1353765,17.916259675591874
4803,West Africa,-9.494270485419491,11.150459311870463,61.44095195793864
4804,West Africa,-9.403941499999082,11.165559499334877,30.79825089514145
4805,West Africa,-9.374099626209398,11.1713085,18.183484702675486
4806,West Africa,-9.474532250431928,11.1720275,10.246513556174673
4807,West Africa,-9.399770500833986,11.19574310338881,35.53193997392968
4808,West Africa,-9.415887,11.195742500000001,17.914469925419883
4809,West Africa,-9.390591000000475,11.205803500343514,15.46891661865324
4810,West Africa,-9.372466136007088,11.2101241727166,30.535035567783634
4811,West Africa,-9.4054345,11.209397,10.246965751993985
4812,West Africa,-9.420086750345543,11.209397,10.248716196977055
4813,West Africa,-9.3864625,11.212271000000001,10.246866501357118
4814,West Africa,-9.421782,11.219458,56.2110612178461
4815,West Africa,-9.371306387575707,11.22162489831421,30.505668806964938
4816,West Africa,-9.3874245,11.2216135,17.915437013876197
4817,West Africa,-9.393476999072618,11.226644947474337,51.091030623607445
4818,West Africa,-9.379594499654814,11.228081,10.244547387639875
4819,West Africa,-9.370954999999999,11.2338305,10.249612114985547
4820,West Africa,-9.384143,11.2338305,33.21538225945907
4821,West Africa,-9.387303,11.23958,10.249417875471613
4822,West Africa,-9.418114874481686,11.240298500000002,27.991751187041686
4823,West Africa,-9.48301675043193,11.2525155,10.247229704427975
4824,West Africa,-9.490344499999999,11.2539525,10.24893067101281
4825,West Africa,-9.386372999999999,11.256827000000001,10.248820107690332
4826,West Africa,-9.487722,11.261139,33.21960469658851
4827,West Africa,-9.383243614029027,11.273346,64.44285828944227
4828,West Africa,-9.364267513130615,11.274803,35.494470621228736
4829,West Africa,-9.417991,11.282698,10.247921738907984
4830,West Africa,-9.36164151486009,11.284864751275013,58.8911812963598
4831,West Africa,-9.376022998704215,11.2985085,25.31646686819755
4832,West Africa,-9.390023374394644,11.299227,23.132015068709944
4833,West Africa,-9.400513,11.3078505,17.914576262753336
4834,West Africa,-9.388130750345542,11.310006999999999,10.24871623991266
4835,West Africa,-9.365288750345542,11.327254,10.248114663360269
4836,West Africa,-9.480898520622816,11.3667914364854,66.66429550395478
4837,West Africa,-9.477658,11.379715000000001,17.915417326086004
4838,West Africa,-9.469633126188985,11.38115248687236,30.80588886138718
4839,West Africa,-9.462264000000001,11.3804335,10.248014347777202
4840,West Africa,-9.484486999568668,11.3861825,10.246039105349373
4841,West Africa,-9.439687874568072,11.428583,17.91548195359885
4842,West Africa,-9.402295500000001,11.427864,10.246336449516107
4843,West Africa,-9.4836785,11.428583,17.915907414076365
4844,West Africa,-9.364551749654456,11.4408,10.247624835266382
4845,West Africa,-9.458402499568669,11.4407995,10.247610964561524
4846,West Africa,-9.461412500000002,11.442237,10.249328043734609
4847,West Africa,-9.465271498810262,11.447985311379988,30.711563882100517
4848,West Africa,-9.386816000000918,11.44726750066446,15.467086419195793
4849,West Africa,-9.474880500000001,11.450142,20.36484129386345
4850,West Africa,-9.379827500000001,11.45661,30.804065464329284
4851,West Africa,-9.3974255,11.458047,10.245272038723463
4852,West Africa,-9.3872745,11.4616405,15.469815836844045
4853,West Africa,-9.363772,11.460922,10.248663568485028
4854,West Africa,-9.488581499999999,11.4652335,10.24852206872423
4855,West Africa,-9.463147999783216,11.471701,28.35575812986527
4856,West Africa,-9.379629013130614,11.4745855,71.41449350643434
4857,West Africa,-9.455196252757474,11.475292551140491,81.85749901890686
4858,West Africa,-9.3558490138217,11.5744675,8561.75910912084
4859,West Africa,-9.3744195,11.47242,10.248252289771804
4860,West Africa,-9.368278,11.4860745,153.06456783359474
4861,West Africa,-9.468743749654458,11.486793,10.249497260297261
4862,West Africa,-9.462221,11.488949,17.915227150368814
4863,West Africa,-9.4328875,11.488949,17.917419647629178
4864,West Africa,-9.5057975,11.4982915,10.247351955945787
4865,West Africa,-9.385603,11.4997285,10.247285327366557
4866,West Africa,-9.409301,11.505478,30.67396494284018
4867,West Africa,-9.418101749654458,11.506915,10.248783980040274
4868,West Africa,-9.3682315,11.506915,10.250527820267518
4869,West Africa,-9.385909,11.508352,10.246984335635954
4870,West Africa,-9.503984999999997,11.509070999998658,17.914978882079428
4871,West Africa,-9.406520750345543,11.512664000000001,46.002691884282605
4872,West Africa,-9.416788250345544,11.511227,10.248630967816796
4873,West Africa,-9.418446626208365,11.51625749933576,15.470376405488246
4874,West Africa,-9.4118845,11.517694500000001,17.913885761455237
4875,West Africa,-9.403121501986366,11.519850499676012,51.13884611639036
4876,West Africa,-9.4510635,11.5255995,10.246382857486635
4877,West Africa,-9.401923499999999,11.526318499999999,28.159707768313798
4878,West Africa,-9.451217499568667,11.5313485,10.244405280143644
4879,West Africa,-9.455656626228647,11.53350451237872,15.469922201869252
4880,West Africa,-9.398715500000002,11.5399725,10.245811542563601
4881,West Africa,-9.452992749223007,11.5414095,10.245790579884527
4882,West Africa,-9.455075982722875,11.557210000000001,250.2868354211573
4883,West Africa,-9.3842755,11.545722,25.583909545658564
4884,West Africa,-9.368215249740842,11.550033500000001,10.247242315563428
4885,West Africa,-9.444729997927993,11.557220000802994,20.42923797468038
4886,West Africa,-9.435850499654936,11.5557825,10.247021847801339
4887,West Africa,-9.437933000000001,11.571593,10.248231196187977
4888,West Africa,-9.48658,11.580216499999999,58.620361867211784
4889,West Africa,-9.4659625,11.5787795,10.247974688298186
4890,West Africa,-9.504301626471154,11.5823725,15.471226484133158
4891,West Africa,-9.437236006219765,11.5953175,56.44842268183762
4892,West Africa,-9.476889014368936,11.59675368907152,143.14541660437064
4893,West Africa,-9.443335000043867,11.603213025390234,20.42943702646633
4894,West Africa,-9.452215750431929,11.6046505,10.248798649515104
4895,West Africa,-9.480402999999999,11.611836499999999,10.246798792436891
4896,West Africa,-9.4334485,11.611837,10.246787916233954
4897,West Africa,-9.448198750431928,11.6161485,10.248386948930358
4898,West Africa,-9.437232499767767,11.617587183981545,23.135230178872597
4899,West Africa,-9.4879715,11.6204605,10.24998102527987
4900,West Africa,-9.435454249999403,11.6290845,10.246150027353007
4901,West Africa,-9.362389,11.637708,10.249351509405338
4902,West Africa,-9.43672649780453,11.645612103250555,28.430385927159996
4903,West Africa,-9.4200040006899,11.649206499142618,40.91786739162811
4904,West Africa,-9.4772375,11.6506435,10.248897779443318
4905,West Africa,-9.428885999999999,11.653518,10.2487836145145
4906,West Africa,-9.4848065,11.656392499999999,10.248691136601602
4907,West Africa,-9.384311,11.677952000000001,10.247904445702893
4908,West Africa,-9.38071800017075,11.681545249661637,17.91461789355196
4909,West Africa,-9.363105874004914,11.681545249918411,17.9141722335334
4910,West Africa,-9.374419,11.68945,10.247490100812906
4911,West Africa,-9.362829999999999,11.695199500000001,10.247277935399119
4912,West Africa,-9.388011500000001,11.700949,10.25056545894822
4913,West Africa,-9.369083,11.708135,10.246815904747471
4914,West Africa,-9.455127000000001,11.9467245,10.248585535252937
4915,West Africa,-9.3947285,11.982657,10.247247667806226
4916,West Africa,-9.32866,6.0330095,48.18839198108445
4917,West Africa,-9.3362205,8.7559485,10.17772048571675
4918,West Africa,-9.3248125,8.767447,10.173873952500088
4919,West Africa,-9.329126500000001,8.7925995,78.85218755807321
4920,West Africa,-9.3287005,8.8048165,10.176414848179425
4921,West Africa,-9.324099499999999,8.822782499999999,274.7067942690585
4922,West Africa,-9.340295,8.916924999999999,10.173349707798153
4923,West Africa,-9.345868,8.9643555,10.175598833609703
4924,West Africa,-9.347616,9.003880500000001,40.43579276234923
4925,West Africa,-9.3352845,9.003880500000001,61.053944837089524
4926,West Africa,-9.347956,9.016816500000001,25.568106437011036
4927,West Africa,-9.334972,9.021128000000001,17.941840975762265
4928,West Africa,-9.343164999999999,9.0297515,43.237769848278425
4929,West Africa,-9.3359635,9.0304705,10.17728453040956
4930,West Africa,-9.341586,9.051311,86.35513515302114
4931,West Africa,-9.333004500000001,9.0570605,17.80718568632431
4932,West Africa,-9.3230805,9.067121499999999,68.54460198530782
4933,West Africa,-9.336945499999999,9.06784,10.172715457527403
4934,West Africa,-9.331425,9.0807755,35.61552392610654
4935,West Africa,-9.3273865,9.120301,25.3058848939772
4936,West Africa,-9.344807,9.1454535,10.177598385012097
4937,West Africa,-9.3491745,9.1468905,10.174063321268754
4938,West Africa,-9.337527999999999,9.1468905,10.17755836246479
4939,West Africa,-9.3223175,9.1490465,17.804471992110766
4940,West Africa,-9.329634500000001,9.150484,45.65329368406552
4941,West Africa,-9.3550735,9.1497655,10.17398325337496
4942,West Africa,-9.311926499999998,9.170606,421.5778944009361
4943,West Africa,-9.3595925,9.154077000000001,10.170324400509283
4944,West Africa,-9.361124,9.158389,10.173697968688472
4945,West Africa,-9.355376,9.1612635,10.177157695383148
4946,West Africa,-9.326259,9.1612635,10.177157695565269
4947,West Africa,-9.3408175,9.1612635,10.173662793318305
4948,West Africa,-9.357059,9.1691685,61.05120750701446
4949,West Africa,-9.333991000000001,9.1770735,10.176716252335908
4950,West Africa,-9.357285999999998,9.1770735,10.176716251962754
4951,West Africa,-9.351841,9.1914465,10.176314273749307
4952,West Africa,-9.346745,9.1921655,17.80586009282647
4953,West Africa,-9.332913000000001,9.192884,10.172734461790487
4954,West Africa,-9.326160999999999,9.2115685,10.175750461076342
4955,West Africa,-9.315278,9.2137245,101.61160462513855
4956,West Africa,-9.332513500000001,9.2316905,10.178679647531009
4957,West Africa,-9.338414,9.234565,10.171565437330395
4958,West Africa,-9.342858,9.238876999999999,10.17144419893214
4959,West Africa,-9.3604835,9.244626,10.1747753558271
4960,West Africa,-9.347453000000002,9.2460635,10.174781068916275
4961,West Africa,-9.320626,9.251094,33.19944361151489
4962,West Africa,-9.356342000000001,9.2518125,10.174619159545161
4963,West Africa,-9.329477,9.2554055,33.06974626364357
4964,West Africa,-9.338234750259158,10.9434985,10.247284564067431
4965,West Africa,-9.336380998533473,10.9521225,20.455943780648973
4966,West Africa,-9.330172000013185,10.96433901271992,74.22663681193798
4967,West Africa,-9.343689999999999,10.975119,25.315508879253652
4968,West Africa,-9.331902,10.975119,10.247968990522356
4969,West Africa,-9.355554999999999,10.979431,10.247823253633712
4970,West Africa,-9.345382250259156,10.983742500000002,35.891194393467416
4971,West Africa,-9.351039374481687,11.0002715,56.27342309391466
4972,West Africa,-9.330112,11.008176500000001,10.246846648465443
4973,West Africa,-9.350107126123014,11.017519,61.63317789558729
4974,West Africa,-9.3338755,11.0340475,25.580851327268583
4975,West Africa,-9.328094249740843,11.038359499999999,25.58092967634378
4976,West Africa,-9.328413745089094,11.094413762611433,28.133344571840723
4977,West Africa,-9.32154462612241,11.10806799950107,15.469946705789066
4978,West Africa,-9.3348415,11.1116615,10.246820225223319
4979,West Africa,-9.326053,11.1116615,10.250317429855823
4980,West Africa,-9.330485373877279,11.113817000241202,15.468346109707761
4981,West Africa,-9.326128750345543,11.115973,10.24842728076951
4982,West Africa,-9.340071750259156,11.138969500000002,33.216401786617865
4983,West Africa,-9.332324,11.215145499999998,10.246758755450472
4984,West Africa,-9.332779749740844,11.229518500000001,10.24801162541326
4985,West Africa,-9.342446498911368,11.257544949831685,528.9428169663714
4986,West Africa,-9.3508015,11.28701,10.2477669758095
4987,West Africa,-9.3577780138217,11.299237,64.31264294235059
4988,West Africa,-9.350449489246053,11.299216626025304,50.66924093533551
4989,West Africa,-9.347318994868132,11.317912787093222,58.759409953964365
4990,West Africa,-9.342606001382169,11.330129,33.345382084865044
4991,West Africa,-9.322779249740844,11.328691500000001,10.248060258176507
4992,West Africa,-9.320670501468555,11.3746845,28.032128702762577
4993,West Africa,-9.330922250259157,11.397681500000001,10.24913833336939
4994,West Africa,-9.350059000258888,11.400556,10.245520011408521
4995,West Africa,-9.326599749740843,11.4005555,10.249037348028084
4996,West Africa,-9.3519635,11.45661,10.248811062727718
4997,West Africa,-9.35281149885791,11.462360198513197,23.136368032187658
4998,West Africa,-9.327086249654457,11.502603,10.248932107225261
4999,West Africa,-9.331632126137661,11.596745012111477,15.469453729019262
5000,West Africa,-9.3375395,11.597464,10.247302222233305
5001,West Africa,-9.317036,11.599619999999646,66.56247630689374
5002,West Africa,-9.346419250345543,11.601776000000001,10.24889125848231
5003,West Africa,-9.3363765,11.606087500000001,30.673637992960987
5004,West Africa,-9.343713250259157,11.606087500000001,10.248732741944082
5005,West Africa,-9.322668499999999,11.677952000000001,10.247899621136234
5006,West Africa,-9.35547275000036,11.739754999999999,10.245642402199937
5007,West Africa,-9.354462499654815,11.749816,10.247024545866179
5008,West Africa,-9.3446795,11.850426500000001,10.248614911782854
5009,West Africa,-9.330383749740843,11.991280499999998,10.24866524463915
5010,West Africa,-9.331374,12.0214635,10.249291407108275
5011,West Africa,-9.340724999999999,12.034399,10.248815843878544
5012,West Africa,-9.343487,12.239931,10.248081274082566
5013,West Africa,-9.2775465,5.6974035,25.43121914925459
5014,West Africa,-9.276474,5.7189625,91.42532507836138
5015,West Africa,-9.2731605,5.739084500000001,73.7537888781613
5016,West Africa,-9.2639195,5.74699,61.162390874416275
5017,West Africa,-9.247456,5.754176,65.99648410083245
5018,West Africa,-9.261939,5.758488,17.67511144136488
5019,West Africa,-9.317022999999999,6.027260500000001,17.800551195351584
5020,West Africa,-9.3001665,6.6179855,25.432211640817936
5021,West Africa,-9.285197499999999,6.6280465,188.195390286614
5022,West Africa,-9.296773,6.6273275,10.174835014179546
5023,West Africa,-9.263642,6.6359515,86.47602208127574
5024,West Africa,-9.295326,6.6316395,10.17474836621929
5025,West Africa,-9.273771,6.6366700000000005,86.34039308233831
5026,West Africa,-9.272697,6.6575105,10.17422732730214
5027,West Africa,-9.316788500000001,7.133971,27.84373391228773
5028,West Africa,-9.3135415,7.1526555,45.78123072813335
5029,West Africa,-9.270346,8.3499155,17.80496163013607
5030,West Africa,-9.289788000000001,8.702769,10.172094571062914
5031,West Africa,-9.313467,8.8055355,53.28246672997977
5032,West Africa,-9.3211795,8.8536845,10.175101987690706
5033,West Africa,-9.313682,9.0146605,216.206976474129
5034,West Africa,-9.295341,9.0081925,43.24197729648239
5035,West Africa,-9.287337,9.008911000000001,10.170841292240695
5036,West Africa,-9.298364,9.0125045,17.671272492171404
5037,West Africa,-9.2685685,9.013223,10.17421817226417
5038,West Africa,-9.287487,9.0146605,10.174222516427463
5039,West Africa,-9.296294,9.017534999999999,35.60584606099868
5040,West Africa,-9.3029555,9.021128000000001,17.93834473301217
5041,West Africa,-9.3069325,9.035501,129.7183849103097
5042,West Africa,-9.3130545,9.044843499999999,10.176889064022028
5043,West Africa,-9.308688499999999,9.0462805,10.17684949306427
5044,West Africa,-9.312477999999999,9.051311,25.567492080971096
5045,West Africa,-9.316342500000001,9.059216,10.172953337744117
5046,West Africa,-9.312352,9.073589,38.287881356550244
5047,West Africa,-9.3184005,9.0822125,56.09638424707278
5048,West Africa,-9.3142595,9.0908365,10.17561938921178
5049,West Africa,-9.2660975,9.114551500000001,17.80615132909501
5050,West Africa,-9.3076595,9.115988999999999,40.696083616441214
5051,West Africa,-9.282748000000002,9.1389855,58.37993678908537
5052,West Africa,-9.276069,9.1619825,402.02165066238575
5053,West Africa,-9.289562,9.148328,10.173978311459265
5054,West Africa,-9.2604455,9.148328,10.170484501114455
5055,West Africa,-9.305801500000001,9.158389,10.170204253457262
5056,West Africa,-9.289862,9.160544999999999,35.47494765508714
5057,West Africa,-9.2938265,9.2022265,1217.245159291793
5058,West Africa,-9.2588235,9.170606,17.67758358131542
5059,West Africa,-9.25399,9.181385500000001,10.176595719538367
5060,West Africa,-9.272414,9.1892905,17.80600083975478
5061,West Africa,-9.313445,9.199351499999999,33.207764945006396
5062,West Africa,-9.261944,9.2058195,10.175911670442641
5063,West Africa,-9.271055,9.2201925,10.17550844400313
5064,West Africa,-9.2718955,9.225222500000001,17.67324787167557
5065,West Africa,-9.301934,9.233128,10.171605827703207
5066,West Africa,-9.287372999999999,9.233128,10.171605828423735
5067,West Africa,-9.296950500000001,9.236721,17.93651938133404
5068,West Africa,-9.287673000000002,9.244626,10.171282469652146
5069,West Africa,-9.298017000000002,9.248937999999999,10.171161099996027
5070,West Africa,-9.2863675,9.248937999999999,10.174653944376749
5071,West Africa,-9.2694175,9.269778500000001,139.64888503218407
5072,West Africa,-9.251941500000001,9.2704975,25.438677336619737
5073,West Africa,-9.2602885,9.2827145,73.89117924230625
5074,West Africa,-9.26492,9.292775500000001,17.807891703488103
5075,West Africa,-9.265102,9.4357855,10.176369571980937
5076,West Africa,-9.255872,9.6607205,17.80321693671892
5077,West Africa,-9.2890895,9.8842185,10.173637004780174
5078,West Africa,-9.265468750172772,10.427513000000001,10.246729928517514
5079,West Africa,-9.265619249827228,10.433262,10.246545570216856
5080,West Africa,-9.290072125604699,11.017519,17.914556356248557
5081,West Africa,-9.287644,11.077884999999998,17.916279466331446
5082,West Africa,-9.266558250259155,11.082915499999999,10.249549584315229
5083,West Africa,-9.300509,11.0908205,20.361927000135502
5084,West Africa,-9.2551425,11.091539000000001,10.247504555123557
5085,West Africa,-9.262579011376719,11.096580474741916,76.9315224360289
5086,West Africa,-9.3123395,11.094413500000002,10.247409982534688
5087,West Africa,-9.3079835,11.09657,15.467054816659306
5088,West Africa,-9.297995750259156,11.104474499999998,20.492374458912977
5089,West Africa,-9.31186,11.1260345,10.249825114438657
5090,West Africa,-9.268141749740842,11.1332205,10.24782844855569
5091,West Africa,-9.284368500013091,11.136813512629388,15.469261231831517
5092,West Africa,-9.299055,11.137532499999999,10.249430823594556
5093,West Africa,-9.314007,11.1461565,10.249134822720816
5094,West Africa,-9.301894,11.225925499999999,15.469024602662254
5095,West Africa,-9.286418,11.248203499999999,10.245615050462051
5096,West Africa,-9.2600825,11.292759499999999,10.247563349272381
5097,West Africa,-9.317547249740844,11.3028205,10.248962410166737
5098,West Africa,-9.31125450075142,11.312163724871077,25.817490098128893
5099,West Africa,-9.2681655,11.317193,10.246708651029456
5100,West Africa,-9.275569999999998,11.3200675,10.250106775609567
5101,West Africa,-9.307463500130162,11.3308475,114.79015261346163
5102,West Africa,-9.30764,11.360311500000002,10.248700181858577
5103,West Africa,-9.296064755183137,11.3624775,38.73451135471526
5104,West Africa,-9.288227499827226,11.371091249997377,17.91601674681938
5105,West Africa,-9.319040999999999,11.394806500000001,10.247490589687674
5106,West Africa,-9.314945999999999,11.401993000000001,10.24724175474426
5107,West Africa,-9.26092175017277,11.407741999999999,10.248778084340282
5108,West Africa,-9.311077999999998,11.4192405,45.97717690113687
5109,West Africa,-9.27434475017277,11.416366,10.248474717518025
5110,West Africa,-9.277504744816863,11.424271000000001,28.129020657966752
5111,West Africa,-9.301002999999483,11.424270999501566,15.46732241917224
5112,West Africa,-9.266264000387526,11.438643999829054,41.0473554490274
5113,West Africa,-9.296439,11.442955999999999,17.91850955449508
5114,West Africa,-9.311836499741112,11.442237,10.247545782180648
5115,West Africa,-9.306197754664824,11.448704500000002,25.68404315979485
5116,West Africa,-9.263670750259156,11.447986499999999,10.247363482378148
5117,West Africa,-9.247615744039651,11.453015750250058,158.04624579703312
5118,West Africa,-9.267638864526765,11.457317576182529,30.509262824428397
5119,West Africa,-9.25239124982723,11.462359,10.24685299330646
5120,West Africa,-9.277398000000002,11.4652335,10.248499135491194
5121,West Africa,-9.251884125604699,11.468827000000001,61.40038540637102
5122,West Africa,-9.26435,11.469545499999999,10.24834669845616
5123,West Africa,-9.30633700073719,11.47673271114391,23.13818689852806
5124,West Africa,-9.2720605,11.481043499999998,10.247943569131827
5125,West Africa,-9.28093625043181,11.482481499999999,10.247864918665185
5126,West Africa,-9.256079371371802,11.4860745,171.31983850863648
5127,West Africa,-9.265596010366274,11.5076435,260.99783623913027
5128,West Africa,-9.279923250259156,11.4982915,10.249077142349531
5129,West Africa,-9.319828249740842,11.505477500000001,10.24882592534975
5130,West Africa,-9.302606,11.518413500000001,10.250111151613831
5131,West Africa,-9.311482999999999,11.5198505,10.250060107877832
5132,West Africa,-9.271916374395301,11.522006000000001,38.24317409622499
5133,West Africa,-9.251418000000001,11.5241625,25.58372781490318
5134,West Africa,-9.3117865,11.528474500000002,10.246261388250602
5135,West Africa,-9.272331749740843,11.535660499999999,10.24775020183113
5136,West Africa,-9.256686000008774,11.547877512693749,40.97972406863124
5137,West Africa,-9.316870249740843,11.548596499999999,10.247293482946214
5138,West Africa,-9.3091815111448,11.560823751017642,100.11134419290322
5139,West Africa,-9.285859490152038,11.5665525,38.43579416081008
5140,West Africa,-9.307284,11.5687185,10.248320477743654
5141,West Africa,-9.2554285,11.578061,17.916678429519003
5142,West Africa,-9.302528500000001,11.580935,23.136508723145038
5143,West Africa,-9.25533599998693,11.596745487392129,15.471087690641868
5144,West Africa,-9.308270250259156,11.601775499999999,10.248887054946273
5145,West Africa,-9.283478500000001,11.603213499999999,10.250579458017251
5146,West Africa,-9.27254937374785,11.606806250510722,38.34202571097157
5147,West Africa,-9.264705742040867,11.611827787574704,40.75282670594882
5148,West Africa,-9.278872366188665,11.6211695,81.83595617396806
5149,West Africa,-9.257520249827229,11.617586,10.248314336287796
5150,West Africa,-9.292079000000266,11.621179000255797,17.91622281365262
5151,West Africa,-9.310420749740842,11.6218975,10.248166470426678
5152,West Africa,-9.265120754936696,11.624772262265001,28.135077868191246
5153,West Africa,-9.246120506653277,11.6283755,112.06913783392254
5154,West Africa,-9.253721129556661,11.63555197479072,122.24023228459384
5155,West Africa,-9.2853095,11.637708,33.34697641949719
5156,West Africa,-9.275112999521674,11.63914453857532,23.135986444032415
5157,West Africa,-9.279628989633723,11.644166,38.43270467989972
5158,West Africa,-9.307004749740845,11.650643500000001,10.247134909943675
5159,West Africa,-9.272669490410408,11.654227749239743,40.75005836528337
5160,West Africa,-9.305765250259157,11.656392499999999,10.246928303062832
5161,West Africa,-9.260723245335177,11.6700375,36.02014794020635
5162,West Africa,-9.250169125819784,11.68441924898191,104.36992577918156
5163,West Africa,-9.26704675557233,11.682983249750379,28.13365946594194
5164,West Africa,-9.182826999998984,11.7771245,2087.921969214882
5165,West Africa,-9.305407249740842,11.8619245,10.249940112901994
5166,West Africa,-9.254985749740843,11.890670499999999,10.24888281310716
5167,West Africa,-9.291669249740842,12.060270500000001,10.249589734009867
5168,West Africa,-9.2999045,12.066738,17.915558056077977
5169,West Africa,-9.292200249999642,12.078955,10.247124763611525
5170,West Africa,-9.295367500000001,12.0832665,10.246988026954346
5171,West Africa,-9.287320999998567,12.086141000000001,20.457894628591703
5172,West Africa,-9.278411000258977,12.104826500000001,10.24789546004997
5173,West Africa,-9.275774,12.113449500000002,10.249345627026992
5174,West Africa,-9.284746,12.116324500000001,10.24923805956794
5175,West Africa,-9.262187,12.124229499999998,17.915331331616123
5176,West Africa,-9.292779,12.136446500000002,10.248484491542968
5177,West Africa,-9.295795,12.137883500000001,10.248430630408231
5178,West Africa,-9.261688999741022,12.214059500000001,25.581554701730695
5179,West Africa,-9.269155499455957,12.217652475179566,51.21936764409332
5180,West Africa,-9.257578755183136,12.221965,25.652152434641
5181,West Africa,-9.228269000000001,5.7297425,17.93305153002674
5182,West Africa,-9.241529,5.7455525000000005,17.804076787945593
5183,West Africa,-9.2266575,5.7649555,10.173427297479915
5184,West Africa,-9.1746765,8.956450499999999,17.805020683312847
5185,West Africa,-9.191483,8.958606,10.172216257349346
5186,West Africa,-9.188217,8.9736975,33.072367162052835
5187,West Africa,-9.181743,8.977291000000001,10.171706440124503
5188,West Africa,-9.2285305,8.9844775,20.35359503089268
5189,West Africa,-9.218419,8.987352000000001,10.171431492062547
5190,West Africa,-9.184661,9.061372,66.2622240420707
5191,West Africa,-9.2074815,9.0721515,10.176135975369785
5192,West Africa,-9.247064,9.166294,17.808895344681442
5193,West Africa,-9.187558,9.1734805,63.850563065021156
5194,West Africa,-9.225169000000001,9.1921655,347.8368169268284
5195,West Africa,-9.249081,9.1878535,33.196455771025704
5196,West Africa,-9.241185,9.1936025,119.29739733631516
5197,West Africa,-9.245124,9.203663500000001,61.04859006838631
5198,West Africa,-9.2402915,9.26906,10.17408663479889
5199,West Africa,-9.2174565,9.7735475,10.176953562262469
5200,West Africa,-9.223015,10.32834,10.24463409163257
5201,West Africa,-9.1912035,10.387269,10.246263747832014
5202,West Africa,-9.229795,10.407391,10.249125783958661
5203,West Africa,-9.208061999991486,10.415295987678384,15.468611314253451
5204,West Africa,-9.24250424982723,10.589926,10.248489194474466
5205,West Africa,-9.237529373962934,11.090820499491668,30.799423927095248
5206,West Africa,-9.224364626036628,11.161247500000888,17.913450360215514
5207,West Africa,-9.237042500000001,11.1691525,10.248340800938314
5208,West Africa,-9.225848,11.184963,10.247796440011161
5209,West Africa,-9.2409505,11.1993355,10.247300929277207
5210,West Africa,-9.21220025017277,11.353125,10.247199717612196
5211,West Africa,-9.197615500000001,11.357437000000001,10.248794776286337
5212,West Africa,-9.24253775017277,11.430738999999999,46.00610950259764
5213,West Africa,-9.201287,11.468108,10.24839510906562
5214,West Africa,-9.21742,11.469545499999999,10.248346699152643
5215,West Africa,-9.207229000000002,11.47242,10.24824263438795
5216,West Africa,-9.195571000000001,11.473856999999999,10.248191809860094
5217,West Africa,-9.2117035,11.475295,10.248143355536488
5218,West Africa,-9.1898545,11.4796065,35.56793628790544
5219,West Africa,-9.197299999326582,11.481761525565187,30.799806820038555
5220,West Africa,-9.199140999326467,11.493259525395942,30.799013730790506
5221,West Africa,-9.210837000000001,11.491105000000001,10.247581266810261
5222,West Africa,-9.18451175017277,11.495417,10.249173606995644
5223,West Africa,-9.187595000000002,11.501166,10.247224710025934
5224,West Africa,-9.1965825,11.504759,15.46899120004315
5225,West Africa,-9.24363112957844,11.509071000000706,71.77735266799584
5226,West Africa,-9.193028006911083,11.50908100033871,66.55473941393413
5227,West Africa,-9.205532999991288,11.51050848739213,15.47223077785836
5228,West Africa,-9.185185,11.514101,10.246765845959217
5229,West Africa,-9.1983865,11.515539,10.250207206744333
5230,West Africa,-9.202203499913166,11.520569,17.912382708337475
5231,West Africa,-9.194211496890118,11.523444000000001,43.787358745166955
5232,West Africa,-9.236674250172772,11.521288,10.248258044637645
5233,West Africa,-9.236937005129196,11.527036737557363,28.132508837075562
5234,West Africa,-9.192235500000118,11.529193000170471,17.914956690137537
5235,West Africa,-9.187251,11.534223,30.670880051015445
5236,West Africa,-9.22994174982723,11.537098,10.247696055318844
5237,West Africa,-9.193306,11.539253999999882,15.470597263908076
5238,West Africa,-9.2197485,11.539972500000001,10.249341056524699
5239,West Africa,-9.247695749740842,11.5442845,25.58368708450328
5240,West Africa,-9.1846165,11.544284000000001,35.82978027292956
5241,West Africa,-9.232160245335177,11.5593665,540.9498156332704
5242,West Africa,-9.178463873790689,11.556500500168003,234.57204850160713
5243,West Africa,-9.184234999654457,11.576623,118.07535204950848
5244,West Africa,-9.243221499999999,11.585246999999999,214.67486434932317
5245,West Africa,-9.2238095,11.575904999999999,10.248058001660127
5246,West Africa,-9.2092135,11.577342,10.248006704984913
5247,West Africa,-9.2068045,11.593152,10.247441917414015
5248,West Africa,-9.199655999326577,11.59961902555624,30.801106614057645
5249,West Africa,-9.236751000993806,11.61039855043105,196.50606319792377
5250,West Africa,-9.22185275017277,11.603213,10.248828981776388
5251,West Africa,-9.208684625108315,11.605368025386937,51.23103604148275
5252,West Africa,-9.1841525,11.617586,10.246567548908924
5253,West Africa,-9.221137,11.627647,10.249698026142907
5254,West Africa,-9.183434,11.64202,10.249182222723542
5255,West Africa,-9.243600250172772,11.64202,25.582260676210126
5256,West Africa,-9.237297874395301,11.649925,23.135725083221992
5257,West Africa,-9.241192499741022,11.656392499999999,10.246899345499813
5258,West Africa,-9.2274011256047,11.661423,17.917119708680065
5259,West Africa,-9.215002,11.663579,10.248407353954724
5260,West Africa,-9.195923,11.665016,10.24835565514402
5261,West Africa,-9.231371500258977,11.669328499999999,10.246434102572474
5262,West Africa,-9.174905000335167,11.672202986717684,23.133499289549135
5263,West Africa,-9.212441629643784,11.674358975131316,86.85449861459438
5264,West Africa,-9.234382,11.673639999999999,10.248045256533796
5265,West Africa,-9.241946755054231,11.6801175,86.61642637847015
5266,West Africa,-9.194322,11.6815455,17.917581934164676
5267,West Africa,-9.231747749827228,11.682264,10.24948102244553
5268,West Africa,-9.183538749827228,11.686575999999999,30.80014722566207
5269,West Africa,-9.1837635,11.696636999999999,245.2394721664847
5270,West Africa,-9.211913999999823,11.703104499744466,306.5525720337464
5271,West Africa,-9.227062373747849,11.695918250509955,33.25180184303174
5272,West Africa,-9.1917015,11.713884,10.250083763803122
5273,West Africa,-9.1961805,11.716759,10.249979848720713
5274,West Africa,-9.1950125,11.723945,10.249720000379263
5275,West Africa,-9.22004225017277,11.72682,10.247872290598998
5276,West Africa,-9.174138999844818,11.736880275452481,23.137484415622403
5277,West Africa,-9.1859955,11.740473999999999,48.78510131325247
5278,West Africa,-9.21454625017277,11.739754999999999,10.247404124376255
5279,West Africa,-9.203064999239375,11.746222025538838,30.804370650224126
5280,West Africa,-9.140002501308938,11.725381525375951,1720.7723644083737
5281,West Africa,-9.210593371393134,11.750535524692094,35.79170580889718
5282,West Africa,-9.219514000008708,11.754846512599286,15.469447696756763
5283,West Africa,-9.192370499999999,11.7778435,20.367081357722995
5284,West Africa,-9.217893499999999,11.794372,10.247164996424441
5285,West Africa,-9.1728255,11.807307999999999,127.4342099863939
5286,West Africa,-9.16949150051849,11.817369250253893,321.6216293371069
5287,West Africa,-9.195450999999998,11.825992500000002,10.24595988029249
5288,West Africa,-9.188880499998984,11.827429500000001,20.458249590061776
5289,West Africa,-9.188409,11.833179000000001,10.249239167239594
5290,West Africa,-9.19721975017277,11.833179000000001,10.24749611848666
5291,West Africa,-9.204712,11.840365,10.248976674807375
5292,West Africa,-9.174696003109881,11.862643,275.9363669696531
5293,West Africa,-9.199342500001254,11.8748605,46.0473027515288
5294,West Africa,-9.229413500258978,11.8748605,10.245948147467226
5295,West Africa,-9.211863999827347,11.8762975,10.245892464193696
5296,West Africa,-9.234120999827347,11.882046500000001,10.245681755324485
5297,West Africa,-9.240805882905486,11.885650000507727,58.93249065215199
5298,West Africa,-9.185952,11.89067,30.804060443892865
5299,West Africa,-9.177588,11.905043,87.14834328919383
5300,West Africa,-9.17656849998385,11.919416474818917,69.34560585516016
5301,West Africa,-9.196753000008702,11.950317512590594,15.467326336488206
5302,West Africa,-9.202817499827347,11.956785499999999,10.246419671146365
5303,West Africa,-9.21505950000859,11.970439512428158,35.8947073189609
5304,West Africa,-9.175465374468459,11.973315474478422,30.800176910574454
5305,West Africa,-9.181566992942425,11.979053287687632,33.31599520426607
5306,West Africa,-9.1859375,11.976908,10.247445792721967
5307,West Africa,-9.203568499827348,11.9769075,10.245676542320256
5308,West Africa,-9.1918145,11.978345000000001,20.491296230932843
5309,West Africa,-9.199273500586727,11.981938974818558,30.804374719960148
5310,West Africa,-9.217582499991419,12.00206048758469,15.47012873501192
5311,West Africa,-9.189266499912929,12.012121000000118,17.915643310826542
5312,West Africa,-9.231145999827348,12.012839499999998,10.247832110632562
5313,West Africa,-9.2320505,12.038711,10.248643551754586
5314,West Africa,-9.229412499999999,12.047334500000002,10.248326520573398
5315,West Africa,-9.223645749827229,12.093328,10.248350323610024
5316,West Africa,-9.19870599999988,12.158724499829875,17.918304540219417
5317,West Africa,-9.19434887396337,12.180283500000002,15.466574420988293
5318,West Africa,-9.2288085,12.199687,10.249588363933107
5319,West Africa,-9.223002000172652,12.201124499999999,10.24776216873694
5320,West Africa,-9.234106000492602,12.203280975196462,25.815984405206024
5321,West Africa,-9.205506249827229,12.203999,10.247682714216172
5322,West Africa,-9.23727350013025,12.210467000000001,17.914819119539658
5323,West Africa,-9.23970525518314,12.216216,81.86138954636411
5324,West Africa,-9.182983,12.277300499999999,20.4862174519379
5325,West Africa,-9.21560699999143,12.283768487597523,15.468056573891255
5326,West Africa,-9.179643500000001,12.2873615,20.469283864139584
5327,West Africa,-9.168637499999999,6.0574435,17.67116331941051
5328,West Africa,-9.144556000000001,8.7703215,10.173838653311718
5329,West Africa,-9.16666,8.92483,53.41247900364072
5330,West Africa,-9.156512500000002,8.9262675,53.289977461497244
5331,West Africa,-9.1494225,8.933453499999999,17.806116131414576
5332,West Africa,-9.160335,8.937047,10.172803177682397
5333,West Africa,-9.16761,8.937047,20.345606356754555
5334,West Africa,-9.140767,8.9392025,27.975113186387496
5335,West Africa,-9.173504,8.938483999999999,10.172764098592891
5336,West Africa,-9.151036,9.4774665,10.1751686976982
5337,West Africa,-9.147077,9.918713499999999,10.176083040200256
5338,West Africa,-9.137218999999998,10.490034999999942,15.46845953088121
5339,West Africa,-9.149109,10.6696955,23.135098935199874
5340,West Africa,-9.128759749913614,10.7925835,10.248822215727397
5341,West Africa,-9.136988750086385,11.3401895,10.247647785038652
5342,West Africa,-9.137889874049801,11.458766000081466,46.19817502636399
5343,West Africa,-9.123335749827229,11.462359,10.246850577855446
5344,West Africa,-9.138957874222022,11.4688265,17.913849030101513
5345,West Africa,-9.133129000168385,11.470982987304494,23.136213696740345
5346,West Africa,-9.123559,11.4695455,10.248341871111055
5347,West Africa,-9.138410626073371,11.476013237557236,30.801053837704785
5348,West Africa,-9.135738,11.4839185,10.247833350140148
5349,West Africa,-9.132555001641327,11.4997285,153.8682201175945
5350,West Africa,-9.162510999999999,11.4954165,25.583191434483098
5351,West Africa,-9.139118249913615,11.4982915,10.249069900984091
5352,West Africa,-9.159913507247676,11.504769487388053,43.55998213231868
5353,West Africa,-9.1460165,11.5061965,23.13425845505794
5354,West Africa,-9.1256305,11.5119455,23.13205123699601
5355,West Africa,-9.125826631386046,11.539264487478118,91.83810466182193
5356,West Africa,-9.12330137776443,11.552189500170417,181.52424922421326
5357,West Africa,-9.151174750172771,11.551471,10.24718207210475
5358,West Africa,-9.159392874049757,11.556501,32.92687433725248
5359,West Africa,-9.1234605,11.579498000000001,397.0143902062071
5360,West Africa,-9.158784001697677,11.581653275385147,43.55888192376893
5361,West Africa,-9.170596001568185,11.58452802555377,23.13891096542444
5362,West Africa,-9.154718130615066,11.592443,31.031290899526685
5363,West Africa,-9.105426500259156,11.611118750000559,472.1382347981079
5364,West Africa,-9.157292622494817,11.603932,66.56819842634675
5365,West Africa,-9.147320127505271,11.614002000167769,53.674321519963854
5366,West Africa,-9.118456125691086,11.6283655,276.0921714518406
5367,West Africa,-9.133763250086385,11.6463315,10.247278953083487
5368,West Africa,-9.1456525,11.652080999999999,10.248818375701529
5369,West Africa,-9.146684126079688,11.661423249744992,17.916732691093745
5370,West Africa,-9.15332562603654,11.662860499828529,15.467023613468077
5371,West Africa,-9.171783000000001,11.6657355,17.654672362242597
5372,West Africa,-9.1622435,11.666454,25.32224667635365
5373,West Africa,-9.161373996890116,11.68442,562.6380728783606
5374,West Africa,-9.138188249827229,11.692325,10.249115879416303
5375,West Africa,-9.14281524982723,11.698074,10.24890847058309
5376,West Africa,-9.126707000000057,11.700230000165979,15.467949381914663
5377,West Africa,-9.1590355,11.700948499999999,10.250548592371437
5378,West Africa,-9.154855999818523,11.709571974805405,145.64094465932448
5379,West Africa,-9.152368249913614,11.7210705,10.248076001339102
5380,West Africa,-9.159782499999999,11.723945,10.24972000049142
5381,West Africa,-9.152442750086387,11.7253825,10.247920065140727
5382,West Africa,-9.156262000000002,11.7289755,17.652459992442807
5383,West Africa,-9.164260750172772,11.728257,25.583214305159984
5384,West Africa,-9.126243750086385,11.7296945,10.247764073990991
5385,West Africa,-9.122063,11.738318,10.249197383837439
5386,West Africa,-9.151485000000118,11.783592500171412,15.467402882641732
5387,West Africa,-9.150427,11.797247,43.526499567749745
5388,West Africa,-9.140447250086385,11.8058705,10.248487816257981
5389,West Africa,-9.150215499922378,11.810900775358498,25.291545132274262
5390,West Africa,-9.136265749913614,11.811619499999999,10.248278344641088
5391,West Africa,-9.142910501851897,11.8130572372356,23.135482993920483
5392,West Africa,-9.145299749827227,11.818806,10.24801816258825
5393,West Africa,-9.1404215,11.82743,219.1101833486537
5394,West Africa,-9.173723749827229,11.833179000000001,10.247493707484493
5395,West Africa,-9.12706686861399,11.843948512594658,173.93356770211759
5396,West Africa,-9.14773787284036,11.848261,99.71181967188298
5397,West Africa,-9.160806000000001,11.84324,10.248871613780759
5398,West Africa,-9.133935999922347,11.85114477527285,25.29445259343156
5399,West Africa,-9.125533998445059,11.863362,20.461813555568266
5400,West Africa,-9.1453235,11.863362,10.24813317038897
5401,West Africa,-9.157371750259127,11.871986,10.247790831921524
5402,West Africa,-9.172867626036538,11.874141499829644,17.915853637863066
5403,West Africa,-9.142174,11.8798905,23.135203220861143
5404,West Africa,-9.134830499827466,11.879890750340309,17.917240930811058
5405,West Africa,-9.15928875017277,11.884921,10.249088340607331
5406,West Africa,-9.126316000077708,11.888514724811127,25.29125422407057
5407,West Africa,-9.159587750172772,11.893545,10.248771888792698
5408,West Africa,-9.125842,11.895700999999999,15.466781388875432
5409,West Africa,-9.121472750259127,11.897857,10.24684201649983
5410,West Africa,-9.127533999999942,11.901449999834131,15.467334056582636
5411,West Africa,-9.137853750172772,11.903606,10.24840241999834
5412,West Africa,-9.165874500000001,11.907199,30.800024749888813
5413,West Africa,-9.15122275017277,11.907918,10.248243975556449
5414,West Africa,-9.118033372494818,11.925874,618.3001155315822
5415,West Africa,-9.1356615,11.9266025,10.24929922639885
5416,West Africa,-9.167319625691086,11.9287585,17.914478119464054
5417,West Africa,-9.167992999757473,11.94744277509702,25.81443149670273
5418,West Africa,-9.155580250172772,11.949599,68.65048601458021
5419,West Africa,-9.133655379096835,11.953201737494663,130.5603181532805
5420,West Africa,-9.121865,11.9524735,10.248344566130374
5421,West Africa,-9.158667999913645,11.955348,10.246468495015396
5422,West Africa,-9.156028248445057,11.963244,97.52104929693128
5423,West Africa,-9.123706622451667,11.964690250083828,28.134687048403862
5424,West Africa,-9.131052250086386,11.9625345,10.249717272358945
5425,West Africa,-9.1566265,11.9812195,10.247283964359433
5426,West Africa,-9.140911749827229,11.994155,10.24854978751917
5427,West Africa,-9.150537499913106,11.9963105,17.65171545120944
5428,West Africa,-9.13665325017277,11.998467,10.24839009617935
5429,West Africa,-9.158992999827287,12.005652999999999,10.248096129370724
5430,West Africa,-9.120862000086355,12.008528,25.583253513790144
5431,West Africa,-9.131223127677954,12.012131,43.26591979984776
5432,West Africa,-9.115430499999999,12.022901000000001,173.27980757736728
5433,West Africa,-9.1235235,12.0430225,10.248477243257167
5434,West Africa,-9.131467750086387,12.0617075,10.249525374551467
5435,West Africa,-9.137712749740873,12.201124,10.246017228187442
5436,West Africa,-9.124478250086385,12.2025615,40.9165414147783
5437,West Africa,-9.124702,12.2083105,20.495030715242798
5438,West Africa,-9.13801125017277,12.209748000000001,10.247463558793871
5439,West Africa,-9.1266945,12.2212465,10.248769135236238
5440,West Africa,-9.160919249740873,12.2773,10.246620501641443
5441,West Africa,-9.110454,5.052061500000001,33.06282543450673
5442,West Africa,-9.095206000000001,9.4012905,10.177359436202986
5443,West Africa,-9.094412,9.428598999999998,10.173036412229385
5444,West Africa,-9.096603,10.197547,10.170960605122813
5445,West Africa,-9.105189,10.5424955,10.248274204425996
5446,West Africa,-9.098175000000001,10.555431500000001,10.247854481370384
5447,West Africa,-9.093936749913613,10.5597435,10.245962108068914
5448,West Africa,-9.087430999999999,10.561899,18.1758393456717
5449,West Africa,-9.081804000043446,10.569085999999999,23.13336870793652
5450,West Africa,-9.090650625950227,10.571959999914501,17.91597957751012
5451,West Africa,-9.100597748535787,10.587770762565253,250.51103536390295
5452,West Africa,-9.065505750086386,10.5870515,10.248577374669873
5453,West Africa,-9.107325748272288,10.5928005,84.62440295212679
5454,West Africa,-9.085392500000001,10.592082000000502,17.917894031757488
5455,West Africa,-9.111350751593495,10.603580237524422,25.677725514193597
5456,West Africa,-9.103308499956555,10.603580000000001,17.919010959479138
5457,West Africa,-9.063975,10.609329500000001,17.916487060808212
5458,West Africa,-9.07114475,10.628733,20.492681934991417
5459,West Africa,-9.058866751727713,10.658207,117.70603712082186
5460,West Africa,-9.1056305,10.65676,15.466361794733812
5461,West Africa,-9.070713999999999,10.663228,10.249608729516332
5462,West Africa,-9.0679365,10.668977,10.247649540955008
5463,West Africa,-9.0994555,10.671133000000001,38.07365330316363
5464,West Africa,-9.084977125950227,10.6754449999145,17.91707988768046
5465,West Africa,-9.077080500000001,10.6819125,10.24722590994066
5466,West Africa,-9.081105999956494,10.692692000000001,17.916100622546217
5467,West Africa,-9.077160874222528,10.707065,17.916973276294726
5468,West Africa,-9.066300499827229,10.7113765,41.2419170867234
5469,West Africa,-9.1045175,10.7178445,10.246043119388068
5470,West Africa,-9.0766265,10.9090035,10.246683584368066
5471,West Africa,-9.074953749913615,10.9478105,10.247127178561119
5472,West Africa,-9.06712875,10.980868000000001,10.249509528764026
5473,West Africa,-9.091664,11.2496405,10.24555559548782
5474,West Africa,-9.091079,11.2561085,23.13266398317435
5475,West Africa,-9.108168748445,11.491823499829525,137.6871762401513
5476,West Africa,-9.097168496553232,11.49181352505224,30.512541192647507
5477,West Africa,-9.117850874308914,11.4975725,74.38204651145168
5478,West Africa,-9.11077699991797,11.504040262610799,23.13225426900999
5479,West Africa,-9.119327249913614,11.5212875,10.248253837720702
5480,West Africa,-9.11346,11.5212875,10.249999401743619
5481,West Africa,-9.099050999917942,11.52775526252244,181.28691020928733
5482,West Africa,-9.11808324982723,11.527037,10.248051362235769
5483,West Africa,-9.108994,11.540690999999999,181.3955009353909
5484,West Africa,-9.10671924999994,11.537098,10.24592224048679
5485,West Africa,-9.096310500000001,11.556501000000058,43.87871439257469
5486,West Africa,-9.060516,11.5600945,94.61357609226705
5487,West Africa,-9.107536,11.5629695,20.49353989159403
5488,West Africa,-9.0768015,11.567281000000001,10.24836089611633
5489,West Africa,-9.085604,11.567281000000001,10.248360897339223
5490,West Africa,-9.10644,11.5759045,10.248054400176969
5491,West Africa,-9.10376500000006,11.582372500170358,50.966670100572834
5492,West Africa,-9.058905996717346,11.5794885,94.5920654247188
5493,West Africa,-9.071197998313302,11.597464237393527,23.135561896113362
5494,West Africa,-9.101387500000001,11.6017755,43.52812775361381
5495,West Africa,-9.073694374049758,11.605369,15.46785785357222
5496,West Africa,-9.100077000043505,11.6269285,120.02570390666526
5497,West Africa,-9.056529996548903,11.619732012521883,84.44490901743634
5498,West Africa,-9.082949001768714,11.643457237313228,161.01208989990633
5499,West Africa,-9.0704385,11.6405825,10.249230220769714
5500,West Africa,-9.111750750086387,11.6463315,25.5806436550672
5501,West Africa,-9.117657625943664,11.648487987310858,15.469484195179797
5502,West Africa,-9.092895500000001,11.6549555,135.68121123510235
5503,West Africa,-9.1016265,11.6520805,10.248817188321228
5504,West Africa,-9.06442612577747,11.658549,41.020815505565146
5505,West Africa,-9.113886748272288,11.665724999999998,166.48822650114934
5506,West Africa,-9.1032425,11.656392499999999,10.248662188053268
5507,West Africa,-9.102146,11.6664535,20.49311005825208
5508,West Africa,-9.066960499999999,11.6686095,38.46942038996171
5509,West Africa,-9.0802797485358,11.672921762603325,25.677792412412796
5510,West Africa,-9.0890115,11.6707655,10.248145122879045
5511,West Africa,-9.084208500082031,11.680826737397792,23.13495514753086
5512,West Africa,-9.065936374265469,11.6829825,66.42802115057003
5513,West Africa,-9.116683,11.685856999999999,104.52964382321503
5514,West Africa,-9.0625255,11.690169000000001,58.891797985104795
5515,West Africa,-9.076468749913614,11.6908875,10.24916470995223
5516,West Africa,-9.08402999999135,11.696636974964765,20.43240948274089
5517,West Africa,-9.107439750086385,11.6951995,10.24901037942962
5518,West Africa,-9.069943625645715,11.71460223739782,48.547806702515736
5519,West Africa,-9.077942999956553,11.7131655,17.91908461582411
5520,West Africa,-9.081686749913615,11.716758500000001,10.248230671892603
5521,West Africa,-9.116553499999998,11.7275385,117.35450919969766
5522,West Africa,-9.06869787418147,11.723226762343614,48.557522473306605
5523,West Africa,-9.095417,11.7311315,10.249456358382748
5524,West Africa,-9.077949250086386,11.7368805,10.247502782695923
5525,West Africa,-9.070868125866019,11.743348512517617,15.466834901233897
5526,West Africa,-9.114946,11.7440675,10.24898790911063
5527,West Africa,-9.066501250086386,11.7455045,10.247190440810908
5528,West Africa,-9.081256,11.7469415,10.248883762855025
5529,West Africa,-9.106211999913643,11.748379,10.247061553727857
5530,West Africa,-9.102838996630902,11.756274249830316,43.60035872417362
5531,West Africa,-9.091828250086387,11.7570025,10.246773655384608
5532,West Africa,-9.080966,11.760596,17.656090531528854
5533,West Africa,-9.073810499917997,11.765626262683037,82.02289480419333
5534,West Africa,-9.113561874222022,11.7692195,17.654306624961063
5535,West Africa,-9.080676,11.7742505,10.247892908459322
5536,West Africa,-9.106443625777471,11.776406,17.916823689710654
5537,West Africa,-9.061812000008647,11.77999902502671,20.431601410404188
5538,West Africa,-9.071065,11.7943725,10.247161363033223
5539,West Africa,-9.074149750086384,11.8001215,10.24869598282344
5540,West Africa,-9.0663695,11.808026,23.133283495575032
5541,West Africa,-9.107269500000001,11.8216805,10.249655238580074
5542,West Africa,-9.0672575,11.833898000000001,17.91666372677874
5543,West Africa,-9.110578250086386,11.8346165,10.247439410116712
5544,West Africa,-9.104044,11.836772,17.918211456382117
5545,West Africa,-9.079887500086386,11.8389285,10.247254213683098
5546,West Africa,-9.074162,11.84324,25.585002327048535
5547,West Africa,-9.062709,11.8518635,33.218375381605824
5548,West Africa,-9.092963996630903,11.856884249830433,33.35566757077093
5549,West Africa,-9.1009665,11.8547385,10.248447550765011
5550,West Africa,-9.079746,11.856894,17.91692536624557
5551,West Africa,-9.070236999999999,11.858331499999998,15.467012919807024
5552,West Africa,-9.065318998231284,11.86336176267928,23.13735037340642
5553,West Africa,-9.089588500000001,11.8647995,10.24807933655387
5554,West Africa,-9.072773000043448,11.8683925,23.13224436552085
5555,West Africa,-9.075494251727712,11.8827655,74.4529981239209
5556,West Africa,-9.116769122581204,11.8885145,92.1972064431697
5557,West Africa,-9.084640499999999,11.892826,20.3667685133219
5558,West Africa,-9.111116500000001,11.8949825,10.246972840167325
5559,West Africa,-9.0788395,11.895700999999999,15.464164375599413
5560,West Africa,-9.061324500000001,11.8978565,43.45975502167743
5561,West Africa,-9.0891585,11.8978565,10.246867334631984
5562,West Africa,-9.112148374308916,11.9028875,17.91789743851011
5563,West Africa,-9.076160999999999,11.903606,10.250142618590715
5564,West Africa,-9.094633500000029,11.906480500080836,20.463825301211358
5565,West Africa,-9.086554496803732,11.907189750000558,50.99862345599691
5566,West Africa,-9.101206000000001,11.9064805,10.25003818885801
5567,West Africa,-9.0638975,11.910074,17.65852363254461
5568,West Africa,-9.090486125691084,11.9143855,23.133592547113654
5569,West Africa,-9.0907085,11.920135,17.918115260093614
5570,West Africa,-9.109145,11.922290499999999,10.249456739119214
5571,West Africa,-9.06515,11.9266025,10.249298021611601
5572,West Africa,-9.097467750086386,11.9266025,10.247554953301096
5573,West Africa,-9.105035251904864,11.931633512674965,30.54238654348319
5574,West Africa,-9.093283,11.9323515,48.550032042512235
5575,West Africa,-9.110474499999999,11.940256999999999,17.916819841908566
5576,West Africa,-9.098062,11.943850000000001,10.245121256121552
5577,West Africa,-9.10563025155494,11.9503275,94.39622946217658
5578,West Africa,-9.1181175,11.9488805,17.914467689280045
5579,West Africa,-9.086531,11.9481615,10.248503623159769
5580,West Africa,-9.093951,11.9510365,10.24839757897573
5581,West Africa,-9.079334251727712,11.954639499999999,48.647672519982365
5582,West Africa,-9.071290501641327,11.956785499999999,33.24868147070832
5583,West Africa,-9.089915000000001,11.9625345,10.247973223899015
5584,West Africa,-9.065895000000001,11.9690025,17.917552265417193
5585,West Africa,-9.066116999999998,11.976189,17.657296861343752
5586,West Africa,-9.112473250086385,11.9769075,10.249186153016154
5587,West Africa,-9.116118499956436,11.999185499834185,15.46879267942711
5588,West Africa,-9.060143625866015,12.039429512500586,30.801827450313443
5589,West Africa,-9.090026003235394,12.075370987329315,89.29653566917636
5590,West Africa,-9.072462374222528,12.078236,17.91785236884543
5591,West Africa,-9.100388500086328,12.078236249831459,17.914838234908718
5592,West Africa,-9.1041715,12.166629499999999,10.25082649763906
5593,West Africa,-9.105724625691085,12.1903445,82.04886813708185
5594,West Africa,-9.112900378714581,12.20616400000047,252.7304963894805
5595,West Africa,-9.0863935,12.2054365,10.249365618070637
5596,West Africa,-9.096100499956552,12.2104665,17.91481181176413
5597,West Africa,-9.061616500008633,12.211185024984177,33.3204390965718
5598,West Africa,-9.116251,12.219809,10.248827012321566
5599,West Africa,-9.069710751684834,12.23491,96.90694380092022
5600,West Africa,-9.115599499999998,12.2428055,10.247954524909316
5601,West Africa,-9.073022500086385,12.2456805,10.246074660568217
5602,West Africa,-9.0808955,12.260053,10.243760925744123
5603,West Africa,-9.101561499999999,12.2614905,10.247247361733285
5604,West Africa,-9.108915750086386,12.2629275,10.248935066928011
5605,West Africa,-9.07715075,12.2801755,10.246509052564068
5606,West Africa,-9.08329399999997,12.286642999915639,35.891237875336884
5607,West Africa,-9.02366125,4.982856999999999,5.844942732662966
5608,West Africa,-9.032874,5.9288065,10.174047848974714
5609,West Africa,-9.0145605,7.2352995,10.17259832052384
5610,West Africa,-8.9986195,8.3779425,25.437380742527804
5611,West Africa,-8.9983985,9.092274,10.17204026984931
5612,West Africa,-9.0334055,9.0951485,10.175500025289582
5613,West Africa,-9.028240499999999,9.1210195,10.174782683629264
5614,West Africa,-9.0326805,9.122457,10.171203726037582
5615,West Africa,-9.030646,9.1569515,10.177277964905393
5616,West Africa,-9.0038215,9.1619825,33.19514536306038
5617,West Africa,-9.052923,9.1756365,10.176756406228858
5618,West Africa,-9.024242000000001,9.192884,10.172734461428638
5619,West Africa,-9.0483025,9.1936025,17.92975838478402
5620,West Africa,-9.012813000000001,9.2015075,10.176032520531079
5621,West Africa,-9.0420135,9.2604365,10.177870039603516
5622,West Africa,-9.0027715,9.816666000000001,10.172126444184682
5623,West Africa,-9.0014585,9.820978,10.17199740027706
5624,West Africa,-9.0247975,9.820978,10.171997399881686
5625,West Africa,-9.053609000000002,10.2794725,10.17890738828497
5626,West Africa,-9.020022,10.431825,10.248338058251123
5627,West Africa,-9.001133,10.5360185,79.40650029463875
5628,West Africa,-9.04985887422253,10.577708999999999,109.78228283269077
5629,West Africa,-9.038675875863856,10.5949665,102.57178292528555
5630,West Africa,-9.017038,10.653885500000001,51.44508988153691
5631,West Africa,-9.020402625911373,10.669695775034734,86.53662838845534
5632,West Africa,-9.009360000000001,10.667539999999999,10.247696702803594
5633,West Africa,-9.027131,10.67257,48.932863248632636
5634,West Africa,-8.997952000000002,10.676162999999999,10.247413592954402
5635,West Africa,-9.00972625,10.677601,10.249117446735085
5636,West Africa,-9.008410000000001,10.685506,45.62324213128984
5637,West Africa,-9.01572325,10.68335,10.248928511648234
5638,West Africa,-9.028302625863857,10.688380500000001,25.809481387887313
5639,West Africa,-9.024792872408431,10.6941195,53.808086667134404
5640,West Africa,-9.017515625863856,10.694129499999999,15.465284344651737
5641,West Africa,-8.998536999999999,10.696285,10.246752066788702
5642,West Africa,-9.022013999999999,10.697723,10.246704742759643
5643,West Africa,-9.004936627591569,10.7142615,76.77093675915924
5644,West Africa,-9.042201500000001,10.712814,23.132311061847886
5645,West Africa,-9.034376250086385,10.7221565,10.247651147630656
5646,West Africa,-9.006729,10.723593999999999,10.245852285991463
5647,West Africa,-9.0065835,10.771024,10.247785273349756
5648,West Africa,-8.999561,10.7796385,41.019509517883456
5649,West Africa,-9.021071249999999,10.812705999999999,10.249922268863097
5650,West Africa,-9.010024,10.837139,10.250858294600434
5651,West Africa,-9.007317,10.841451,10.248943683769
5652,West Africa,-9.014670500000001,10.843607500000001,15.46656983721298
5653,West Africa,-9.010427,10.849356499999999,20.366955930004263
5654,West Africa,-9.0219585,10.939187,10.249166690094741
5655,West Africa,-9.041025874138326,10.941342512632298,15.468610512552015
5656,West Africa,-9.004319500000001,10.98518,10.247614355930441
5657,West Africa,-9.0251105,10.993804,10.247322563568794
5658,West Africa,-9.001245,11.075728999999999,20.492496518421163
5659,West Africa,-9.0095295,11.3653425,17.916311895015305
5660,West Africa,-9.05909375,11.426427,10.248114479558389
5661,West Africa,-9.029123750086386,11.5902775,64.01476867968384
5662,West Africa,-9.038258625950213,11.599619999829642,25.713110700195273
5663,West Africa,-9.0465865,11.606805999999999,17.918384864137433
5664,West Africa,-9.042553372496995,11.618295012606474,89.52556533833547
5665,West Africa,-9.045085996808059,11.62835626252238,63.9760191216642
5666,West Africa,-9.01959,11.63411477495741,18.174951713091733
5667,West Africa,-9.046995875818485,11.64274823739782,43.55678231440831
5668,West Africa,-9.01760975,11.6405825,10.245713394834391
5669,West Africa,-9.019298,11.646332000000001,10.24902253126844
5670,West Africa,-9.019445000000001,11.652080999999999,10.248815963183722
5671,West Africa,-9.033533874222531,11.655674000000001,23.133391690376534
5672,West Africa,-9.056354500000001,11.65783,35.82949180832571
5673,West Africa,-9.024178500000001,11.6628605,15.465517610172823
5674,West Africa,-9.030453999999999,11.6750775,61.344290975102666
5675,West Africa,-9.05393612595024,11.675796,28.392239631159963
5676,West Africa,-9.00543,11.673639999999999,10.248040430893761
5677,West Africa,-9.0153005,11.682263737568121,48.68813861084482
5678,West Africa,-9.025758499999998,11.6872845,64.10702168772158
5679,West Africa,-9.011889499999999,11.712446500170241,1290.136035454142
5680,West Africa,-9.009246999999998,11.699511000000001,10.247107914191302
5681,West Africa,-9.046859999999999,11.705260500000001,23.135065187186452
5682,West Africa,-9.052181749913615,11.7110095,10.24843840793329
5683,West Africa,-9.031669,11.711728487482384,15.466815859960759
5684,West Africa,-9.0405865,11.716759,10.249975025117097
5685,West Africa,-9.029285498276613,11.728257025034061,20.426615438313583
5686,West Africa,-9.0073765,11.7318505,15.46874106428603
5687,West Africa,-8.997137500000001,11.732569,20.49531648917687
5688,West Africa,-9.04558025,11.734006,20.493467601808035
5689,West Africa,-9.003046,11.734724512427647,15.46682603363664
5690,West Africa,-9.05225987409298,11.736162250169683,28.158573384873673
5691,West Africa,-9.060333749913614,11.7368805,10.24750278163099
5692,West Africa,-9.018570374136143,11.739036500000001,17.915284556943735
5693,West Africa,-9.05982137422253,11.741911,23.1315899685549
5694,West Africa,-8.9727675,11.7512535,1964.7371108627938
5695,West Africa,-9.040077,11.7455045,10.248935840066567
5696,West Africa,-9.0240025,11.746942,20.494275500546784
5697,West Africa,-9.0162225,11.756284250085121,28.16271970672347
5698,West Africa,-9.020186500000001,11.764189,10.248257029428311
5699,West Africa,-9.0128465,11.7656265,10.248204852898212
5700,West Africa,-9.03435537413583,11.770656749915467,17.915885959060695
5701,West Africa,-9.0175445,11.773531762593603,25.677648178919128
5702,West Africa,-9.023343749999999,11.7713755,10.247970192784575
5703,West Africa,-9.054323,11.7756875,10.247840705495447
5704,West Africa,-9.0206285,11.778562,10.247735058246676
5705,West Africa,-9.0041115,11.789341499999999,145.90502076199544
5706,West Africa,-9.0290715,11.789342000000001,45.72144634688501
5707,West Africa,-8.997651000000001,11.792935,25.582590141278
5708,West Africa,-8.996476,11.801559000000001,10.250387488299836
5709,West Africa,-9.0009175,11.8037145,15.466535837279041
5710,West Africa,-9.021511499999999,11.804433,46.13741664188321
5711,West Africa,-8.996035,11.810901000000001,17.91815543290384
5712,West Africa,-9.048199625861681,11.8123384874064,15.468273576733475
5713,West Africa,-9.054147125866017,11.815212512509095,30.800541856970533
5714,West Africa,-8.923672,11.8446775,2858.1663206888593
5715,West Africa,-8.989611,11.8180875,66.62740424986595
5716,West Africa,-9.049413999999999,11.828148500000001,48.58489193112395
5717,West Africa,-9.054849,11.8360535,10.24912936343731
5718,West Africa,-9.022541750086386,11.8360535,10.247385730871283
5719,West Africa,-9.037226750086386,11.8360535,10.247385730828482
5720,West Africa,-9.034437498267966,11.841802974982983,20.432321297422988
5721,West Africa,-9.000734,11.841802999999999,10.248919308084275
5722,West Africa,-8.9971365,11.845396000000001,17.917672031993554
5723,West Africa,-9.004515999999999,11.847551987576583,23.134671688334706
5724,West Africa,-9.046407,11.848989,10.248656627507978
5725,West Africa,-9.050960248317656,11.851854262594745,35.794717504868174
5726,West Africa,-9.021735748272288,11.856894,68.72001628506396
5727,West Africa,-9.043690999999999,11.853301,10.248498929064565
5728,West Africa,-9.038332501814068,11.869111499829874,262.75109590241686
5729,West Africa,-9.049458998313305,11.87342323740637,23.133433116040074
5730,West Africa,-9.05610475,11.873422999999999,20.49378055445564
5731,West Africa,-9.037343625950212,11.884202999829817,25.709836535711545
5732,West Africa,-9.038922750000001,11.889233,10.24892652730482
5733,West Africa,-9.036280248272288,11.897846999999999,53.644644936673586
5734,West Africa,-9.028569999999998,11.9086365,25.297713291396263
5735,West Africa,-9.0477395,11.910073775009062,18.175484660960194
5736,West Africa,-9.024347500000001,11.913667,33.35101720285345
5737,West Africa,-9.00448025,11.910792,10.248134722597138
5738,West Africa,-9.048621749999999,11.9151045,10.24620592215337
5739,West Africa,-9.057472125950227,11.91582299991978,15.466093607899573
5740,West Africa,-9.051342,11.930195999999999,138.10910818106677
5741,West Africa,-9.018803,11.9230095,17.917914936383895
5742,West Africa,-9.047522,11.9266025,10.24929802188717
5743,West Africa,-8.996364,11.9330705,15.466337754136987
5744,West Africa,-9.0243125,11.935226,10.248979231129642
5745,West Africa,-9.035551874179337,11.940256750000557,43.30393765665255
5746,West Africa,-8.9553045,11.9359355,1051.2802130781936
5747,West Africa,-9.0517855,11.943131000000001,17.91793484427909
5748,West Africa,-9.020199999999999,11.942413,10.248714376839283
5749,West Africa,-9.029235248272288,11.947433499999999,130.47032427272535
5750,West Africa,-9.010321000000001,11.956067000000001,93.81858851186617
5751,West Africa,-9.0323215,11.9553485,10.246466687520739
5752,West Africa,-8.998604499999999,11.958223,10.248131190126076
5753,West Africa,-9.037758125863856,11.9632535,28.353571871535333
5754,West Africa,-9.0150595,11.965409000000001,10.247865868313397
5755,West Africa,-9.0078975,11.970439512585035,15.467743039532602
5756,West Africa,-9.034675125863856,11.9790635,40.76166994864335
5757,West Africa,-9.041947750086386,11.9769075,10.249184947220588
5758,West Africa,-9.022884000000001,11.979053762585036,69.06587589602967
5759,West Africa,-9.008191499999999,11.979063499999999,15.467263031853465
5760,West Africa,-9.0329135,11.9948835,86.63598678365089
5761,West Africa,-9.023363,11.995592499829932,33.21767524310978
5762,West Africa,-9.04342062590702,12.000622749829933,17.919894049584826
5763,West Africa,-9.038277750086387,12.0013415,10.248280600540713
5764,West Africa,-9.02887412591137,12.004934775009062,18.174036773556082
5765,West Africa,-9.0171925,12.006371999999999,23.13412697331442
5766,West Africa,-9.02681725,12.009965000000001,10.24796039190125
5767,West Africa,-9.022042500000001,12.020744749829932,17.916845804019047
5768,West Africa,-9.014144374136144,12.025056500000002,71.48897561508933
5769,West Africa,-9.0615025,12.034399,10.248796571969942
5770,West Africa,-9.060629500086328,12.075361749829932,17.916780346764206
5771,West Africa,-9.059418501641327,12.0832665,20.460738425963726
5772,West Africa,-9.00136,12.082548,15.466591029977895
5773,West Africa,-8.9968395,12.123511,10.248958228953734
5774,West Africa,-9.051231999999999,12.124948,10.248904424434224
5775,West Africa,-9.053885248272287,12.159433,81.89083221282256
5776,West Africa,-9.0067655,12.241368000000001,30.66981891806649
5777,West Africa,-9.001912,12.2507105,28.352025839265924
5778,West Africa,-9.0063985,12.274426,10.250238890847909
5779,West Africa,-9.0387585,12.274426,10.250238889727632
5780,West Africa,-9.020667,12.282331,117.43009681884476
5781,West Africa,-8.995808,12.28808,17.916655740479705
5782,West Africa,-8.984209,7.200086499999999,17.80161988232186
5783,West Africa,-8.975587,7.241049,25.43109262726577
5784,West Africa,-8.983184,8.3714745,17.6779706574265
5785,West Africa,-8.974029,8.4145935,32.938490445937376
5786,West Africa,-8.9836145,9.313616,10.172826084882399
5787,West Africa,-8.9752385,9.3279885,10.175957650978786
5788,West Africa,-8.9841875,10.2773165,17.934174500088666
5789,West Africa,-8.98528,10.340557,15.46851491642424
5790,West Africa,-8.991013500000001,10.388705999999999,10.24621301429442
5791,West Africa,-8.979796,10.42895,23.13293449169647
5792,West Africa,-8.986335749999999,10.42895,10.246677801413268
5793,West Africa,-8.985166,10.440448,53.73560945813265
5794,West Africa,-8.991012,10.439011,10.248107468312552
5795,West Africa,-8.986550375863857,10.5374555,56.43852480730176
5796,West Africa,-8.9833965,10.728624249914589,28.128207721433753
5797,West Africa,-8.9863955,10.729343,10.24916417082035
5798,West Africa,-8.985846500000001,10.737966499999999,20.46626939773991
5799,West Africa,-8.991003249999999,10.737967000000001,10.247128557128562
5800,West Africa,-8.9863575,10.755214,20.46119770543988
5801,West Africa,-8.994623,10.760244499999999,15.465048869888546
5802,West Africa,-8.9933385,10.960746,20.427859271598866
5803,West Africa,-8.980196,11.0103325,15.4633105332795
5804,West Africa,-8.98257375,11.041234,10.247462736496132
5805,West Africa,-8.98908775,11.110223999999999,10.248607146716894
5806,West Africa,-8.97286187422253,11.154060999999999,15.465880581961482
5807,West Africa,-8.973826249913614,11.4192405,10.248368117904237
5808,West Africa,-8.968908374136145,11.4717015,43.68269999560474
5809,West Africa,-8.9755445,11.473138500000001,15.465279128670268
5810,West Africa,-8.97448,11.486064500000001,92.12868120423194
5811,West Africa,-8.974846,11.498291,10.247321802558536
5812,West Africa,-8.985734,11.538535499999998,33.377436824203315
5813,West Africa,-8.981880499999999,11.57877922504259,25.327469127836967
5814,West Africa,-8.984594000000001,11.595308,17.91429722844793
5815,West Africa,-8.969553999999999,11.606088,25.582426852441895
5816,West Africa,-8.981658,11.617586,10.250053887312736
5817,West Africa,-8.969992250086385,11.6204605,25.58560273312593
5818,West Africa,-8.97454075,11.623335,10.248102277480612
5819,West Africa,-8.995157500000001,11.627647,10.246202162933203
5820,West Africa,-8.970870000000001,11.647769,10.248970908677295
5821,West Africa,-8.9887735,11.6549555,25.582840512810783
5822,West Africa,-8.975748,11.662870250000001,38.46963191755145
5823,West Africa,-8.979086,11.676515,25.58623398757514
5824,West Africa,-8.973581498358673,11.6851385,20.433064387470587
5825,West Africa,-8.9752685,11.693762,10.250805544020531
5826,West Africa,-8.989946,11.693762,10.247315314597689
5827,West Africa,-8.9870795,11.7864765,248.1750238991018
5828,West Africa,-8.975297,11.783592500000001,15.464151764522935
5829,West Africa,-8.972395,11.8080265,23.134510588721426
5830,West Africa,-8.9748535,11.815213,127.60499398377226
5831,West Africa,-8.9850225,11.810182000000001,10.246584526653177
5832,West Africa,-8.97955,11.846114499999999,20.465552152542404
5833,West Africa,-8.994125,11.8662365,10.246254941633541
5834,West Africa,-8.992877,11.871986,10.247814929081246
5835,West Africa,-8.973930249913614,11.8762975,61.40529306586855
5836,West Africa,-8.978556000000001,11.883484,30.673093483332742
5837,West Africa,-8.976571,11.910083499999999,796.2329223610528
5838,West Africa,-8.9801665,11.9546295,41.01890597594333
5839,West Africa,-8.982663500000001,11.962534999999999,20.49245711310376
5840,West Africa,-8.98582175,11.968284,10.249503082339512
5841,West Africa,-8.975976750000001,11.984093999999999,10.2489185464836
5842,West Africa,-8.982184374136143,11.993436500000001,15.46471716003026
5843,West Africa,-8.9854165,12.00206,15.46766073794319
5844,West Africa,-8.9913305,12.004216,30.673267055810637
5845,West Africa,-8.976844874134013,12.140039512326297,35.80136740385364
5846,West Africa,-8.9689825,8.3844105,17.806928422984157
5847,West Africa,-8.947479,8.3959085,55.832983075290066
5848,West Africa,-8.96455975,10.433262,10.246539516736348
5849,West Africa,-8.968645,10.500095749914529,17.914804727255806
5850,West Africa,-8.960678,10.501533,48.54997294255971
5851,West Africa,-8.953296749913614,10.5008145,10.247870441598108
5852,West Africa,-8.943209499913674,10.50512624982962,81.50985139392525
5853,West Africa,-8.955122,10.510885,35.79133236371656
5854,West Africa,-8.962064125863856,10.5245295,27.903445263721835
5855,West Africa,-8.961618,10.582740000000001,51.1601288951876
5856,West Africa,-8.9575955,10.59855,10.246450557772558
5857,West Africa,-8.965264999999999,10.657478999999999,10.24979731054399
5858,West Africa,-8.953524501770264,10.68191275017088,28.03661126225511
5859,West Africa,-8.95926275,10.704909,10.24821910042037
5860,West Africa,-8.96471,10.7135325,23.13256772877903
5861,West Africa,-8.964160749913614,10.7221565,10.247651147906131
5862,West Africa,-8.96108637405407,10.740122975051264,97.0255679046388
5863,West Africa,-8.964231,10.747309012468953,23.133100412806513
5864,West Africa,-8.969497,10.753777,10.248356484720333
5865,West Africa,-8.9653995,10.7624005,25.583070903054093
5866,West Africa,-8.9539135,10.771024,10.24955578792902
5867,West Africa,-8.955209250086385,10.9118785,10.248336189525114
5868,West Africa,-8.955573250086386,10.9219395,10.24799806106994
5869,West Africa,-8.95314775,10.989491999999998,30.671608506770724
5870,West Africa,-8.94846,11.003145987458518,64.04465386488071
5871,West Africa,-8.963387874136144,11.060637499999999,17.91594065692203
5872,West Africa,-8.958480999999999,11.067105000000002,10.250101611938215
5873,West Africa,-8.96917,11.080041000000001,10.247889848375612
5874,West Africa,-8.96074075,11.140407,10.247572878166164
5875,West Africa,-8.957366749999998,11.172027,25.583456803301093
5876,West Africa,-8.962905,11.396244,10.247429237546124
5877,West Africa,-8.9649805,11.510508,15.464964680844405
5878,West Africa,-8.968055,11.559376,46.19669581966731
5879,West Africa,-8.961563,11.563687737478705,23.133095525484844
5880,West Africa,-8.964202,11.578779,10.247950575711021
5881,West Africa,-8.96636337422253,11.59962,15.468449383336699
5882,West Africa,-8.955578,11.604650500000002,23.136162221561428
5883,West Africa,-8.952898625863856,11.6125555,17.916266555870937
5884,West Africa,-8.952311000000002,11.6190235,20.491252764884283
5885,West Africa,-8.953040999999999,11.6405825,10.24922901376961
5886,West Africa,-8.965770498358673,11.649206499999998,33.35173583990164
5887,West Africa,-8.958538999999998,11.6750775,10.247988672514673
5888,West Africa,-8.960664000000001,11.6951995,10.247263464528896
5889,West Africa,-8.96983625,11.708134999999999,10.248541635631112
5890,West Africa,-8.96315525,11.728257,10.247814276526395
5891,West Africa,-8.9633745,11.732569,10.249403121674623
5892,West Africa,-8.953682749913614,11.7512535,10.246982099303485
5893,West Africa,-8.963941749913614,11.8863585,10.24903259462998
5894,West Africa,-8.964892500000001,11.9151045,25.583657876756842
5895,West Africa,-8.948734250000001,11.9151045,10.246205922817698
5896,West Africa,-8.95262587422253,11.920135,17.91636955113265
5897,West Africa,-8.964594000000002,11.949599,10.248449398427644
5898,West Africa,-8.970543500000002,11.9510365,10.24839637418323
5899,West Africa,-8.96856,11.958941025008507,32.96838780028083
5900,West Africa,-8.964664125822837,11.974751737414966,23.132445023374164
5901,West Africa,-8.9651035,11.98625,51.48256682828569
5902,West Africa,-8.960107249913614,11.9912805,10.248653197585089
5903,West Africa,-8.950186750086386,12.0027785,10.246456448735414
5904,West Africa,-8.948830249913614,12.182439500000001,10.248489234894322
5905,West Africa,-8.965077749999999,12.185314,10.24838046019108
5906,West Africa,-8.942428,5.0570924999999995,17.79910409757312
5907,West Africa,-8.932895,6.904724,10.17263471108105
5908,West Africa,-8.9380355,8.39519,25.432785239108313
5909,West Africa,-8.942755,8.4124375,20.34876500878132
5910,West Africa,-8.93549,8.4138745,10.176152272266533
5911,West Africa,-8.9315085,8.7387015,10.178179561160926
5912,West Africa,-8.925644,8.977291000000001,10.171706440011883
5913,West Africa,-8.947441000000001,10.112028500000001,17.803816640976247
5914,West Africa,-8.938435,10.441166749915121,28.000302597141115
5915,West Africa,-8.936553749913614,10.5266855,66.42704651913184
5916,West Africa,-8.940775249913614,10.621546500000001,10.247452136032917
5917,West Africa,-8.94245525,10.63017,10.248940370331072
5918,West Africa,-8.92051337417962,10.653885500000001,33.51046744501185
5919,West Africa,-8.929578125863856,10.663946500000002,28.34821641643874
5920,West Africa,-8.935205500086354,10.680475000000001,10.249042967138145
5921,West Africa,-8.936590372492663,10.704200012470107,212.1018693042873
5922,West Africa,-8.93556312577747,10.718563,17.91633093388563
5923,West Africa,-8.9394745,10.72575,48.35899025045395
5924,West Africa,-8.935267499913644,10.733654999999999,25.582399628721525
5925,West Africa,-8.938338749913616,10.7379665,10.247129179266468
5926,West Africa,-8.917380001641327,10.7465905,441.61570817309916
5927,West Africa,-8.939288000000001,10.7444345,43.6818019730694
5928,West Africa,-8.946675500039227,10.747309012385255,23.13311333160821
5929,West Africa,-8.937602,10.7624005,10.248072203935232
5930,West Africa,-8.931858875907048,10.76598425000062,58.94932194996836
5931,West Africa,-8.919568,10.7710245,352.25311550250836
5932,West Africa,-8.9221255,10.783241,48.86627314389335
5933,West Africa,-8.925263,10.961465,18.17202958119962
5934,West Africa,-8.926213,10.9679325,10.24819845174316
5935,West Africa,-8.946627750086385,11.0139255,10.24839064966005
5936,West Africa,-8.933371496626597,11.034776262626893,30.545475778385143
5937,West Africa,-8.929486499956493,11.052013999999499,17.91736183592991
5938,West Africa,-8.946346874222531,11.148312,15.464840647486755
5939,West Africa,-8.939561749913615,11.5399725,43.5552417539983
5940,West Africa,-8.94058662595239,11.549314987563353,23.13244366103253
5941,West Africa,-8.93325187422253,11.549315,17.91410499202751
5942,West Africa,-8.925170999999999,11.5945895,10.247386907407485
5943,West Africa,-8.943798750086385,11.6262095,10.24799982954656
5944,West Africa,-8.93315699991797,11.63842673739891,53.64106033602055
5945,West Africa,-8.922224249913615,11.6420195,10.247432587584727
5946,West Africa,-8.936971749913614,11.6448945,25.583844119278567
5947,West Africa,-8.9253775,11.6463315,10.249023755280025
5948,West Africa,-8.933370375779619,11.667162987568119,112.6492782522721
5949,West Africa,-8.932339751602699,11.681535737568119,625.2643679273327
5950,West Africa,-8.9260197484837,11.7131745123462,388.53915151995045
5951,West Africa,-8.927925,11.728257,10.249559179502064
5952,West Africa,-8.945758749956838,11.734006249830315,30.67158217060237
5953,West Africa,-8.939996125777471,11.737599,15.467482049617413
5954,West Africa,-8.9284345,11.7426295,94.59165228273083
5955,West Africa,-8.921531498185903,11.75556550000006,222.0847196977815
5956,West Africa,-8.9020385,11.7656265,1016.6088871924977
5957,West Africa,-8.92835,11.7843115,10.24752728846634
5958,West Africa,-8.9256685,11.792216,15.466665548589514
5959,West Africa,-8.942293874136144,11.8080265,48.551609069223204
5960,West Africa,-8.937815750086386,11.8058705,10.2484866105477
5961,West Africa,-8.935238125820678,11.839646749915467,17.91675141788296
5962,West Africa,-8.937581503369067,11.865508249915468,61.278491713872654
5963,West Africa,-8.929941250086387,11.8806095,10.249243450337648
5964,West Africa,-8.92579,11.887077,15.464887042979768
5965,West Africa,-8.931847250086385,11.8906705,10.248874378565365
5966,West Africa,-8.921711,11.896429000000001,35.79653247989408
5967,West Africa,-8.937206874265467,11.8985755,25.806386835476193
5968,West Africa,-8.941389749913615,11.9151045,25.584160225894728
5969,West Africa,-8.944546500000001,11.9208535,10.249508413257272
5970,West Africa,-8.922621125777471,11.924447,15.46762956918421
5971,West Africa,-8.935951500000002,11.9294775,25.58096467440686
5972,West Africa,-8.925152500172771,11.934507500000059,66.62303736978396
5973,West Africa,-8.92772,11.9452875,10.24860960549593
5974,West Africa,-8.926396999913614,11.9495995,10.246679355035635
5975,West Africa,-8.9250735,11.953911000000002,10.248290323354418
5976,West Africa,-8.934769,11.9589415,59.016528743872094
5977,West Africa,-8.9248855,11.971158500000001,347.68939141241344
5978,West Africa,-8.929323255010424,11.996301499829872,107.3081427758856
5979,West Africa,-8.9266765,12.0027785,10.24997115170392
5980,West Africa,-8.941589499913615,12.0099655,10.24793327787132
5981,West Africa,-8.931595000086386,12.0185885,30.796365573580143
5982,West Africa,-8.9278425,12.0372735,10.24869095794804
5983,West Africa,-8.918363000086416,12.040866749915525,66.71823255540052
5984,West Africa,-8.93525275,12.084703999999999,10.248666233482554
5985,West Africa,-8.925304,12.182439500000001,10.246747785656465
5986,West Africa,-8.9048485,4.998882,10.168268692264261
5987,West Africa,-8.913053999999999,6.5324665,10.176726976877797
5988,West Africa,-8.907410500000001,6.5410905,10.173039664508957
5989,West Africa,-8.874240499999999,7.7412244999999995,10.175138477919633
5990,West Africa,-8.882213499999999,10.4160145,20.490680745872258
5991,West Africa,-8.888275499999999,10.4217635,10.248661866566644
5992,West Africa,-8.872179499913674,10.4735065,10.248770565645398
5993,West Africa,-8.9212105,10.5022515,10.246072574397134
5994,West Africa,-8.879828500086326,10.5381835,10.246680888302405
5995,West Africa,-8.92098,10.5424955,10.248274203787453
5996,West Africa,-8.872137748276627,10.574834987440784,438.4754151724452
5997,West Africa,-8.90277,10.5712415,10.247340815056768
5998,West Africa,-8.896994,10.5755535,10.247200586530292
5999,West Africa,-8.870005751727714,10.602143,28.129201515604183
6000,West Africa,-8.869598999995718,10.614360012393188,51.000540053778735
6001,West Africa,-8.877749999999434,10.6157975,25.840270144949745
6002,West Africa,-8.9143805,10.6172345,10.249345023044713
6003,West Africa,-8.914525249913615,10.6229835,10.247405179197584
6004,West Africa,-8.886740499913675,10.6244215,10.250881542852278
6005,West Africa,-8.895731499745125,10.631608237607992,30.67749415587614
6006,West Africa,-8.8949915,10.6560415,10.24807508008868
6007,West Africa,-8.8907125,10.6596345,89.65155260421439
6008,West Africa,-8.880547000172772,10.66250874999876,51.35403902420639
6009,West Africa,-8.902521500086356,10.664665,10.249562165499178
6010,West Africa,-8.91582925,10.668977,46.00824804132983
6011,West Africa,-8.899154,10.67257,48.580380812552136
6012,West Africa,-8.906575500000628,10.6776005,20.46018808392318
6013,West Africa,-8.90536599999997,10.686943000085499,17.916400489781054
6014,West Africa,-8.920941499913644,10.693411000000001,10.248617600587988
6015,West Africa,-8.877493750086387,10.7077835,10.2481262224243
6016,West Africa,-8.914135250086385,10.710658500000001,10.248030276981154
6017,West Africa,-8.870901,10.7322175,10.249070456598028
6018,West Africa,-8.882748622192466,10.737248250000619,38.375120805640314
6019,West Africa,-8.877329750086385,10.7523395,10.246655201971098
6020,West Africa,-8.879009,10.7580885,10.248214986105088
6021,West Africa,-8.8830275,10.77318,17.914924563465025
6022,West Africa,-8.9067625,10.782522499999999,51.223135980932
6023,West Africa,-8.914990501641327,10.7882715,33.21912266501888
6024,West Africa,-8.893116,10.789709,10.250707456005882
6025,West Africa,-8.8998445,10.796177,17.913570289545905
6026,West Africa,-8.907232996757081,10.799060512384102,41.01635306364302
6027,West Africa,-8.918134750086384,10.7968955,10.248677745528623
6028,West Africa,-8.881246749913615,10.8371395,10.247339168245137
6029,West Africa,-8.893098499913673,10.8400145,10.250764173048529
6030,West Africa,-8.873486496885839,10.845053512379874,38.46610227978465
6031,West Africa,-8.9035595,10.8486375,10.248704987758316
6032,West Africa,-8.889647499999999,10.8716345,10.247936226649218
6033,West Africa,-8.897842,10.876665,17.914115853148502
6034,West Africa,-8.904573,10.8816955,25.581358974586497
6035,West Africa,-8.9047905,10.8874445,10.247406779293064
6036,West Africa,-8.903507499956554,10.89535,15.466493680023987
6037,West Africa,-8.897616500000002,10.8946305,10.247165883261278
6038,West Africa,-8.877125500086326,10.8946305,10.248936894193479
6039,West Africa,-8.91089837422253,10.898223999999999,15.464557686460553
6040,West Africa,-8.8962975,10.8989425,10.247021255864924
6041,West Africa,-8.903688998358673,10.9018175,20.433393370779118
6042,West Africa,-8.8763835,10.916190499999999,10.246442179001257
6043,West Africa,-8.903347,10.938468,51.28883533759459
6044,West Africa,-8.871177750000061,10.9406245,10.249141857969649
6045,West Africa,-8.907847250086386,10.9434985,10.247272471341157
6046,West Africa,-8.874610750086386,10.9564345,10.246837628702608
6047,West Africa,-8.89799,10.979431,20.46117475692303
6048,West Africa,-8.9037705,11.0972885,10.247302072295476
6049,West Africa,-8.920832,11.504759,15.466112275095481
6050,West Africa,-8.921945999999998,11.5859655,10.247695120210604
6051,West Africa,-8.9166585,11.6032135,10.250569808018389
6052,West Africa,-8.916354249913613,11.6420195,10.247432586780333
6053,West Africa,-8.920241,11.64705,17.917596344493276
6054,West Africa,-8.903212,11.665735,18.173408801638793
6055,West Africa,-8.87131187422253,11.700230000000001,15.46426279199225
6056,West Africa,-8.9205915,11.704542,17.914836248434334
6057,West Africa,-8.915527,11.7066975,10.250339791918963
6058,West Africa,-8.874428249913613,11.7066975,10.24859535945264
6059,West Africa,-8.8908645,11.716758500000001,43.467200846105044
6060,West Africa,-8.898711500000001,11.7296945,30.667676614849817
6061,West Africa,-8.92084,11.734725000000001,15.464125722844893
6062,West Africa,-8.9003245,11.7354435,10.245810547706245
6063,West Africa,-8.914342999870765,11.7390369998297,33.38187410757638
6064,West Africa,-8.878377249827228,11.738318,10.247453748489349
6065,West Africa,-8.8714715,11.7512535,10.248728667719053
6066,West Africa,-8.890955,11.7634705,15.46597105987549
6067,West Africa,-8.895468000000001,11.767063499999999,10.248153894592866
6068,West Africa,-8.870798877295703,11.777843737489528,28.130823020956367
6069,West Africa,-8.882390500043565,11.79365349983085,89.55064629542728
6070,West Africa,-8.913151500000001,11.790779,17.91765408944909
6071,West Africa,-8.905475503282656,11.803705,140.04878781338152
6072,West Africa,-8.920268249913615,11.8073075,10.248434262393241
6073,West Africa,-8.9116035,11.8101825,10.250074506859299
6074,West Africa,-8.887484,11.814494,23.135999675329177
6075,West Africa,-8.904770000008586,11.828867475154343,255.6995999940773
6076,West Africa,-8.8928595,11.8691115,10.247921431225338
6077,West Africa,-8.901671499999999,11.8691115,10.247921430927983
6078,West Africa,-8.913566749913613,11.8705485,51.1637179618938
6079,West Africa,-8.885733750086386,11.8748605,10.249455410414637
6080,West Africa,-8.863077498445058,11.877735,243.72757023815848
6081,West Africa,-8.8960875,11.8777345,10.247605483673697
6082,West Africa,-8.873746496717345,11.910802,380.3390776721352
6083,West Africa,-8.906499,11.9266025,10.249298021581174
6084,West Africa,-8.911523503240266,11.94455925000062,48.555793388465624
6085,West Africa,-8.889524,11.9452875,10.24860960563889
6086,West Africa,-8.92052,11.9495995,10.248450586238615
6087,West Africa,-8.900061499956493,11.953192499999972,20.362488419041096
6088,West Africa,-8.8995085,11.9589415,18.17479974536408
6089,West Africa,-8.907807503118466,11.966837475162741,53.643974419551014
6090,West Africa,-8.8881455,11.9934365,15.467176224243016
6091,West Africa,-8.874440000082036,12.000622762583884,28.347911922494216
6092,West Africa,-8.887918001554404,12.007090999999999,51.192229580448355
6093,West Africa,-8.873477500172655,12.014995750169566,17.916806276367016
6094,West Africa,-8.921514250086386,12.0703315,10.249202846934185
6095,West Africa,-8.917541749913614,12.0803925,10.248827695973562
6096,West Africa,-8.8306765,8.2112175,10.177771050428712
6097,West Africa,-8.849791499999998,8.3491965,20.352098768301477
6098,West Africa,-8.8429805,8.8371555,17.80013899840756
6099,West Africa,-8.8423965,8.8436235,10.17537287185078
6100,West Africa,-8.8378405,8.8659015,71.09739770656107
6101,West Africa,-8.810273500000001,8.8687755,17.928060016470873
6102,West Africa,-8.837435,8.8795555,86.61196456143641
6103,West Africa,-8.819978,8.878118,10.174400282179416
6104,West Africa,-8.825284,8.8874605,17.80126235417752
6105,West Africa,-8.819678499999998,8.8960845,162.90518334532956
6106,West Africa,-8.842228,8.896802999999998,10.173895015984993
6107,West Africa,-8.812618,8.904708,107.2081669119603
6108,West Africa,-8.845423499999999,8.906145500000001,58.376147553907856
6109,West Africa,-8.852626,8.9039895,10.17724031203856
6110,West Africa,-8.833021500000001,8.906145500000001,17.681553892626717
6111,West Africa,-8.860043,8.9111755,10.177045485950106
6112,West Africa,-8.833856,8.9111755,10.177045486701722
6113,West Africa,-8.8106495,8.9140505,10.173470257379583
6114,West Africa,-8.8369085,8.916924999999999,10.16985371133309
6115,West Africa,-8.861785,8.9212365,10.176772454504157
6116,West Africa,-8.826211,8.92483,33.06809706311281
6117,West Africa,-8.821728499999999,9.589575,10.171864084313603
6118,West Africa,-8.840479749913614,10.4404485,10.24631073350921
6119,West Africa,-8.855634003282653,10.458404999999999,58.98144832391101
6120,West Africa,-8.80947175000006,10.4806925,10.250292416162218
6121,West Africa,-8.864574999956552,10.564774,15.465473549026996
6122,West Africa,-8.8150435,10.5712415,10.247342025430209
6123,West Africa,-8.80955274982723,10.582740000000001,25.58206400656021
6124,West Africa,-8.819931622315664,10.589208012310653,35.92358931698034
6125,West Africa,-8.810913,10.633045,97.03233098040212
6126,West Africa,-8.847688250086385,10.6373565,10.246936404985657
6127,West Africa,-8.833795,10.6380755,17.914830396982502
6128,West Africa,-8.853645625820917,10.642387,15.464713421831323
6129,West Africa,-8.81426724999994,10.6474175,30.674309497931016
6130,West Africa,-8.8631765,10.6704145,74.1894807677149
6131,West Africa,-8.844127,10.6682585,25.71103342017318
6132,West Africa,-8.82515,10.668977,10.247654381150749
6133,West Africa,-8.847268,10.6740075,15.46612384608745
6134,West Africa,-8.8611875,10.7005975,33.21788490575611
6135,West Africa,-8.862243,10.710658,56.310133345539334
6136,West Africa,-8.863658499913674,10.7350925,10.247244696624284
6137,West Africa,-8.865553755269524,10.750892499999999,153.76812702695608
6138,West Africa,-8.862245,10.7882715,10.247214349984345
6139,West Africa,-8.847108999918621,10.844325737366791,20.462770411503428
6140,West Africa,-8.834706,10.845763,10.248804593581875
6141,West Africa,-8.840631500172652,10.8486375,20.49745350190577
6142,West Africa,-8.8336735,10.858699,10.24837005204552
6143,West Africa,-8.847312500000001,10.8752275,15.465657675312766
6144,West Africa,-8.839442500336986,10.88241302475986,48.52053561478501
6145,West Africa,-8.841853500086327,10.8888815,10.24912966495837
6146,West Africa,-8.842321,10.9039735,15.465079062108154
6147,West Africa,-8.833417373963373,10.9255325,17.91653433373801
6148,West Africa,-8.83854075000006,10.9262515,10.249625708635296
6149,West Africa,-8.818047249827229,10.926251,10.247856090968504
6150,West Africa,-8.822868877418712,10.941342500168112,166.18561339287956
6151,West Africa,-8.825854499317526,10.96577748753959,58.85711361695152
6152,West Africa,-8.8207305,10.966495,10.248250618998403
6153,West Africa,-8.8224095,10.975119,10.247959316820445
6154,West Africa,-8.847442499827348,10.976556500000001,10.249680082957815
6155,West Africa,-8.8170975,11.039797,10.24576740293416
6156,West Africa,-8.827743121026263,11.053460499997641,46.097791044026465
6157,West Africa,-8.849674249827228,11.051295,20.492498136712793
6158,West Africa,-8.8235295,11.061356,20.49356325895431
6159,West Africa,-8.8485695,11.0642305,10.248430171377194
6160,West Africa,-8.80883750343822,11.131783024895537,28.16249580663116
6161,West Africa,-8.811895499999999,11.157654,10.248733802503175
6162,West Africa,-8.804698996907444,11.186399474927962,301.09905759266854
6163,West Africa,-8.82783874982723,11.200773,10.248995791281006
6164,West Africa,-8.853060498445059,11.518412999999999,23.132544737849933
6165,West Africa,-8.809219500000001,11.547159,10.249082830478812
6166,West Africa,-8.816611,11.5723115,17.915715025635198
6167,West Africa,-8.853048373933031,11.611118225206145,17.663796129228746
6168,West Africa,-8.846072373963374,11.6226165,68.91123081886042
6169,West Africa,-8.860639749913615,11.6865755,30.800493376346484
6170,West Africa,-8.8626495,11.705979,15.465694703784813
6171,West Africa,-8.858462874308916,11.7117285,15.466625404425512
6172,West Africa,-8.8386695,11.7354435,10.249301469834377
6173,West Africa,-8.844902249827229,11.748379,10.247089295010532
6174,West Africa,-8.836454499999999,11.75844,10.248470456272202
6175,West Africa,-8.8380665,11.762751999999999,10.248314002729476
6176,West Africa,-8.822709005908575,11.788614450293904,79.40991552425413
6177,West Africa,-8.829446,11.814494,10.24992095422423
6178,West Africa,-8.857417749740872,11.817369,10.24629909650623
6179,West Africa,-8.82733136890307,11.908646263010102,3751.459120391436
6180,West Africa,-8.859091874352362,11.8453955,17.915891917387842
6181,West Africa,-8.859525125691086,11.8597685,17.916745050198543
6182,West Africa,-8.8442235,11.909355,10.249936143189442
6183,West Africa,-8.840249750172772,11.919416,10.247821206234203
6184,West Africa,-8.841935249827229,11.92804,10.247503846113686
6185,West Africa,-8.8392135,11.933789,25.58364765004665
6186,West Africa,-8.855951250086385,11.9510365,10.250141699172747
6187,West Africa,-8.8119495,11.955348,10.248242116509275
6188,West Africa,-8.8428735,11.958223,10.24813601108241
6189,West Africa,-8.840187500422688,11.964690262504538,27.99842478728315
6190,West Africa,-8.857408874561592,11.97475101249941,212.0541769300857
6191,West Africa,-8.841319369099864,11.97619854999598,66.37102821065797
6192,West Africa,-8.866959000000001,11.9754705,10.247495314830207
6193,West Africa,-8.835838499999877,11.986968500176566,20.464027928442302
6194,West Africa,-8.8115585,11.986969,10.247073698204009
6195,West Africa,-8.866839500000001,11.992718,20.463060205917635
6196,West Africa,-8.831610625691084,11.9948735,119.65101570135916
6197,West Africa,-8.858794250172771,11.994155,10.248549786281108
6198,West Africa,-8.848724872741101,12.000631524836017,175.9536383191701
6199,West Africa,-8.810449,11.998467,10.250134521082344
6200,West Africa,-8.834824749827229,12.024338,10.247430803738872
6201,West Africa,-8.837836000172711,12.025775,10.247349745213196
6202,West Africa,-8.851061749913615,12.027212500000001,10.247322284532387
6203,West Africa,-8.857012250172772,12.028649999999999,10.247270717192896
6204,West Africa,-8.8636615,12.030087,23.135405411256986
6205,West Africa,-8.857301506565307,12.0387015,38.340457858928616
6206,West Africa,-8.737315500000001,7.131815,10.171314163229798
6207,West Africa,-8.801351499999999,8.8910535,10.17409318020494
6208,West Africa,-8.8050595,8.893209500000001,17.808026462144213
6209,West Africa,-8.797200499999999,8.898240000000001,10.170359941975498
6210,West Africa,-8.768246,8.9032705,43.2436287551169
6211,West Africa,-8.7628515,8.9212365,10.173275281924928
6212,West Africa,-8.751243,8.9859145,10.175009929257966
6213,West Africa,-8.732614734968369,10.44692600051459,143.21017271971533
6214,West Africa,-8.746016125691309,10.458414499741641,138.24223025457692
6215,West Africa,-8.764321125777919,10.4598515,17.917061037874525
6216,West Africa,-8.73022250932982,10.467028999832902,45.8520591264397
6217,West Africa,-8.760880999827409,10.46632,10.24900620585969
6218,West Africa,-8.747833,10.469913,15.46468720779792
6219,West Africa,-8.7413975,10.4749435,20.460663164042902
6220,West Africa,-8.736388249827229,10.479255,25.582054149360857
6221,West Africa,-8.742235,10.4806925,10.246774117738305
6222,West Africa,-8.782644999983109,10.485723024441837,23.1305152616044
6223,West Africa,-8.771039506219882,10.515896999831659,43.68208431843705
6224,West Africa,-8.779917000000001,10.5209365,20.498022641354204
6225,West Africa,-8.786781000000001,10.5288415,17.91183960681743
6226,West Africa,-8.79656949982735,10.5410585,10.250093841387264
6227,West Africa,-8.7319735,10.555431500000001,191.94346421108227
6228,West Africa,-8.800243499654457,10.564774,107.62317307867092
6229,West Africa,-8.743365246285418,10.5698045,125.2518065481937
6230,West Africa,-8.796036250172772,10.572679,10.249048168323514
6231,West Africa,-8.732611501468556,10.5798655,23.13350759044852
6232,West Africa,-8.748070998531444,10.5813025,25.83292406140694
6233,West Africa,-8.740689249740843,10.5813025,33.21529944663666
6234,West Africa,-8.7729985,10.582740000000001,10.246970381779942
6235,West Africa,-8.7410085,10.590645,76.8902560355393
6236,West Africa,-8.751386,10.596394,15.464640201003023
6237,West Africa,-8.732355500001521,10.6186715,763.9266398246492
6238,West Africa,-8.75024375000018,10.607174,10.249698926560663
6239,West Africa,-8.77553,10.620109,10.249254745795959
6240,West Africa,-8.739269998531444,10.6560415,893.8702066752869
6241,West Africa,-8.77478075017277,10.647418,10.246611261519131
6242,West Africa,-8.756622250172772,10.674726,10.249217943953465
6243,West Africa,-8.749344874395302,10.676881999999999,15.466767140708313
6244,West Africa,-8.732524998531446,10.6776005,23.130131786956916
6245,West Africa,-8.741406999830783,10.681194037164719,23.13441135995731
6246,West Africa,-8.752519503541064,10.6854955,56.06365976102949
6247,West Africa,-8.730579250259158,10.686224500000002,10.248843082446625
6248,West Africa,-8.737892499741111,10.687662,10.248815182153917
6249,West Africa,-8.741691126036478,10.689817500172065,17.91496510669073
6250,West Africa,-8.74174187143733,10.717125524943766,694.8834271122792
6251,West Africa,-8.764719,10.703472,10.246520328952204
6252,West Africa,-8.77283499974135,10.70562799999988,41.13377629986957
6253,West Africa,-8.759884,10.712814,17.91533487070109
6254,West Africa,-8.77779399340092,10.72432204886956,314.7103602327255
6255,West Africa,-8.79190550017265,10.7322175,10.250843613268795
6256,West Africa,-8.739277373531158,10.734374000331773,28.002123310699144
6257,West Africa,-8.733532250000179,10.737967000000001,10.248906536733298
6258,West Africa,-8.763216996458935,10.753068500000001,322.3674829847344
6259,West Africa,-8.790585499999999,10.739404,10.248836656522776
6260,West Africa,-8.780595000086834,10.7458715,56.348743887197834
6261,West Africa,-8.777151499998926,10.753777,33.378163219032025
6262,West Africa,-8.73981,10.752339500000001,10.248414942210474
6263,West Africa,-8.79393999982717,10.752339999999528,25.578597485889322
6264,West Africa,-8.7866255,10.75234,10.24840887621116
6265,West Africa,-8.786909997218661,10.761690524596194,53.80089968509943
6266,West Africa,-8.796331997218426,10.78468752493784,132.67258308788163
6267,West Africa,-8.777971999897511,10.78180377434108,23.130951077438354
6268,West Africa,-8.75996775017277,10.789709,25.58079941569794
6269,West Africa,-8.738823,10.793302,33.24937534230669
6270,West Africa,-8.751331249740844,10.796895500000002,10.248686213054272
6271,West Africa,-8.765658626015085,10.81054952493718,186.8942946800494
6272,West Africa,-8.774920499913282,10.803363499831775,51.32140471234304
6273,West Africa,-8.7866265,10.8033635,15.46488382650085
6274,West Africa,-8.78855375017277,10.819892,10.24791820373478
6275,West Africa,-8.777061499999999,10.824204,10.246023113962966
6276,West Africa,-8.758805497894397,10.8256412374468,20.459659712110586
6277,West Africa,-8.7663005,10.833546499999763,36.014666982350995
6278,West Africa,-8.758948,10.8328275,23.133428995889716
6279,West Africa,-8.7794705,10.8335465,17.91619889580894
6280,West Africa,-8.773100002781337,10.839286475403807,86.87690993064915
6281,West Africa,-8.735051370821829,10.83929553665234,25.64729194471853
6282,West Africa,-8.784806499999998,10.840014,10.245496136524295
6283,West Africa,-8.77192124982723,10.850075,10.246911708533856
6284,West Africa,-8.74307875017277,10.864448,10.24643144174423
6285,West Africa,-8.766670999999999,10.919065,10.246349212720249
6286,West Africa,-8.730294500543266,11.003145475930722,128.22198359902254
6287,West Africa,-8.7371675,11.011051,10.246743170027882
6288,West Africa,-8.7277208743953,11.014644,17.916052166623246
6289,West Africa,-8.735255499974345,11.020393524749272,74.18596397684813
6290,West Africa,-8.754505,11.029017,17.917377898293157
6291,West Africa,-8.740664749740843,11.0326105,33.21639866161535
6292,West Africa,-8.7380915,11.0441085,10.249124867336842
6293,West Africa,-8.7456625,11.0505765,15.464115957824633
6294,West Africa,-8.774987,11.051295,10.24887431173869
6295,West Africa,-8.7429115,11.0570445,10.248684620033377
6296,West Africa,-8.73437350017242,11.064948750507877,41.04573615715004
6297,West Africa,-8.728550750172772,11.065667999999999,10.246637150206853
6298,West Africa,-8.7318705,11.079322000000001,15.464756112718597
6299,West Africa,-8.732013,11.085071,15.4653374562746
6300,West Africa,-8.752624498531445,11.087227500000001,20.429255685329622
6301,West Africa,-8.756464000000001,11.0944135,23.131797973833482
6302,West Africa,-8.761697,11.097287999999999,25.58503097754745
6303,West Africa,-8.749369250172771,11.126034,10.248071780628822
6304,West Africa,-8.765839,11.137532,10.24592789782809
6305,West Africa,-8.793994,11.148312,15.466456368097841
6306,West Africa,-8.738646250259157,11.1576545,10.246989679514456
6307,West Africa,-8.7533675,11.160529,25.582637542235105
6308,West Africa,-8.75351,11.1677155,10.248393864279715
6309,West Africa,-8.749471,11.1792135,10.247998109334475
6310,West Africa,-8.726526750259158,11.195023500000001,48.54472789280513
6311,West Africa,-8.798017,11.208677999999999,25.80497381080145
6312,West Africa,-8.79464050278155,11.218730475096194,79.3741523179972
6313,West Africa,-8.724377758811332,11.220884999999999,533.3146824150317
6314,West Africa,-8.7318465,11.225206499999999,20.492813007401807
6315,West Africa,-8.7810415,11.2295185,51.352363535070175
6316,West Africa,-8.788136882515694,11.246037999833359,327.03790723192805
6317,West Africa,-8.756827999999999,11.228081499999998,20.492612351218494
6318,West Africa,-8.8037905,11.230955999999999,10.246206136292452
6319,West Africa,-8.80254,11.236705,10.24950293759163
6320,West Africa,-8.77938,11.248203,10.249104629298989
6321,West Africa,-8.725371246346175,11.253242524723596,109.81879692117381
6322,West Africa,-8.753287,11.256827000000001,10.248805614226168
6323,West Africa,-8.786618000328573,11.267606024554247,38.43756955112221
6324,West Africa,-8.742687501468556,11.2683255,23.13048201201716
6325,West Africa,-8.782435993434692,11.2748025,79.78587912108051
6326,West Africa,-8.788353002418914,11.297780999832117,261.5805497452991
6327,West Africa,-8.731417,11.331565999999999,66.55808145229844
6328,West Africa,-8.768832250259157,11.3344405,10.247855882491454
6329,West Africa,-8.729431625183302,11.338034487808486,28.004160587878978
6330,West Africa,-8.7459275,11.373966,17.914885539223505
6331,West Africa,-8.737935,11.376121999999999,10.248142603728937
6332,West Africa,-8.740276999999999,11.3825895,50.72403515500293
6333,West Africa,-8.7498065,11.381871,10.247938570894709
6334,West Africa,-8.7445475,11.401274,25.71178280783892
6335,West Africa,-8.738718249740842,11.403430499999999,10.248932681927682
6336,West Africa,-8.729165749740844,11.424989499999999,76.2937329434273
6337,West Africa,-8.75472674982723,11.541409999999999,10.247542648305263
6338,West Africa,-8.763599749827229,11.542847,10.24749151018573
6339,West Africa,-8.78030874982723,11.561532,10.246826014929427
6340,West Africa,-8.7657815,11.567281000000001,10.248365723566778
6341,West Africa,-8.7527915,11.57303,10.248160612571962
6342,West Africa,-8.803649499654112,11.900732000499337,33.25253757060471
6343,West Africa,-8.6574665,4.8946784999999995,244.01325896555198
6344,West Africa,-8.687038999999999,4.8910855,25.431786967072398
6345,West Africa,-8.6257995,4.897553500000001,17.79977987684023
6346,West Africa,-8.704813999999999,4.9837905,17.799287918600214
6347,West Africa,-8.651779000000001,5.008224500000001,17.795104051765268
6348,West Africa,-8.6366295,5.0103805,10.171632703966845
6349,West Africa,-8.612171,5.011817499999999,10.175136615666233
6350,West Africa,-8.641027,5.011817499999999,10.17513661603134
6351,West Africa,-8.6386665,5.107397499999999,17.80127520031737
6352,West Africa,-8.7094325,6.0833145,17.68091276251845
6353,West Africa,-8.7141155,7.0527645,10.176553948781278
6354,West Africa,-8.644832999999998,7.216615,10.172979755406114
6355,West Africa,-8.690515999999999,8.006404,17.683177646647643
6356,West Africa,-8.6188515,8.084736,10.170355953746983
6357,West Africa,-8.608689,8.086173500000001,40.6971904412931
6358,West Africa,-8.6997055,8.4260915,17.679009492144328
6359,West Africa,-8.703584,8.4383085,30.52303956440557
6360,West Africa,-8.672981,8.876681000000001,10.174439098966007
6361,West Africa,-8.6274035,9.3380495,10.17567164540849
6362,West Africa,-8.721212000000001,10.3290585,25.31451155435753
6363,West Africa,-8.704173500298143,10.423919212390356,439.4542859184921
6364,West Africa,-8.694946249999822,10.408828,51.1676495122208
6365,West Africa,-8.7139786256047,10.409547,15.465860671234736
6366,West Africa,-8.71846925043166,10.414577,25.583833568141376
6367,West Africa,-8.6820055,10.4160145,10.248855744733822
6368,West Africa,-8.639660625518314,10.418170499999999,15.46363165394252
6369,West Africa,-8.6895945,10.4260755,10.248533340050978
6370,West Africa,-8.694226000259242,10.435417749916716,30.801037014636776
6371,West Africa,-8.688344750259157,10.4346995,10.246502483211552
6372,West Africa,-8.69871650025889,10.439011,10.249887121588673
6373,West Africa,-8.703136,10.441167,15.46431428771154
6374,West Africa,-8.692941249827228,10.443323,10.246222691470043
6375,West Africa,-8.722383249827228,10.447635,10.24608421552766
6376,West Africa,-8.675720000130159,10.452665,15.467298361361923
6377,West Africa,-8.724128,10.4605705,10.247421968144057
6378,West Africa,-8.60616,10.473506,10.247017745990359
6379,West Africa,-8.668042245297437,10.490034536405172,48.55145436164579
6380,West Africa,-8.596522,10.495784,15.4647575940618
6381,West Africa,-8.685758509847961,10.498649,92.06667021341669
6382,West Africa,-8.6711765,10.499377500000001,10.246175056065123
6383,West Africa,-8.702993,10.51375,76.7921307684131
6384,West Africa,-8.711493496113018,10.528842250239883,199.56141528005617
6385,West Africa,-8.611873750345541,10.523811,33.21431560402122
6386,West Africa,-8.701047749827229,10.523811,10.24713243998043
6387,West Africa,-8.670559750259157,10.529560499999999,10.246952972400338
6388,West Africa,-8.672162499999999,10.533871999999999,10.248599725402311
6389,West Africa,-8.675958,10.54034,17.915999900517818
6390,West Africa,-8.714912878304062,10.546080475217238,41.10154018022976
6391,West Africa,-8.651112000000001,10.564773500000001,15.463461867627032
6392,West Africa,-8.7214685,10.5712415,10.247346866639269
6393,West Africa,-8.726067996631407,10.5791465,38.37395768254734
6394,West Africa,-8.724086999961465,10.586333037174132,23.129583752327996
6395,West Africa,-8.718969249740843,10.585614499999998,10.248632647202145
6396,West Africa,-8.724995365584714,10.593529499999999,43.5538521296955
6397,West Africa,-8.6550905,10.602143,38.42896897623862
6398,West Africa,-8.671280246333282,10.606463537161428,145.68609173424497
6399,West Africa,-8.656067500816253,10.61220321258854,33.37160967827336
6400,West Africa,-8.6421055,10.610048500000001,25.581076689603503
6401,West Africa,-8.664110250259156,10.6114855,10.247792807668441
6402,West Africa,-8.636537250259156,10.617234499999999,10.247605096105168
6403,West Africa,-8.6192343629924,10.628024,33.34408675280897
6404,West Africa,-8.6636335,10.6474175,10.248367375918432
6405,West Africa,-8.678328510366274,10.6502825,38.33429360565606
6406,West Africa,-8.707825616966137,10.65677,54.018220725732334
6407,West Africa,-8.670425999999999,10.653885500000001,25.79562536490672
6408,West Africa,-8.69180849986984,10.659635,15.464574106936421
6409,West Africa,-8.6991565,10.661790499999999,10.247896235975492
6410,West Africa,-8.710550500128768,10.67544474965936,79.47301407276828
6411,West Africa,-8.724516,10.679038,10.247323992452115
6412,West Africa,-8.71449,10.686224500000002,25.58105364091391
6413,West Africa,-8.723974749740844,10.710658500000001,10.24803874791775
6414,West Africa,-8.601311750345541,10.717845,10.247809695477045
6415,West Africa,-8.727822250259155,10.740841499999998,10.247042647576096
6416,West Africa,-8.695744,10.745872,15.461990174114282
6417,West Africa,-8.722950002732677,10.75233903665244,28.033115907996613
6418,West Africa,-8.6373315,10.750902499999999,10.24846611703597
6419,West Africa,-8.714939250000178,10.753777,10.248383715659202
6420,West Africa,-8.675792000000001,10.765275500000001,10.247986650015404
6421,West Africa,-8.626259000000001,10.772461499999999,10.247748512474026
6422,West Africa,-8.7274235,10.7782105,10.247554253481473
6423,West Africa,-8.651904749740844,10.7983325,10.24864208740717
6424,West Africa,-8.6583205,10.818454500000001,10.249721198240834
6425,West Africa,-8.7055353743953,10.832108999999999,15.46422608169054
6426,West Africa,-8.712274,10.861573499999999,10.24827879767439
6427,West Africa,-8.714021,10.870197000000001,38.303427075320386
6428,West Africa,-8.712699,10.875946500000001,10.24779794798741
6429,West Africa,-8.72476249974111,10.888881999999999,10.249136921759014
6430,West Africa,-8.719710500000001,10.891038,17.91635507025871
6431,West Africa,-8.681064750259157,10.896068499999998,10.248878994928512
6432,West Africa,-8.717976,10.906848,15.462203071134892
6433,West Africa,-8.724744000000001,10.9880545,10.24752800343771
6434,West Africa,-8.719028999999999,10.990929,10.247427119081921
6435,West Africa,-8.718580491150714,11.003154536611245,92.09849323323884
6436,West Africa,-8.681808499999999,11.0196745,10.249955033889348
6437,West Africa,-8.721486500000001,11.025424000000001,20.492509996701695
6438,West Africa,-8.72044775000018,11.039797,10.249289626101888
6439,West Africa,-8.680671500000265,11.057762999742524,17.9144128270552
6440,West Africa,-8.722835745335177,11.0721355,76.69964633147815
6441,West Africa,-8.683503749740844,11.0771665,10.246251809367461
6442,West Africa,-8.6689285,11.0814785,10.247851670803586
6443,West Africa,-8.653381250345543,11.101600000000001,30.6723621911307
6444,West Africa,-8.692630744038336,11.138970251019032,28.127448666270794
6445,West Africa,-8.5967155,11.141125500000001,38.33669105319965
6446,West Africa,-8.716104,11.141844500000001,10.249282852417283
6447,West Africa,-8.614434125821075,11.14400024965952,17.91583815156952
6448,West Africa,-8.70543649861783,11.150468,148.64830775058036
6449,West Africa,-8.613179874178925,11.152623750340478,17.915320461824628
6450,West Africa,-8.690337,11.15981,15.461444897226315
6451,West Africa,-8.710811749740843,11.159091499999999,10.246940294207386
6452,West Africa,-8.702306489633724,11.1691525,143.56448781673674
6453,West Africa,-8.718668510366275,11.177048,33.344816864830435
6454,West Africa,-8.725958749740844,11.1749015,10.246396528444917
6455,West Africa,-8.638054499999999,11.174902,10.248155012903299
6456,West Africa,-8.604357499999999,11.176339,10.248105544009361
6457,West Africa,-8.606522506220713,11.198616999313867,316.63993909032877
6458,West Africa,-8.717523,11.1878375,10.247701012177089
6459,West Africa,-8.6143365,11.192149,23.13327683343043
6460,West Africa,-8.620232,11.192867499999998,17.9158780542354
6461,West Africa,-8.716199750259157,11.193586499999999,25.581551531532117
6462,West Africa,-8.663524749654457,11.196461,10.249157852784052
6463,West Africa,-8.6586785,11.204366000000707,36.00964822610846
6464,West Africa,-8.607711499672387,11.21514573702687,33.34771292364829
6465,West Africa,-8.652437238856255,11.2165925,56.031698836182294
6466,West Africa,-8.637749374481686,11.2144275,15.46465618767782
6467,West Africa,-8.642814253148327,11.23597846291462,153.17164247933226
6468,West Africa,-8.597842000689216,11.25179600135294,488.2380999851985
6469,West Africa,-8.625299250345542,11.23958,10.247667608280898
6470,West Africa,-8.626905,11.245329,25.582428139604342
6471,West Africa,-8.71504275017277,11.251078,10.24725839622334
6472,West Africa,-8.627919001779446,11.25323271257141,33.37431135000096
6473,West Africa,-8.611066000000001,11.2539525,10.248914967827792
6474,West Africa,-8.7049265,11.2553895,10.248861511396301
6475,West Africa,-8.696558870421118,11.270481000513186,255.73426132756435
6476,West Africa,-8.624641001035933,11.266168750503464,84.49563057418572
6477,West Africa,-8.7192031256047,11.267607,17.914829061198418
6478,West Africa,-8.673109499999999,11.269762499999999,10.248362726272056
6479,West Africa,-8.6862995,11.2712,10.24831642841168
6480,West Africa,-8.7068175,11.2712,10.24830918093369
6481,West Africa,-8.630679,11.274074500000001,40.97921006078685
6482,West Africa,-8.6731805,11.274074500000001,10.248212961798457
6483,West Africa,-8.6836515,11.2798235,10.248013203013333
6484,West Africa,-8.676393008292091,11.283416000671757,28.129398693492682
6485,West Africa,-8.620038486869385,11.284864,68.67047800567708
6486,West Africa,-8.6793955,11.284135500000001,10.247863308463272
6487,West Africa,-8.691368510664667,11.292030212151204,144.98146154323447
6488,West Africa,-8.648617999999999,11.285573,10.247821779780516
6489,West Africa,-8.642896,11.2884475,10.247716981433053
6490,West Africa,-8.669418750259158,11.294196500000002,10.24926268440744
6491,West Africa,-8.674760490295604,11.299236361507962,61.677549616633506
6492,West Africa,-8.658567374150158,11.297789774126617,17.667228026501856
6493,West Africa,-8.683104499999999,11.3100065,25.58333571622662
6494,West Africa,-8.671520000000001,11.314318499999999,10.250307310479249
6495,West Africa,-8.659695499481865,11.335159499828055,401.35249948870313
6496,West Africa,-8.674945999999998,11.3301285,10.249755589163804
6497,West Africa,-8.721262499999732,11.335159000257327,17.664427748264604
6498,West Africa,-8.644515249654457,11.341626999999999,10.247612643033351
6499,West Africa,-8.666574249740844,11.3445015,10.24750793956334
6500,West Africa,-8.643189750259157,11.348813499999999,10.24735716766468
6501,West Africa,-8.716487,11.348813499999999,10.249102560088586
6502,West Africa,-8.616491374481686,11.3610305,25.79655193930513
6503,West Africa,-8.65624950253096,11.367498050115021,163.859463171508
6504,West Africa,-8.613246499999999,11.373247,10.248255465037774
6505,West Africa,-8.630569000000001,11.414928499999998,86.64134855411807
6506,West Africa,-8.723087,11.4206775,10.246581022019457
6507,West Africa,-8.631794000068293,11.431457450589505,33.376901410128184
6508,West Africa,-8.635600749999643,11.433613000000001,10.246105547689691
6509,West Africa,-8.701943,11.4451115,10.24572010339604
6510,West Africa,-8.708755,11.454453999999998,17.91787274659151
6511,West Africa,-8.624642749654457,11.460922,10.246914623256652
6512,West Africa,-8.677826374466953,11.473138512182203,20.368000282937835
6513,West Africa,-8.635259999999999,11.47242,10.248257117535582
6514,West Africa,-8.68373799706005,11.499729288062998,199.4645023591261
6515,West Africa,-8.674133125518313,11.496135500000001,15.464162538905107
6516,West Africa,-8.68737949861783,11.522725000000001,63.699256908842735
6517,West Africa,-8.672012500000001,11.5241625,10.246414601162945
6518,West Africa,-8.681450249999642,11.542847,10.24572977929678
6519,West Africa,-8.673735511183203,11.555053211937459,51.188198372116545
6520,West Africa,-8.681981,11.559376,15.462132542421582
6521,West Africa,-8.5190585,4.785445,17.804420616835646
6522,West Africa,-8.3278435,4.89396,10.169837515292869
6523,West Africa,-8.2602425,4.9068955,10.17318439581118
6524,West Africa,-8.303653,4.9212685,10.176496973424399
6525,West Africa,-8.274212,4.930611,101.72126154012052
6526,West Africa,-8.255458,4.930611,17.802452625418304
6527,West Africa,-8.251328,4.9435465,17.802107305019792
6528,West Africa,-8.249958,5.0103805,10.175158400083685
6529,West Africa,-8.2450405,5.018285499999999,17.80012386748717
6530,West Africa,-8.5920405,5.0204415000000004,10.171480120115454
6531,West Africa,-8.253042,5.0247535,10.174940252353965
6532,West Africa,-8.5033745,5.0269095,17.803433771350075
6533,West Africa,-8.237925,5.0283465,17.680027672576134
6534,West Africa,-8.2761935,5.029065,25.423062631588895
6535,West Africa,-8.573421,5.029065,25.4318679068955
6536,West Africa,-8.5200355,5.0305025,25.43008492203555
6537,West Africa,-8.229334000000001,5.034095499999999,50.97969480132407
6538,West Africa,-8.24596,5.0348144999999995,10.174787181060218
6539,West Africa,-8.466718,5.0362515000000005,30.517130014944538
6540,West Africa,-8.4494715,5.037689,30.511864382078308
6541,West Africa,-8.4437,5.0391259999999996,10.171182458352568
6542,West Africa,-8.4271065,5.0398445,17.803089157019212
6543,West Africa,-8.4892185,5.0441565,99.18757871967996
6544,West Africa,-8.433667,5.043438,10.171116727515289
6545,West Africa,-8.335551,5.0463125,10.174611872149761
6546,West Africa,-8.4502945,5.0484685,17.9191450925176
6547,West Africa,-8.3587715,5.057811,142.64819474353263
6548,West Africa,-8.3125315,5.053499,35.60195831382448
6549,West Africa,-8.387561999999999,5.052061500000001,10.174524069224217
6550,West Africa,-8.3068265,5.0549365,10.170954660617928
6551,West Africa,-8.279021499999999,5.081526,383.7800426082347
6552,West Africa,-8.590461000000001,5.062841499999999,17.679126377859518
6553,West Africa,-8.5731805,5.0671535,17.802358762972485
6554,West Africa,-8.3813715,5.074339500000001,170.5116693664148
6555,West Africa,-8.594962500000001,5.077933,25.430011019943176
6556,West Africa,-8.486808499999999,5.0829635,17.80193410170037
6557,West Africa,-8.4695955,5.0887125,101.848744443427
6558,West Africa,-8.579949,5.0865565,20.34799026562625
6559,West Africa,-8.444377,5.0908685,10.173928761616363
6560,West Africa,-8.420601,5.0944614999999995,17.683569589163522
6561,West Africa,-8.40988,5.1009294999999995,43.234195870901665
6562,West Africa,-8.417095,5.1009294999999995,10.173773681661434
6563,West Africa,-8.256265500000001,5.109553,40.572883368946044
6564,West Africa,-8.233639,5.144766499999999,200.6678614489537
6565,West Africa,-8.236293499999999,5.126082,25.31705087257143
6566,West Africa,-8.227277,5.154109,50.63030919788489
6567,West Africa,-8.2899295,5.198665,25.42885516485859
6568,West Africa,-8.2697395,5.3107735,10.17399358266916
6569,West Africa,-8.5051935,5.373295499999999,89.0063521868142
6570,West Africa,-8.2692245,5.3783255,10.17290126270927
6571,West Africa,-8.335966500000001,5.404197,10.168941017956397
6572,West Africa,-8.317332,5.410664499999999,104.38283154396771
6573,West Africa,-8.273978,5.5644545,276.7282777781768
6574,West Africa,-8.256748,5.5716405,25.311572226654388
6575,West Africa,-8.261835999999999,5.5723595,10.173209697362978
6576,West Africa,-8.2564565,5.6018235,66.11209688141831
6577,West Africa,-8.263677999999999,5.605417,10.169112270573352
6578,West Africa,-8.2695875,5.6118845,96.74987936296175
6579,West Africa,-8.281863000000001,5.6118845,17.79929269526657
6580,West Africa,-8.289873,5.6169155,10.172455329895385
6581,West Africa,-8.49043,5.7513015,32.82148899641389
6582,West Africa,-8.4504905,5.784359,346.23045006840175
6583,West Africa,-8.3216285,5.815261,10.169007323864275
6584,West Africa,-8.368951500000001,5.838976,17.91921283715965
6585,West Africa,-8.275546,6.2953145,152.4736975354631
6586,West Africa,-8.2891835,6.290284,48.20257298158413
6587,West Africa,-8.257405,6.2917214999999995,25.54663992820438
6588,West Africa,-8.290006,6.2967515,58.49404981399855
6589,West Africa,-8.264768,6.300345,33.05990095372687
6590,West Africa,-8.291585999999999,6.3039380000000005,10.17059834683339
6591,West Africa,-8.28876,6.3096875,10.17402732472019
6592,West Africa,-8.4258795,6.5993005,17.80075073176953
6593,West Africa,-8.412892,6.600737499999999,48.44102917712437
6594,West Africa,-8.2711635,6.6036125000000006,17.918369377991883
6595,West Africa,-8.3547295,6.625890500000001,10.171348031735965
6596,West Africa,-8.384073,6.6517615,10.174343285856457
6597,West Africa,-8.23694,6.6761955,30.518010528173285
6598,West Africa,-8.234178499999999,6.6841005,89.01344014686445
6599,West Africa,-8.587921999999999,7.347408,10.170090890717253
6600,West Africa,-8.531658,7.5859974999999995,10.17524218610719
6601,West Africa,-8.406458,7.6305534999999995,10.174213094731021
6602,West Africa,-8.403693,7.639177500000001,10.174013215700223
6603,West Africa,-8.5506735,8.388722,17.684143092555683
6604,West Africa,-8.494653,8.6452775,10.177150938893636
6605,West Africa,-8.5208565,8.9011145,10.173820852219208
6606,West Africa,-8.358803,10.462008,10.24741205763987
6607,West Africa,-8.57727524999964,10.486441500000002,10.25011912220892
6608,West Africa,-8.541462241573427,10.51231375255611,28.126265702293818
6609,West Africa,-8.556983999482462,10.520217999999526,38.59364007853812
6610,West Africa,-8.592277998034863,10.525968047518912,31.0453213572432
6611,West Africa,-8.5895635,10.5345905,17.91640432462446
6612,West Africa,-8.584865249654458,10.549682,99.50313842940301
6613,West Africa,-8.5792955,10.559743000000001,10.247732635492753
6614,West Africa,-8.4857865,10.588489,20.462682131875873
6615,West Africa,-8.537798,10.5913635,10.246715001682007
6616,West Africa,-8.5556225,10.599987,10.24642307939871
6617,West Africa,-8.5513745,10.607174,10.24618869206959
6618,West Africa,-8.5479965,10.616516,18.16378074355908
6619,West Africa,-8.469898757880266,10.62226543890236,58.885181800149894
6620,West Africa,-8.557710249654457,10.622983999999999,10.247426345171483
6621,West Africa,-8.5578145,10.628014499999999,15.462084704628362
6622,West Africa,-8.469513,10.635201,55.90484223806994
6623,West Africa,-8.365223,10.643106,10.248541259149803
6624,West Africa,-8.524630249654457,10.644542999999999,10.246721142901032
6625,West Africa,-8.474941,10.645261999999999,15.462901858692483
6626,West Africa,-8.470725999999999,10.6531665,10.244695917482218
6627,West Africa,-8.457700987696374,10.656048621339107,46.181091482505636
6628,West Africa,-8.4642385,10.6804755,10.247302173918714
6629,West Africa,-8.456710000000001,10.69916,281.04367889087433
6630,West Africa,-8.5272705,10.6876615,10.247065975686033
6631,West Africa,-8.524553000000001,10.6919735,10.24691811661424
6632,West Africa,-8.524656874568072,10.697004,15.460776716430345
6633,West Africa,-8.5277555,10.703472,10.246539689922894
6634,West Africa,-8.574702,10.707784,25.58052417106528
6635,West Africa,-8.529841999999999,10.723594,10.245871645217036
6636,West Africa,-8.484176015121143,10.740114247882437,33.45515455320425
6637,West Africa,-8.461776,10.7509025,10.248481844424626
6638,West Africa,-8.482600759502418,10.7616815,40.82891091588516
6639,West Africa,-8.514927,10.7681495,25.581262770412867
6640,West Africa,-8.490124000000002,10.769587,10.247857098284328
6641,West Africa,-8.5193855,10.769587,10.24785225986835
6642,West Africa,-8.487406238011497,10.776056938945583,25.706805897903482
6643,West Africa,-8.483954500105485,10.784678438945583,23.128567238402084
6644,West Africa,-8.492036361737172,10.786124251694075,33.31189610655693
6645,West Africa,-8.550596500000001,10.7868345,10.24728503910422
6646,West Africa,-8.530843625431928,10.787552999999999,25.30737881754346
6647,West Africa,-8.492381374568073,10.797614,41.004292609319805
6648,West Africa,-8.532338249654458,10.814143,20.490980367683118
6649,West Africa,-8.513524367475902,10.820610561052781,79.27554873455668
6650,West Africa,-8.567805,10.825641000000001,10.249490264966855
6651,West Africa,-8.522511249568073,10.8285155,10.247652092290126
6652,West Africa,-8.548571498704215,10.8428885,46.226619672386164
6653,West Africa,-8.54515699302166,10.85223104882892,28.12736737941538
6654,West Africa,-8.4692625,10.8601365,10.248349817548561
6655,West Africa,-8.520692750431929,10.8687595,10.246308418042199
6656,West Africa,-8.555155126208863,10.869478500343464,17.670097829066254
6657,West Africa,-8.560347249654457,10.870197000000001,10.246254888420554
6658,West Africa,-8.5926855,10.8773835,30.794052850791356
6659,West Africa,-8.521073609025418,10.880987551209325,43.307016556899555
6660,West Africa,-8.563518,10.8809765,15.462554530265697
6661,West Africa,-8.2796135,10.8816955,10.247657439304296
6662,West Africa,-8.543132,10.886007,10.247473088234026
6663,West Africa,-8.519852499999999,10.8888815,10.247387642958303
6664,West Africa,-8.521524250431927,10.8975055,10.248845301047766
6665,West Africa,-8.538912,10.915471499999999,18.16026693880024
6666,West Africa,-8.2814565,10.920501999999999,23.130384503542423
6667,West Africa,-8.577981,10.926251,10.246122133008322
6668,West Africa,-8.592654,10.926969499999998,15.461992085002956
6669,West Africa,-8.467143750431926,10.9406245,10.247401928338931
6670,West Africa,-8.538628889826963,10.957142186837741,58.885113566389144
6671,West Africa,-8.543413499739296,11.221613688619206,23.130487164608688
6672,West Africa,-8.508979000431331,11.2208945,10.244806086177421
6673,West Africa,-8.5172115,11.226644,23.13219180339305
6674,West Africa,-8.518116255822834,11.234550629743811,28.096816129283944
6675,West Africa,-8.564520498706006,11.2410165,53.73813945839863
6676,West Africa,-8.543306750345543,11.241017,10.247622677570709
6677,West Africa,-8.519928245575377,11.244617560971097,48.7623659154394
6678,West Africa,-8.5126025,11.2438915,10.249279399219175
6679,West Africa,-8.54651575043193,11.2496405,10.24732935586227
6680,West Africa,-8.503423497836707,11.256109752114703,28.163164120565803
6681,West Africa,-8.5225095,11.2582645,53.7939176689905
6682,West Africa,-8.522435751515035,11.278385247886769,786.1595868539716
6683,West Africa,-8.5008385,11.267607,33.247268443128426
6684,West Africa,-8.552865,11.2683255,10.248425907542588
6685,West Africa,-8.566403750345543,11.279824,10.24627644114413
6686,West Africa,-8.563612,11.285573,10.247821779908246
6687,West Africa,-8.568881000000001,11.287729,17.916247092489144
6688,West Africa,-8.505333499999999,11.295633500000001,10.247482659182847
6689,West Africa,-8.410933999847305,11.299227073649389,23.128215753348194
6690,West Africa,-8.577291250345542,11.299946,10.249071577431558
6691,West Africa,-8.570765499999997,11.302101500001179,28.344016327385265
6692,West Africa,-8.465967,11.301383000000001,10.247295786981232
6693,West Africa,-8.531191125431928,11.302102,17.914933569162535
6694,West Africa,-8.555375499568669,11.3028205,10.245459013050894
6695,West Africa,-8.414701125042669,11.303539,15.463240757028439
6696,West Africa,-8.564937998704215,11.304257499999999,20.460596743842775
6697,West Africa,-8.4703985,11.303539,15.46163878104895
6698,West Africa,-8.425063999999999,11.307132,10.247095547678652
6699,West Africa,-8.494894013064584,11.313592438218114,74.15557273822007
6700,West Africa,-8.420735249481687,11.310006999999999,10.248739184906738
6701,West Africa,-8.367968500603446,11.3100065,10.245236476467067
6702,West Africa,-8.512413999609755,11.312162725872641,17.670348227048635
6703,West Africa,-8.56912600691085,11.3222135,153.41910135596936
6704,West Africa,-8.465052731513477,11.322952,114.81293371803069
6705,West Africa,-8.436675499136147,11.327972999998234,107.58304726225194
6706,West Africa,-8.561726250431928,11.3186305,10.248425830135739
6707,West Africa,-8.4884365,11.3186305,10.246681467049335
6708,West Africa,-8.560469749654457,11.325817,25.5846189851856
6709,West Africa,-8.429346000516194,11.327972751022305,17.915241137235505
6710,West Africa,-8.556281250000598,11.3330035,10.246150933980639
6711,West Africa,-8.469130999609597,11.335159225965391,17.675068605421416
6712,West Africa,-8.567554126210457,11.342345499319048,43.49737504041139
6713,West Africa,-8.555233250345543,11.347376,25.580967431340202
6714,West Africa,-8.55135762543193,11.363904999999999,145.52408783043794
6715,West Africa,-8.568705999999999,11.356,10.248864392870187
6716,West Africa,-8.487413,11.359593,17.916768120748394
6717,West Africa,-8.57317374956807,11.3588745,10.247019648808008
6718,West Africa,-8.576245499999999,11.361749,10.248658297958276
6719,West Africa,-8.568287498704215,11.3674985,71.80961692991904
6720,West Africa,-8.459903373230059,11.371091249492814,17.9143493720116
6721,West Africa,-8.549190760368615,11.390493498645052,28.125751690401316
6722,West Africa,-8.5334115,11.401274,25.709820414509533
6723,West Africa,-8.5687055,11.4048675,10.247150388582188
6724,West Africa,-8.532188750431928,11.4091795,10.248748658387445
6725,West Africa,-8.510263999568668,11.4120545,10.245130357137677
6726,West Africa,-8.558091000000001,11.442237,10.249323215751781
6727,West Africa,-7.7279385000000005,4.385161,10.169918963677949
6728,West Africa,-7.383159,4.5001435,10.175441893036492
6729,West Africa,-7.522527999999999,4.5252965,17.8037683961595
6730,West Africa,-7.5146584999999995,4.5288895,89.00944128709858
6731,West Africa,-7.5191045,4.541825,20.33913936319913
6732,West Africa,-7.50763,4.546137,10.171273873615634
6733,West Africa,-7.5011415,4.5482925000000005,17.797925077579983
6734,West Africa,-8.208103000000001,4.651059,10.169815685541904
6735,West Africa,-7.9220795,4.6690249999999995,32.94529064946295
6736,West Africa,-7.91418,4.671181,10.16953223635295
6737,West Africa,-8.017289,4.6733365,35.60034494729099
6738,West Africa,-8.010864000000002,4.6783675,10.172969133525102
6739,West Africa,-8.0065375,4.6798044999999995,10.176476180796675
6740,West Africa,-7.9222065,4.6805235,17.688915257382135
6741,West Africa,-8.071560999999999,4.6898655,10.172806310633533
6742,West Africa,-7.796303,4.7056755,10.172581778678952
6743,West Africa,-7.790722,4.7257975000000005,10.172294916424807
6744,West Africa,-7.6782924999999995,4.7286725,10.175780962141411
6745,West Africa,-6.930011,4.7502315,10.171944936616715
6746,West Africa,-7.788204500000001,4.8795874999999995,10.17358847070295
6747,West Africa,-7.7399735,4.8903669999999995,56.056119319023026
6748,West Africa,-7.7640554999999996,4.9126449999999995,45.77011894860678
6749,West Africa,-8.0499475,4.9356415,10.172756608190628
6750,West Africa,-8.0500765,4.9442655,10.172627785347172
6751,West Africa,-8.224902499999999,4.970136500000001,25.432346772949753
6752,West Africa,-8.217034,4.9722925,17.801353129213567
6753,West Africa,-8.228448,5.017567,10.171510255745714
6754,West Africa,-8.1019985,5.061404,813.6507028511893
6755,West Africa,-8.2186115,5.0420005,10.17115213421712
6756,West Africa,-7.823327,5.0448755,10.174633803818159
6757,West Africa,-8.2144805,5.056373499999999,32.941023802365216
6758,West Africa,-8.196641,5.0700275,94.09156355002128
6759,West Africa,-8.184442,5.07937,10.170566806641734
6760,West Africa,-8.177980999999999,5.0800885000000005,28.087114817279357
6761,West Africa,-8.227796,5.085119499999999,10.174017239666979
6762,West Africa,-8.1650925,5.0872755000000005,25.313330561473585
6763,West Africa,-7.906142,5.089431,10.17041212950199
6764,West Africa,-8.017316,5.0966175,10.173840184604508
6765,West Africa,-8.147251,5.101648,27.971648853332496
6766,West Africa,-7.906268,5.103804,10.170190628372813
6767,West Africa,-8.06795,5.107397499999999,78.83446883924255
6768,West Africa,-8.0975325,5.107397499999999,17.80127519981715
6769,West Africa,-8.0845455,5.1088345,17.797697676631987
6770,West Africa,-8.050634,5.1109905,25.43226596508119
6771,West Africa,-8.223929,5.118177,20.343520115595975
6772,West Africa,-8.022656000000001,5.1203325,40.79786995049143
6773,West Africa,-8.009700500000001,5.12177,17.802655432447132
6774,West Africa,-7.918066,5.1210515,10.173462606673972
6775,West Africa,-8.029246,5.126082,33.05903513107685
6776,West Africa,-8.0472845,5.1275195,17.800730209691167
6777,West Africa,-8.211073,5.128238,10.169812653462667
6778,West Africa,-8.037905,5.1311125,10.173306610041038
6779,West Africa,-8.1959865,5.136143000000001,76.41028745530981
6780,West Africa,-7.939118,5.1332685,43.235546015479564
6781,West Africa,-7.947055,5.1325495,10.173284303948774
6782,West Africa,-8.095822,5.144048,121.95389137475989
6783,West Africa,-7.954334,5.139736,10.169634165472443
6784,West Africa,-8.109597,5.1490785,183.09925513288482
6785,West Africa,-8.173028500000001,5.144048,25.430994743248377
6786,West Africa,-8.0308825,5.144048,10.173090880891396
6787,West Africa,-8.1276355,5.147641500000001,35.60565783352913
6788,West Africa,-7.948689,5.14836,10.169500028130683
6789,West Africa,-7.955905,5.1497969999999995,10.169477653179971
6790,West Africa,-8.170929,5.1512345,10.172993699273647
6791,West Africa,-7.9321255,5.151953,17.916434004200443
6792,West Africa,-7.966006500000001,5.1512345,10.1765186452225
6793,West Africa,-8.024517,5.1533905,17.803550073471374
6794,West Africa,-8.0685325,5.1526715,10.176496245469778
6795,West Africa,-8.0764695,5.1533905,17.800026369692066
6796,West Africa,-8.057806,5.1605764999999995,17.685310964686757
6797,West Africa,-7.9372715,5.159858,10.172844511868668
6798,West Africa,-8.174012,5.162732500000001,10.172814349252759
6799,West Africa,-7.9107005,5.1692005000000005,17.796056158905063
6800,West Africa,-8.151248500000001,5.188604,10.172394624848964
6801,West Africa,-8.1556435,5.1929155,10.175866367474226
6802,West Africa,-7.401432,5.2460955,10.171502089577892
6803,West Africa,-8.0851675,5.322271499999999,10.173808632680283
6804,West Africa,-7.330617500000001,5.3610785,10.173181459354547
6805,West Africa,-8.215612,5.36539,10.173095564731067
6806,West Africa,-8.1000505,5.412102,541.6682361112814
6807,West Africa,-8.2072135,5.3826374999999995,10.172831070805815
6808,West Africa,-8.116263,5.384075,10.172791725647276
6809,West Africa,-7.21028,5.4386915,10.175436839201955
6810,West Africa,-8.069832,5.5824205,10.173039879703635
6811,West Africa,-7.313281,5.5967935,10.172796754661062
6812,West Africa,-7.9511375,5.610447499999999,17.79931824684368
6813,West Africa,-7.9418775,5.621227,53.293031091071015
6814,West Africa,-7.951923,5.61979,10.168868229724705
6815,West Africa,-7.590927000000001,5.6226645,10.172357558277264
6816,West Africa,-6.9222995,5.6241015,10.175855380249708
6817,West Africa,-7.9385215,5.6406305,709.4167469637237
6818,West Africa,-7.947718,5.6269765,10.172284159824313
6819,West Africa,-7.9347835,5.632725499999999,43.010870427873385
6820,West Africa,-7.9622885,5.6356,10.172120052032586
6821,West Africa,-7.9695095,5.6370375,10.17563488409387
6822,West Africa,-7.9890715,5.641349,33.06178743806087
6823,West Africa,-6.9296875,5.6427865,10.175536728374809
6824,West Africa,-7.999309500000001,5.649973,89.34839646151869
6825,West Africa,-7.9682575,5.649973,10.171874617150117
6826,West Africa,-6.894496,5.657878,58.296575567401156
6827,West Africa,-6.924799,5.655003499999999,17.798006506248786
6828,West Africa,-7.8947875,5.6621895,73.63642443537177
6829,West Africa,-6.9119115,5.6621895,25.52603585599524
6830,West Africa,-7.6189175,5.6621895,45.66511023344841
6831,West Africa,-7.8861215,5.6629085,10.175192393898978
6832,West Africa,-7.6103125,5.6686575,30.518220187060784
6833,West Africa,-6.904078,5.671532,10.167984532944535
6834,West Africa,-7.8804704999999995,5.6744065,10.174995085446252
6835,West Africa,-8.2206855,5.678,48.32205250856976
6836,West Africa,-7.611879500000001,5.677281499999999,10.174945687534487
6837,West Africa,-6.9013,5.6830305,10.171324906829382
6838,West Africa,-7.611249,5.683749,17.694978424523647
6839,West Africa,-7.6047795,5.6844675,10.174822111040069
6840,West Africa,-8.2158275,5.6902170000000005,25.424427234679463
6841,West Africa,-7.864834999999999,5.6930914999999995,10.171151729225297
6842,West Africa,-6.8877714999999995,5.698122,32.966988094093544
6843,West Africa,-7.8591835,5.6995594999999994,38.14216070628289
6844,West Africa,-6.9029655000000005,5.701715,20.34203853915009
6845,West Africa,-6.8986325,5.7031525,10.174500052738775
6846,West Africa,-6.886438,5.7067455,17.704916737486588
6847,West Africa,-6.895132,5.7096205,33.05788488533188
6848,West Africa,-8.1829345,5.7153694999999995,223.79717140825335
6849,West Africa,-6.883632,5.7153694999999995,152.58931266953732
6850,West Africa,-7.9128185,5.714650499999999,10.17430134740794
6851,West Africa,-8.159953999999999,5.7261489999999995,38.149381046206194
6852,West Africa,-8.170196,5.7333355,25.433187044924907
6853,West Africa,-8.1796515,5.739084500000001,33.058069773747285
6854,West Africa,-6.873741,5.732616500000001,155.3292553602039
6855,West Africa,-6.876184,5.7570505,643.033190018654
6856,West Africa,-6.884212,5.761362500000001,17.699728456290597
6857,West Africa,-6.8828505,5.7699865,33.06157145837026
6858,West Africa,-6.8815155,5.7786100000000005,40.69097141915614
6859,West Africa,-6.8772925,5.787952499999999,109.36189923194053
6860,West Africa,-6.892787,5.9288065,58.49080147365623
6861,West Africa,-7.949294,5.943179499999999,10.173789515351018
6862,West Africa,-6.895898000000001,5.9503655,10.173660122411885
6863,West Africa,-6.900399999999999,5.959708,43.22942866522745
6864,West Africa,-6.885558,5.9884535,264.40111668705015
6865,West Africa,-6.922409999999999,5.987735,10.16944630191933
6866,West Africa,-6.893561500000001,5.9934845,35.60683354253549
6867,West Africa,-6.9145725,5.998514500000001,17.799727184798133
6868,West Africa,-6.9175465,6.002826499999999,58.49010016891614
6869,West Africa,-6.9118205,6.008575499999999,25.52828335772256
6870,West Africa,-6.8859725,6.020074,40.79161581944609
6871,West Africa,-6.892559,6.026542,10.168740713229461
6872,West Africa,-6.8898345,6.0409144999999995,10.17553605719278
6873,West Africa,-6.907234000000001,6.046664,10.168373063949149
6874,West Africa,-6.9023415,6.058880500000001,25.33598524872031
6875,West Africa,-7.955354,6.0639115,35.60589161317116
6876,West Africa,-6.8988945,6.0696604999999995,10.175008855547276
6877,West Africa,-7.8622844999999995,6.074691,32.95050120581908
6878,West Africa,-7.950487,6.076128499999999,43.121805455931835
6879,West Africa,-7.8551525,6.0811585,32.955449594423186
6880,West Africa,-7.942664499999999,6.0854705,38.030299916350714
6881,West Africa,-7.859741,6.0991245,17.80002127142456
6882,West Africa,-7.867,6.100562,33.16892219114094
6883,West Africa,-7.938583,6.1012805,30.51973924574011
6884,West Africa,-7.9032325,6.1077485,462.87289955492
6885,West Africa,-7.9286555,6.1142164999999995,20.34483467294278
6886,West Africa,-7.9027635,6.123559,35.49484585533505
6887,West Africa,-7.9071,6.1257145,10.177492831831378
6888,West Africa,-6.887213,6.1738634999999995,99.18593450741561
6889,West Africa,-6.895887,6.1745825,10.176582276376738
6890,West Africa,-6.8860434999999995,6.197579,25.43156540836278
6891,West Africa,-7.7774920000000005,6.253633,10.171554891658722
6892,West Africa,-7.755991,6.2665685,10.174848731170457
6893,West Africa,-7.131805,6.3010635,10.174192059888314
6894,West Africa,-8.193429,6.7157205,43.125605371239004
6895,West Africa,-8.198461,6.713565,10.169552988657824
6896,West Africa,-8.205960999999999,6.729375,10.169231014448142
6897,West Africa,-8.1587265,6.759558,10.172127927376287
6898,West Africa,-8.1101685,6.797646,55.83860025546639
6899,West Africa,-8.1168455,6.807707,17.689657836430452
6900,West Africa,-8.104639500000001,6.8113005,10.174602818120173
6901,West Africa,-8.0991745,6.8314225,10.17418667326842
6902,West Africa,-8.1057545,6.835015500000001,17.80113833333107
6903,West Africa,-8.12023,6.835734,25.428178544526542
6904,West Africa,-8.0906845,6.8429205,20.344417504966966
6905,West Africa,-8.109569,6.845795,66.12350058343884
6906,West Africa,-8.103054499999999,6.847951,17.804221072361422
6907,West Africa,-8.093775,6.854419,10.17368391460974
6908,West Africa,-8.097491999999999,6.862324,61.16068447913623
6909,West Africa,-8.099826499999999,6.8687915,10.17341059874178
6910,West Africa,-8.138979500000001,6.875978,10.169722339636584
6911,West Africa,-8.059485500000001,6.8802900000000005,10.16963245590656
6912,West Africa,-8.079753499999999,6.8802900000000005,10.169632455585036
6913,West Africa,-8.126837,6.885320500000001,17.685142070217744
6914,West Africa,-8.092848,6.8874765,10.176534963802123
6915,West Africa,-8.0987045,6.8889135,20.349495906450578
6916,West Africa,-8.120485500000001,6.896100000000001,20.34211753426165
6917,West Africa,-8.044705,6.908317,33.173259307358656
6918,West Africa,-7.984361,6.976588,10.171122595843315
6919,West Africa,-7.961513500000001,6.9945545,86.5812557984283
6920,West Africa,-7.948609,7.0046155,35.72173906180038
6921,West Africa,-7.941368000000001,7.0038965,63.585116623590736
6922,West Africa,-7.9299745,7.015395,25.43281611384896
6923,West Africa,-7.9193370000000005,7.029049499999999,17.913429979662723
6924,West Africa,-7.9144275,7.0355170000000005,10.17338270618937
6925,West Africa,-7.901087,7.8274615,10.176606874507547
6926,West Africa,-7.899763999999999,7.831773500000001,10.176504327857247
6927,West Africa,-7.7131555,7.902919499999999,17.696353202596384
6928,West Africa,-7.0787984999999995,7.9309465,10.177636212330118
6929,West Africa,-7.685281,7.961848,48.324458496951266
6930,West Africa,-7.7006429999999995,7.9704715,160.4635599022914
6931,West Africa,-7.709227,7.9654415,10.173297596579722
6932,West Africa,-7.0809345,7.969753,10.173159120215674
6933,West Africa,-7.691272,7.9733465,48.5456740658748
6934,West Africa,-7.7377605,8.050959500000001,17.805737964035316
6935,West Africa,-7.1133045,8.0761125,30.52228503407614
6936,West Africa,-7.1905925,8.0962345,10.173612080696085
6937,West Africa,-7.011874000000001,8.415312,45.783796800267396
6938,West Africa,-7.009836,8.423217,33.16175775602458
6939,West Africa,-7.015063,8.431121999999998,10.172171215915215
6940,West Africa,-7.009307,8.4339965,20.347808110294775
6941,West Africa,-7.0024945,8.459149,27.878787457028114
6942,West Africa,-7.1000890000000005,9.297805499999999,10.173320248324965
6943,West Africa,-7.6203465,9.41207,25.54744204338704
6944,West Africa,-7.6466945,9.4178195,94.33423024488452
6945,West Africa,-7.629847,9.414226,20.34689768026297
6946,West Africa,-7.779334,9.453032499999999,10.175873305214683
6947,West Africa,-7.33235,9.871283,10.17397439762053
6948,West Africa,-7.4856485,10.002075999999999,10.173497460511888
6949,West Africa,-7.4995135,10.0027945,17.80799332253983
6950,West Africa,-7.7776025,10.0358525,32.960431919234395
6951,West Africa,-7.317144,10.1041235,10.17739321101097
6952,West Africa,-7.320183,10.1098725,10.1772159069907
6953,West Africa,-7.6321555,10.1810185,17.808845456551737
6954,West Africa,-7.584758,10.184611499999999,10.17490179403284
6955,West Africa,-7.549772,10.187486,10.171273390416284
6956,West Africa,-7.5814145,10.195391,40.69995841272175
6957,West Africa,-7.6411165,10.2191065,10.17731222468718
6958,West Africa,-7.6784205,10.2212625,17.80491158215641
6959,West Africa,-7.7714125,10.232042,10.173368709413992
6960,West Africa,-7.660413500000001,10.232042,10.173368710453461
6961,West Africa,-7.6806909999999995,10.255757,25.334198178738035
6962,West Africa,-7.3819935,10.2564755,10.176144545740348
6963,West Africa,-7.685198,10.2615065,17.80619332560775
6964,West Africa,-7.728914,10.286659,10.175141358623069
6965,West Africa,-7.637134,10.29672,10.17482533848561
6966,West Africa,-8.011622,10.316842000000001,10.174192380844723
6967,West Africa,-7.7706355,10.318279,10.170665218207217
6968,West Africa,-8.004513,10.3240285,10.177506027570722
6969,West Africa,-7.722198499999999,10.42895,10.174124193870943
6970,West Africa,-6.8482970000000005,5.7204,25.42664503742411
6971,West Africa,-6.821848,5.742677499999999,17.802402845186986
6972,West Africa,-6.825569,5.75202,30.513880999887206
6973,West Africa,-6.819287,5.7714235,17.797987724165196
6974,West Africa,-6.8555125,5.7800475,53.4073042374932
6975,West Africa,-6.847732000000001,5.7915455,297.7441123422928
6976,West Africa,-6.863568000000001,5.7850775,10.176596853457417
6977,West Africa,-6.798613,5.7958575,27.977200441702962
6978,West Africa,-6.834227,5.808793,740.0576704092086
6979,West Africa,-6.8218375,5.8008880000000005,10.169259929151217
6980,West Africa,-6.817558,5.8051995000000005,10.176243748795361
6981,West Africa,-6.8724565,5.806637,25.431704178279286
6982,West Africa,-6.820501999999999,5.810949,10.172603103632069
6983,West Africa,-6.7843845,5.812386500000001,10.172596186587052
6984,West Africa,-6.8155275,5.815979499999999,17.699823377942657
6985,West Africa,-6.7881595,5.8231660000000005,48.320600607826826
6986,West Africa,-6.8597850000000005,5.831789499999999,450.15526506257197
6987,West Africa,-6.7839884999999995,5.8375385,137.42998857701036
6988,West Africa,-6.812829499999999,5.834664500000001,17.804863326618708
6989,West Africa,-6.8236655,5.8339455000000005,10.17221617239436
6990,West Africa,-6.8302765,5.843288,106.90689974498747
6991,West Africa,-6.878677,5.8396945,10.175635581823416
6992,West Africa,-6.815106,5.8396945,10.175635580440613
6993,West Africa,-6.805715,5.843288,17.801085372883158
6994,West Africa,-6.7985454999999995,5.8461625,17.800968207941246
6995,West Africa,-6.879455,5.8461625,17.797448485230234
6996,West Africa,-6.8520585,5.849037,43.2395449092369
6997,West Africa,-6.862172,5.849037,25.429823751726957
6998,West Africa,-6.826052000000001,5.8519115,48.32171273635575
6999,West Africa,-6.8434445,5.8547864999999994,17.804240213448686
7000,West Africa,-6.8730635,5.8540675,10.171860222358525
7001,West Africa,-6.7936525,5.8590979999999995,139.8750778146639
7002,West Africa,-6.8355525,5.8562235000000005,35.597797948511854
7003,West Africa,-6.804489,5.8590979999999995,33.06348793439591
7004,West Africa,-6.85867,5.8598165,10.1752791593107
7005,West Africa,-6.807624000000001,5.87922,17.70839626816428
7006,West Africa,-6.7867005,5.8806575,124.61858699803075
7007,West Africa,-6.818543,5.885688,10.171280029768988
7008,West Africa,-6.7847235,5.8964675,211.2793929201721
7009,West Africa,-6.8800345,5.893593,25.33275202753854
7010,West Africa,-6.8511635,5.895030500000001,17.802987573341387
7011,West Africa,-6.8621110000000005,5.9029355,10.174511269766906
7012,West Africa,-6.875226,5.9144334999999995,25.434007499522345
7013,West Africa,-6.872446,5.923776,50.8637509956473
7014,West Africa,-6.790081000000001,5.9230575000000005,10.174151003535322
7015,West Africa,-6.863886,5.929525,48.320420329047906
7016,West Africa,-6.849436000000001,5.9302435,10.17402204799247
7017,West Africa,-6.8797820000000005,5.931681,10.170457453160648
7018,West Africa,-6.8791695,5.9381485000000005,17.801635947396104
7019,West Africa,-6.8813925000000005,5.943179499999999,20.3510993743988
7020,West Africa,-6.873499499999999,5.9467725,17.797825764283484
7021,West Africa,-6.881448000000001,5.947491,10.170173218118112
7022,West Africa,-6.8533235,5.953959,48.31657714550257
7023,West Africa,-6.784682,5.9561150000000005,25.42859646786743
7024,West Africa,-6.8830585,5.9604265000000005,10.17699893634518
7025,West Africa,-6.784791,5.9633015,10.17342680461561
7026,West Africa,-6.799351,5.9712060000000005,27.87540448310438
7027,West Africa,-6.86121,6.00642,356.3369490946484
7028,West Africa,-6.828309,5.9747995,10.173218995340244
7029,West Africa,-6.807518,5.9884535,17.80356548827562
7030,West Africa,-6.8147715,5.9913285,17.7067080215208
7031,West Africa,-6.819857000000001,5.9920469999999995,10.169368126147114
7032,West Africa,-6.798178999999999,5.9934845,10.172880443800244
7033,West Africa,-6.880720500000001,6.004982500000001,30.521515127884033
7034,West Africa,-6.8490905,6.017918,10.172416556373332
7035,West Africa,-6.85993,6.0186364999999995,17.802606515620788
7036,West Africa,-6.851424,6.030135,114.350594621464
7037,West Africa,-6.877466500000001,6.034447,53.313070375567044
7038,West Africa,-6.8696555,6.046664,10.171891531782602
7039,West Africa,-6.835882,6.0603180000000005,121.97004788893715
7040,West Africa,-6.8546995,6.0617555,43.2391012796004
7041,West Africa,-6.795439,6.062474,25.434323447513584
7042,West Africa,-6.802884,6.08044,249.52663465543228
7043,West Africa,-6.8042205,6.071816500000001,17.804421375475062
7044,West Africa,-6.8371265,6.102718,10.170860573000683
7045,West Africa,-6.829231,6.104874000000001,17.803364499284342
7046,West Africa,-6.8438235,6.1178095,43.424893703799
7047,West Africa,-6.783807,6.117091,25.430011828128855
7048,West Africa,-6.836678,6.1221215,32.96710222043586
7049,West Africa,-6.8482425,6.123559,40.785657718375376
7050,West Africa,-6.790421,6.124995999999999,17.80271240156492
7051,West Africa,-6.8563030000000005,6.132901,10.173819427111837
7052,West Africa,-6.787666,6.135057,17.70733603701334
7053,West Africa,-6.870146500000001,6.139369,86.57140779017382
7054,West Africa,-6.8512985,6.1364944999999995,17.80232903020882
7055,West Africa,-6.785634,6.1443995000000005,53.40993068650123
7056,West Africa,-6.839231,6.1544605,134.69568170818266
7057,West Africa,-6.8529095,6.1479925,17.803713639940774
7058,West Africa,-6.7959715,6.163802499999999,317.9094406999528
7059,West Africa,-6.881154,6.151586,10.173471838039577
7060,West Africa,-6.8797635,6.1558975,10.1734122910351
7061,West Africa,-6.8082864999999995,6.163802499999999,107.01078381207658
7062,West Africa,-6.8675584999999995,6.163802499999999,48.41970992050423
7063,West Africa,-6.877705499999999,6.16524,17.803161870752753
7064,West Africa,-6.838699999999999,6.1666775000000005,33.15965795272186
7065,West Africa,-6.8677515,6.176738500000001,190.7250463009204
7066,West Africa,-6.809201,6.1781755,122.26745187692221
7067,West Africa,-6.770058499999999,6.1695519999999995,707.0962294670246
7068,West Africa,-6.830246000000001,6.1839245,35.69824163653669
7069,West Africa,-6.7991905,6.1889555000000005,86.4725354223514
7070,West Africa,-6.851959,6.185362,17.807780882629302
7071,West Africa,-6.857851999999999,6.1968605,83.92272477864165
7072,West Africa,-6.807333,6.2011725,38.240297022654985
7073,West Africa,-6.821790999999999,6.2011725,17.89870394026216
7074,West Africa,-6.850816,6.209796,175.67627958622737
7075,West Africa,-6.8312705,6.20764,10.168905322481566
7076,West Africa,-6.836358000000001,6.209796,35.70532216061949
7077,West Africa,-6.804551,6.209796,17.902014521200318
7078,West Africa,-6.8197589999999995,6.2105145,20.344705384134677
7079,West Africa,-6.810471,6.221294,63.68364058927219
7080,West Africa,-6.7865605,6.217701,10.168716091015725
7081,West Africa,-6.8343265,6.221294,28.066768103156996
7082,West Africa,-6.801073000000001,6.2205755,10.175718697655423
7083,West Africa,-6.8567365,6.2227315,17.797725369808354
7084,West Africa,-6.814863,6.225606,25.338827638218262
7085,West Africa,-6.856123999999999,6.2291995,10.17555605984592
7086,West Africa,-6.8510635,6.229918,17.80103738716282
7087,West Africa,-6.846003,6.2306365,10.175528939997891
7088,West Africa,-6.828763,6.2363855,10.175420370349853
7089,West Africa,-6.792671,6.2392605,25.4349009555573
7090,West Africa,-6.822284,6.2385415,17.897466580684405
7091,West Africa,-6.7556385,6.2284805,384.7942482087943
7092,West Africa,-6.834600999999999,6.2392605,10.175366039871566
7093,West Africa,-6.8201975,6.245728,101.82458635840405
7094,West Africa,-6.848447,6.2486025000000005,17.803926902172346
7095,West Africa,-6.794226,6.252196,38.15046700849221
7096,West Africa,-6.819584,6.2543515,116.98860668954866
7097,West Africa,-6.836157,6.252196,10.171582104025878
7098,West Africa,-6.7834365000000005,6.2543515,17.800219252336195
7099,West Africa,-6.7979225,6.255789,17.7086701789717
7100,West Africa,-6.806012,6.268006,10.171282371410184
7101,West Africa,-6.771309499999999,6.268724499999999,284.9248112748543
7102,West Africa,-6.801006,6.271599500000001,17.803163797190123
7103,West Africa,-6.789493,6.2773485,17.80297258513181
7104,West Africa,-6.8054255,6.2787855,17.89964141460912
7105,West Africa,-6.7892605,6.312562,25.433153860356335
7106,West Africa,-6.789369499999999,6.32406,20.343943847836467
7107,West Africa,-6.7858905,6.330528,25.52909944656414
7108,West Africa,-6.7928625,6.7911785,10.175017738679578
7109,West Africa,-6.6142585,4.83575,25.34034444491848
7110,West Africa,-6.549809,4.9586380000000005,10.172399097680653
7111,West Africa,-6.5418565,5.6988405,45.774883799628896
7112,West Africa,-6.5263345,5.7347725,10.173952644689386
7113,West Africa,-6.782326,5.8202915,43.132375813191835
7114,West Africa,-6.771708,5.8368199999999995,10.172147028463876
7115,West Africa,-6.7645925,5.846881,10.168449406694593
7116,West Africa,-6.766092,5.851193,10.171892776455753
7117,West Africa,-6.7704805,5.855505,10.168296716482132
7118,West Africa,-6.327766499999999,5.8677215,25.335780307720484
7119,West Africa,-6.3256755,5.8727525,10.171528596230283
7120,West Africa,-6.2830265,5.8705964999999996,51.044335961087626
7121,West Africa,-6.3106055,5.883532,175.56416947031911
7122,West Africa,-6.7620284999999996,5.875627,10.16793958231192
7123,West Africa,-6.324281,5.877064,10.171433558156572
7124,West Africa,-6.286714,5.877064,10.171433557728754
7125,West Africa,-6.771529,5.883532,17.79983541971671
7126,West Africa,-6.754967000000001,5.885688,10.171280029964406
7127,West Africa,-6.765858,5.889281,40.78177082596489
7128,West Africa,-6.2870170000000005,5.9043725,30.51991778630778
7129,West Africa,-6.7733005,5.909403,33.064131537599124
7130,West Africa,-6.777771,5.919464,76.199036678078
7131,West Africa,-6.769373,5.942460499999999,45.87893959210632
7132,West Africa,-6.774512,5.947491,45.76934100792031
7133,West Africa,-6.777457,5.9532405,10.173608312060642
7134,West Africa,-6.7631145,5.9625825,81.47556776075703
7135,West Africa,-6.7704485000000005,5.971206499999999,45.78156422946247
7136,West Africa,-6.730923499999999,5.9884535,17.800046648196474
7137,West Africa,-6.699960000000001,5.9992335,10.172776067476857
7138,West Africa,-6.4067895,6.012169,10.172521259096806
7139,West Africa,-6.7036575,6.0610365,38.14632738548896
7140,West Africa,-6.6920945,6.0610365,20.346814963313427
7141,West Africa,-6.6863665,6.068223,10.171496137795353
7142,West Africa,-6.6748575,6.0710975000000005,10.174982436774275
7143,West Africa,-6.739286,6.08044,17.804153459484766
7144,West Africa,-6.758853,6.0840335,30.51893478573535
7145,West Africa,-6.746594,6.0861895,68.56835840378382
7146,West Africa,-6.7183815,6.0854705,10.174717835144376
7147,West Africa,-6.7704165,6.0854705,10.17471783551743
7148,West Africa,-6.7314445,6.086908,10.171152314507978
7149,West Africa,-6.7654935,6.094813,55.76116836115939
7150,West Africa,-6.5321825,6.10703,10.17078087298912
7151,West Africa,-6.729519,6.109186,25.335313928257825
7152,West Africa,-6.7577335,6.1099045,10.174266585980837
7153,West Africa,-6.7418325,6.1113420000000005,10.17070111532351
7154,West Africa,-6.762124,6.112779,30.515562404462113
7155,West Africa,-6.7050265,6.113497499999999,17.80307549146527
7156,West Africa,-6.746973499999999,6.1178095,40.78616336279329
7157,West Africa,-6.7079715,6.119247,17.804659156204664
7158,West Africa,-6.6949615,6.119247,17.804659157393726
7159,West Africa,-6.682728,6.1257145,33.06192740967144
7160,West Africa,-6.7001285,6.127152,10.170408207309798
7161,West Africa,-6.685995,6.1544605,55.94334783053269
7162,West Africa,-6.7583305,6.1558975,10.173412290872976
7163,West Africa,-6.736700000000001,6.160209500000001,10.176850835972393
7164,West Africa,-6.746150500000001,6.16524,81.47734344978909
7165,West Africa,-6.7324175,6.164521499999999,10.173251393215939
7166,West Africa,-6.676090500000001,6.1681145,119.62805861700713
7167,West Africa,-6.7223515,6.167396,25.431190336136098
7168,West Africa,-6.757102,6.175301,43.13693002710643
7169,West Africa,-6.759542,6.195423,438.0016525561666
7170,West Africa,-6.5967905,6.1846435,10.172875105235184
7171,West Africa,-6.5910075,6.187518,10.16928287857136
7172,West Africa,-6.604742,6.1882365,27.97519005513796
7173,West Africa,-6.5925595,6.1947045,10.172686503381023
7174,West Africa,-6.771884999999999,6.2004535,10.17609730052356
7175,West Africa,-6.4711695,6.2004535,10.172578594622038
7176,West Africa,-6.6208575,6.202609499999999,17.796629065828405
7177,West Africa,-6.586881999999999,6.203328,45.771036617493465
7178,West Africa,-6.732903500000001,6.2062025,30.52090961602273
7179,West Africa,-6.741578499999999,6.2062025,25.432912008380058
7180,West Africa,-6.600696,6.209796,35.70195902394011
7181,West Africa,-6.753199,6.20764,10.172422758555829
7182,West Africa,-6.7150475,6.2220130000000005,205.99401503332845
7183,West Africa,-6.579864499999999,6.219857,86.46567367713872
7184,West Africa,-6.6789024999999995,6.2212945,139.9746124381856
7185,West Africa,-6.6897459999999995,6.22345,50.954084903283096
7186,West Africa,-6.6116725,6.2191385,10.172227193835713
7187,West Africa,-6.6174555,6.2205755,25.433994424845483
7188,West Africa,-6.607335,6.22345,10.172125152740382
7189,West Africa,-6.7707654999999995,6.2248874999999995,10.172118861482687
7190,West Africa,-6.7231075,6.2284805,50.86379709697775
7191,West Africa,-6.6991975,6.225606,17.801179710047453
7192,West Africa,-6.7650365,6.227762,10.168526547120212
7193,West Africa,-6.6891305,6.2306365,25.428247231856968
7194,West Africa,-6.571348,6.233511,10.17193537009937
7195,West Africa,-6.6747525,6.235667,40.59428099349361
7196,West Africa,-6.682009000000001,6.2371045,17.80430743217455
7197,West Africa,-6.7435659999999995,6.245728,163.05528846058618
7198,West Africa,-6.562161,6.2486025000000005,86.4717339328419
7199,West Africa,-6.729053,6.2421345,20.347084157145964
7200,West Africa,-6.602539999999999,6.242853500000001,17.800578019254147
7201,West Africa,-6.7226005,6.245728,25.33260415338132
7202,West Africa,-6.7660315,6.2486025000000005,96.74183264239348
7203,West Africa,-6.750795,6.2450095,10.17525732061198
7204,West Africa,-6.692264,6.2471654999999995,17.898938316838823
7205,West Africa,-6.6069835,6.25004,17.802130502807334
7206,West Africa,-6.776875499999999,6.252196,25.427231649870368
7207,West Africa,-6.570889,6.2543515,27.975294756456314
7208,West Africa,-6.491365,6.2543515,17.80373638818631
7209,West Africa,-6.6938445,6.260101,117.08265050306038
7210,West Africa,-6.6757705000000005,6.2608195,53.40183505949292
7211,West Africa,-6.4979235,6.257944999999999,10.16795609291079
7212,West Africa,-6.544942000000001,6.2615385,17.89494217319105
7213,West Africa,-6.607813,6.2608195,10.174957825699932
7214,West Africa,-6.7820995,6.2629755,17.794635577469624
7215,West Africa,-6.7192555,6.2672875,99.09269384525398
7216,West Africa,-6.55948,6.26585,50.95698281668694
7217,West Africa,-6.735161,6.2651315,25.435434671351228
7218,West Africa,-6.775593000000001,6.263694,10.17136419411768
7219,West Africa,-6.702601,6.264412500000001,17.70844182079634
7220,West Africa,-6.681661500000001,6.2694434999999995,20.346070025648068
7221,West Africa,-6.670147999999999,6.2708805000000005,10.174766841225221
7222,West Africa,-6.669532,6.2802229999999994,213.72922059100495
7223,West Africa,-6.7359919999999995,6.2744735,33.05984568075651
7224,West Africa,-6.73029,6.281660499999999,56.04444481251737
7225,West Africa,-6.717972,6.2809415,10.17457555413914
7226,West Africa,-6.723168,6.290284,25.337467211046892
7227,West Africa,-6.532375,6.2960329999999995,101.9151627925634
7228,West Africa,-6.739878,6.2945955,53.49868859204774
7229,West Africa,-6.682037,6.2953145,30.51936635695952
7230,West Africa,-6.692159,6.2989075,111.98996951432167
7231,West Africa,-6.736317,6.300345,71.21415072074048
7232,West Africa,-6.76963,6.3046565,149.9515888785859
7233,West Africa,-6.723357,6.3032195,17.798571107696596
7234,West Africa,-6.631532999999999,6.3039380000000005,10.170598346035566
7235,West Africa,-6.7544465,6.3053755,35.612890741708796
7236,West Africa,-6.547663,6.3053755,25.433490564214164
7237,West Africa,-6.7624815,6.310406,170.5870331691743
7238,West Africa,-6.63231,6.308968500000001,17.801917755457573
7239,West Africa,-6.6930975,6.313280499999999,17.801751484909634
7240,West Africa,-6.745879,6.313999,10.17040611814218
7241,West Africa,-6.7184574999999995,6.318311,10.173840350040107
7242,West Africa,-6.689536,6.318311,10.170323640709897
7243,West Africa,-6.757555999999999,6.319748499999999,10.173834856818369
7244,West Africa,-6.727911000000001,6.3233415,17.797897857830588
7245,West Africa,-6.696123999999999,6.324778500000001,17.896338370869007
7246,West Africa,-6.687528,6.3290904999999995,17.801243759870687
7247,West Africa,-6.7388650000000005,6.3298095,10.17364208458422
7248,West Africa,-6.7562725,6.335558499999999,20.347097924150038
7249,West Africa,-6.761361,6.336277,40.590266582963906
7250,West Africa,-6.767950000000001,6.344182,10.169827609299269
7251,West Africa,-6.715942999999999,6.3470565,10.173310912365043
7252,West Africa,-6.776013000000001,6.3492125,17.80056762361036
7253,West Africa,-6.4488215,6.4354499999999994,17.80293180509736
7254,West Africa,-6.457655,6.4498225,33.0611552433767
7255,West Africa,-6.4534195,6.455572,17.80400204857387
7256,West Africa,-6.4284685,6.487911,10.170550624335117
7257,West Africa,-6.3753554999999995,6.518094,10.169956061833032
7258,West Africa,-6.7528225,6.825673,35.597685204965146
7259,West Africa,-6.7637335,6.829266499999999,17.80488556560885
7260,West Africa,-6.7696325,6.835734,25.43169169105069
7261,West Africa,-6.7552924999999995,6.845076499999999,17.893869897082517
7262,West Africa,-6.7629660000000005,6.8766964999999995,17.704801170910383
7263,West Africa,-6.7326455,6.8817275,25.431070934022088
7264,West Africa,-6.716374500000001,6.9090355,10.172570097214537
7265,West Africa,-6.7353045,6.9190965,10.172359207712917
7266,West Africa,-6.691307,6.929876500000001,17.804727044251123
7267,West Africa,-6.315942,7.1691845,10.17755461854452
7268,West Africa,-6.5962505,7.971909,27.97869895554958
7269,West Africa,-6.5875425,7.9740649999999995,30.51923243532879
7270,West Africa,-6.604393,7.9819700000000005,25.528533605214196
7271,West Africa,-6.7596705,8.024370000000001,10.17183259569924
7272,West Africa,-6.7135475,8.044492,10.171341606549662
7273,West Africa,-6.720134,8.0480855,43.23928761006701
7274,West Africa,-6.5514875,8.211936,17.807555592179114
7275,West Africa,-6.688693,8.71283,10.17182815837572
7276,West Africa,-6.689582,8.7207355,17.803871766741107
7277,West Africa,-6.5502965,9.0218465,10.177521516317162
7278,West Africa,-6.2836275,9.490402,25.4316549101167
7279,West Africa,-6.465852,9.6485035,10.177166128984167
7280,West Africa,-6.3305229999999995,9.6643135,10.176700752421207
7281,West Africa,-6.330306500000001,9.6894665,66.23262065629429
7282,West Africa,-6.339157999999999,9.6952155,17.801436702225644
7283,West Africa,-6.3421765,9.7009645,25.350121360687854
7284,West Africa,-6.349493,9.702402,17.89713431337925
7285,West Africa,-6.361184,9.7038395,17.804529983526283
7286,West Africa,-6.331127,9.732585,17.804809539095995
7287,West Africa,-6.349458500000001,9.7376155,25.439771118436205
7288,West Africa,-6.3569045,9.746239,10.174226141116842
7289,West Africa,-6.3531984999999995,9.7821715,10.17669645076013
7290,West Africa,-6.3606455,9.7893575,10.176482042265974
7291,West Africa,-6.3344435,9.7922325,10.176396216309842
7292,West Africa,-6.2991435,9.8145105,17.89641278070246
7293,West Africa,-6.34074,9.815228999999999,10.175656638650308
7294,West Africa,-6.3503755,9.824571500000001,43.24022563735314
7295,West Africa,-6.4033005,9.8842185,10.173637004404398
7296,West Africa,-6.2969,9.8885305,10.176994693603588
7297,West Africa,-6.310593,9.918713499999999,81.48695784588894
7298,West Africa,-6.3006345,9.9302115,38.24866110677096
7299,West Africa,-6.3093385,9.9287745,10.179265786326319
7300,West Africa,-6.2972165,9.943866,17.72220569194719
7301,West Africa,-6.291812999999999,9.9654255,83.94328425096532
7302,West Africa,-6.306699500000001,10.018605,50.875585515413455
7303,West Africa,-6.309068,10.0272285,17.89729840642248
7304,West Africa,-6.299004,10.0358525,83.86128444467433
7305,West Africa,-6.3130495,10.045194500000001,10.17571882653253
7306,West Africa,-6.535178500000001,10.200421500000001,10.177894496200803
7307,West Africa,-6.546995,10.2794725,10.178907389119436
7308,West Africa,-6.6403625,10.4117025,10.178213090710843
7309,West Africa,-6.645394,10.443323,25.437733522981556
7310,West Africa,-6.2774540000000005,10.671133,162.89957338179536
7311,West Africa,-6.303832,10.674726,68.68215904546976
7312,West Africa,-6.291333,10.7063465,20.354665228119977
7313,West Africa,-6.263078,5.1454854999999995,10.173083225168954
7314,West Africa,-6.275778,5.672969500000001,10.171497779974269
7315,West Africa,-5.617144,5.82101,10.172425981432221
7316,West Africa,-5.6302825,5.8339455000000005,10.172216173200106
7317,West Africa,-6.255077,5.889281,228.52396857424012
7318,West Africa,-6.275928,5.883532,17.80159515899871
7319,West Africa,-5.687176,5.887125,10.171254425488469
7320,West Africa,-6.274609,5.893593,17.8946097573719
7321,West Africa,-5.570361999999999,5.9086845,10.174408464573673
7322,West Africa,-5.673837000000001,5.9252135,17.88122513825687
7323,West Africa,-6.232809,5.966176,10.169836323977982
7324,West Africa,-6.0140715,6.180331499999999,10.172955843764171
7325,West Africa,-5.392027,6.209796,25.357035095127696
7326,West Africa,-5.359604,6.2220130000000005,10.172152233590285
7327,West Africa,-5.374591499999999,6.3434635,27.97056313661604
7328,West Africa,-5.34584,6.3578364999999994,33.13558883302454
7329,West Africa,-5.352347999999999,6.359992500000001,10.173061930025042
7330,West Africa,-5.335738,6.3621485,17.72804527121243
7331,West Africa,-5.343799499999999,6.3736464999999995,127.23578767404673
7332,West Africa,-5.360539,6.382270500000001,17.880327961747607
7333,West Africa,-5.3598805,6.3901755,10.175996479325518
7334,West Africa,-5.3713425,6.512344499999999,10.173608177448576
7335,West Africa,-5.4525505,6.596426,17.806160230305032
7336,West Africa,-5.864012499999999,6.7035035,10.17681134281477
7337,West Africa,-5.4858895,6.8594495,84.00776015687187
7338,West Africa,-5.496791,6.86448,20.33992348892285
7339,West Africa,-5.5091405,6.866635499999999,17.80177137364905
7340,West Africa,-5.520944,6.8867575,119.6892866233493
7341,West Africa,-5.6273525,6.888195,119.44669080279137
7342,West Africa,-5.602786,6.890351,10.172935266751196
7343,West Africa,-5.597764,6.892507,25.433984724587003
7344,West Africa,-5.5261,6.892507,27.97538490687816
7345,West Africa,-5.6310625000000005,6.8953815,17.797183673173382
7346,West Africa,-5.5898465,6.8975375,10.172810733429634
7347,West Africa,-5.525487,6.9025680000000005,45.70161561899994
7348,West Africa,-5.6304295,6.9025680000000005,38.149447262047836
7349,West Africa,-5.5500995,6.9025680000000005,17.728409062865836
7350,West Africa,-5.62034,6.904724,10.172634711384461
7351,West Africa,-5.6362655,6.906161,10.169091988938252
7352,West Africa,-5.654431,6.911191499999999,45.70441398899974
7353,West Africa,-5.582063,6.912629,119.46169905865457
7354,West Africa,-5.6459035,6.9241275,335.71294435175855
7355,West Africa,-5.6342300000000005,6.9155035,17.801715558111777
7356,West Africa,-5.5097830000000005,6.92269,305.03756658644437
7357,West Africa,-5.5967215,6.9291575000000005,183.02777330450365
7358,West Africa,-5.6047294999999995,6.932751,124.61848295907267
7359,West Africa,-5.6432345,6.9442495,495.2989185176084
7360,West Africa,-5.495437,6.934188499999999,25.356269516423378
7361,West Africa,-5.499123,6.942812,35.6050575447066
7362,West Africa,-5.507109,6.942812,60.95881472818346
7363,West Africa,-5.5839375,6.948561,17.884891106939616
7364,West Africa,-5.504324,6.952154500000001,25.434404931981913
7365,West Africa,-5.507308,6.958622,254.18113816236774
7366,West Africa,-5.670112,6.9535915,10.175147352477218
7367,West Africa,-5.657172,6.9579035000000005,20.346512992239848
7368,West Africa,-5.6631915,6.978744,264.106537424813
7369,West Africa,-5.502549999999999,6.9830559999999995,76.29838778763168
7370,West Africa,-5.6604775,6.9923985,40.69730945193235
7371,West Africa,-5.5194025,7.003178,71.37313585609888
7372,West Africa,-5.499831,6.9995845,10.174174268281414
7373,West Africa,-5.653328,7.0024595000000005,10.174113227761923
7374,West Africa,-5.5310760000000005,7.0089275,17.724542002548223
7375,West Africa,-5.507293,7.018269500000001,10.173777118782173
7376,West Africa,-5.530552,7.025456,20.347248174175526
7377,West Africa,-5.565398,7.033361,38.066983407547816
7378,West Africa,-5.505475000000001,7.047734,33.06013561778607
7379,West Africa,-5.5265195,7.0491715,38.14815109171281
7380,West Africa,-5.5542055,7.126784499999999,17.80265144440847
7381,West Africa,-5.774115500000001,7.1634355,10.174167667291627
7382,West Africa,-5.5980170000000005,7.215177499999999,10.176550888869313
7383,West Africa,-5.7155045,7.2252385,10.172818969400902
7384,West Africa,-5.706179,7.233143500000001,17.802108773248335
7385,West Africa,-5.62346,7.2798555,10.175128571320753
7386,West Africa,-5.668835,7.3143505,30.51955557872047
7387,West Africa,-5.661681,7.3236930000000005,94.09754653676622
7388,West Africa,-6.1280735,7.7167905,10.175711931240025
7389,West Africa,-6.1281715000000005,7.725414499999999,10.175509737490987
7390,West Africa,-6.112610500000001,7.752723,10.171328906253132
7391,West Africa,-5.3408105,8.29458,10.17214038918014
7392,West Africa,-5.3364965,8.2988915,10.175571023806446
7393,West Africa,-5.3250915,8.313983499999999,172.88873185251188
7394,West Africa,-5.2996295,8.3678815,851.7191310220965
7395,West Africa,-5.3329995,8.360695,10.170467421630848
7396,West Africa,-5.3366965,8.3686,25.360857818521076
7397,West Africa,-5.347167499999999,8.388722,94.48434373131597
7398,West Africa,-5.337875,8.402376499999999,10.176446217461358
7399,West Africa,-5.347383499999999,8.405969500000001,32.98288406857389
7400,West Africa,-5.323518,8.4138745,10.17615227242212
7401,West Africa,-5.336083500000001,8.427528500000001,201.0052736267319
7402,West Africa,-5.312943000000001,8.4375895,56.02499279749928
7403,West Africa,-5.314589,8.450525500000001,147.604984100632
7404,West Africa,-5.3227955,8.4641795,137.35872602268256
7405,West Africa,-5.3149750000000004,8.479271,56.03285566380309
7406,West Africa,-5.5575975,8.6733045,17.88477772142469
7407,West Africa,-5.70443,8.7200165,10.175176865745714
7408,West Africa,-6.072552,9.16845,10.173417319961667
7409,West Africa,-5.4806295,9.303555,10.173111250182853
7410,West Africa,-6.2249265000000005,9.3078665,10.176528746304617
7411,West Africa,-5.5443335000000005,9.373982000000002,10.171108673104017
7412,West Africa,-5.547741,9.402727500000001,10.177318271892027
7413,West Africa,-6.2002895,9.436504,109.46828312301108
7414,West Africa,-5.322487000000001,9.438659999999999,10.172747347650267
7415,West Africa,-5.3898585,9.4616565,10.179116797984323
7416,West Africa,-6.2317445,9.482497,45.60762948916007
7417,West Africa,-6.229006500000001,9.492558,25.527546038667047
7418,West Africa,-5.4978745,9.563703499999999,10.17615839371869
7419,West Africa,-5.5402775,9.570889999999999,10.172409406161359
7420,West Africa,-5.4166025,9.5867005,10.175487346451623
7421,West Africa,-6.086809000000001,9.6104155,17.716825148801124
7422,West Africa,-6.274661999999999,9.6384425,10.17746188919645
7423,West Africa,-5.8087575000000005,9.8425375,10.174890441216622
7424,West Africa,-5.7440755,9.853317,17.810710860313808
7425,West Africa,-5.84768,9.897154,10.173194776757589
7426,West Africa,-5.741778,9.9302115,10.175735027008926
7427,West Africa,-5.7622995,9.935960999999999,10.175507485464308
7428,West Africa,-6.271281,9.959676,33.07087257694095
7429,West Africa,-6.253394999999999,9.979079500000001,10.174251460997816
7430,West Africa,-6.188553499999999,9.9855475,56.05671464629788
7431,West Africa,-6.0584295,10.0107,10.173234298286514
7432,West Africa,-5.4763065,10.023635500000001,10.176378757753493
7433,West Africa,-5.6574305,10.030822,30.524882722070785
7434,West Africa,-5.4691415,10.030822,10.172619398569493
7435,West Africa,-6.235586,10.040883000000001,10.175796351339509
7436,West Africa,-6.096314,10.0473505,33.156208565744414
7437,West Africa,-6.2590924999999995,10.0495065,10.17558666528728
7438,West Africa,-6.2754034999999995,10.0595675,10.17527807870837
7439,West Africa,-6.256427,10.061005000000002,10.175179401785954
7440,West Africa,-6.271126000000001,10.066754,10.175002911199112
7441,West Africa,-5.926623,10.066754,10.175002911542144
7442,West Africa,-6.2667975,10.068191500000001,10.17501332569121
7443,West Africa,-6.274877,10.0717845,17.80598468901053
7444,West Africa,-6.2332735,10.072503000000001,10.17134178953296
7445,West Africa,-6.2325495,10.1465235,86.66237849995939
7446,West Africa,-5.940179499999999,10.167364,10.17538156657506
7447,West Africa,-6.24716,10.2212625,17.808394526992938
7448,West Africa,-6.260914,10.2528825,33.0674262248306
7449,West Africa,-6.2040005,10.255757,45.874464443438555
7450,West Africa,-6.2617965,10.2607875,10.17600953300628
7451,West Africa,-5.363803,10.2794725,20.350701795680834
7452,West Africa,-6.249006,10.2794725,10.17890738856403
7453,West Africa,-5.3152135000000005,10.298875500000001,35.53867465881595
7454,West Africa,-5.353260000000001,10.3031875,76.31678470647516
7455,West Africa,-6.1999445,10.310374,295.5281460810365
7456,West Africa,-6.2269205,10.3074995,17.805351215270836
7457,West Africa,-6.219037,10.312529999999999,10.174328120804924
7458,West Africa,-6.186998,10.3197165,63.6859228355316
7459,West Africa,-6.206342,10.336964,10.173558196630543
7460,West Africa,-6.1839475,10.350618,40.6141970376982
7461,West Africa,-6.167446,10.3642725,91.66269833139604
7462,West Africa,-6.189109500000001,10.3894245,17.717334013360926
7463,West Africa,-6.1675915,10.409546500000001,66.05237824923901
7464,West Africa,-6.179307,10.410984,17.808416526686084
7465,West Africa,-6.201706,10.435418,32.98085642710905
7466,West Africa,-6.2113315,10.443323,10.173666290573905
7467,West Africa,-6.180537,10.472787499999999,53.340034363280026
7468,West Africa,-6.166095500000001,10.4828485,17.806116249298068
7469,West Africa,-6.254628500000001,10.4850045,10.175874285495132
7470,West Africa,-6.225346500000001,10.521654999999999,60.879177276452154
7471,West Africa,-6.236893,10.549682,10.173737824435728
7472,West Africa,-6.241329,10.5511195,10.177231421283961
7473,West Africa,-6.230364,10.551838,35.527884626839
7474,West Africa,-6.220282,10.560461499999999,32.80428194206451
7475,West Africa,-6.2117115,10.5690855,17.80642554994795
7476,West Africa,-6.2119135,10.580584,71.05618921386282
7477,West Africa,-6.238181,10.577709500000001,17.805998755055317
7478,West Africa,-6.229459,10.580584,17.807605992998024
7479,West Africa,-6.239115,10.5856145,10.176117893779331
7480,West Africa,-6.2612005,10.594238,76.49948403395274
7481,West Africa,-6.216628,10.596394,211.07086066780857
7482,West Africa,-6.2193015,10.6179535,228.6806146473669
7483,West Africa,-6.265543,10.628014499999999,17.89706954898456
7484,West Africa,-6.210326,10.6452615,17.896083927372047
7485,West Africa,-6.228179000000001,10.6596345,38.24262957763525
7486,West Africa,-6.2794185,10.662509499999999,17.7194506459341
7487,West Africa,-6.227121,10.6797565,83.86056960074612
7488,West Africa,-6.2233149999999995,10.707065,78.4193478904478
7489,West Africa,-6.2730485,10.707065,17.812586070949276
7490,West Africa,-6.272019,10.7286245,17.72090638622751
7491,West Africa,-6.277165,10.729343,10.174856339956456
7492,West Africa,-5.2109475,5.3064615,10.174062841001078
7493,West Africa,-5.2138765,5.3122105,10.173970491008422
7494,West Africa,-5.1548175,5.322271499999999,10.17380863299701
7495,West Africa,-4.2212315,5.3812005,10.17285447044232
7496,West Africa,-4.219889,5.391261500000001,10.176214136493678
7497,West Africa,-5.004652,5.40779,17.80701719248415
7498,West Africa,-5.0183675,5.409946,10.1688470055188
7499,West Africa,-5.165668,5.4128205000000005,10.175861663692308
7500,West Africa,-5.0170445,5.420007,10.168682236460812
7501,West Africa,-4.7919339999999995,5.43438,10.171968469392825
7502,West Africa,-5.007901,5.4494715,17.80404923848261
7503,West Africa,-4.998556000000001,5.4573765000000005,20.3502575131659
7504,West Africa,-4.991377,5.4602509999999995,10.17154210940497
7505,West Africa,-5.002928,5.4602509999999995,10.171542109048078
7506,West Africa,-4.994305000000001,5.4631255,10.175033754891798
7507,West Africa,-4.9987565,5.477498499999999,20.346068479041378
7508,West Africa,-4.9728460000000005,5.4904340000000005,10.171042132779668
7509,West Africa,-4.20915,5.5091185,10.174270128139135
7510,West Africa,-4.951385999999999,5.5155864999999995,48.3211617728615
7511,West Africa,-4.930646,5.5357085,17.801540980555874
7512,West Africa,-4.995668,5.542895,25.430694342153178
7513,West Africa,-4.9987960000000005,5.977674,10.169628491571688
7514,West Africa,-5.003131,5.9791115,10.173140961513408
7515,West Africa,-4.0704095,6.094094500000001,10.17455877280496
7516,West Africa,-4.9565955,6.1041555,10.174372921139252
7517,West Africa,-5.2711135,6.1918299999999995,10.169202074849213
7518,West Africa,-5.137485,6.4217955,10.171865416181747
7519,West Africa,-5.127936999999999,6.479287,45.77180133303797
7520,West Africa,-4.9178630000000005,6.518812499999999,17.798277120823787
7521,West Africa,-4.3009735,6.5310295,25.43658713529662
7522,West Africa,-4.283682000000001,6.5353414999999995,10.176670035831242
7523,West Africa,-5.3014790000000005,6.541809,68.51498300039559
7524,West Africa,-4.238162,6.5432465,27.917653356230048
7525,West Africa,-4.2628765,6.5576194999999995,58.49302929091216
7526,West Africa,-4.2759655,6.5648055,73.81624767069576
7527,West Africa,-5.285905,6.5734295,17.801677523981063
7528,West Africa,-5.275096,6.579897,10.172244990670542
7529,West Africa,-4.301423,6.5813345000000005,10.175755720980694
7530,West Africa,-4.266699,6.5813345000000005,10.175755720818005
7531,West Africa,-4.2791175,6.5949884999999995,40.75642015656145
7532,West Africa,-4.2378645,6.5928325,10.172010071980676
7533,West Africa,-4.2545375,6.5993005,122.19954514139935
7534,West Africa,-4.3030425,6.6028935,10.171808932397141
7535,West Africa,-4.201828,6.6115175,10.175152226172269
7536,West Africa,-4.250453500000001,6.626609,216.4181340703864
7537,West Africa,-4.291605000000001,6.6172664999999995,10.175036964579938
7538,West Africa,-4.295946,6.618704,10.1714689979777
7539,West Africa,-4.3430064999999995,6.622297,45.71516787734774
7540,West Africa,-4.2374305,6.626609,33.121857419917056
7541,West Africa,-4.2433035,6.6366700000000005,50.86433070768806
7542,West Africa,-4.080583000000001,6.644575,30.519925342589012
7543,West Africa,-4.280236,6.6431375,10.174517047419267
7544,West Africa,-4.251365,6.648887,10.170862305795957
7545,West Africa,-4.307799,6.6503239999999995,10.170833354843959
7546,West Africa,-4.0922245,6.6553545,58.506560510654595
7547,West Africa,-4.383838,6.656792,25.37235799145025
7548,West Africa,-4.2659035,6.6575105,10.177742955279015
7549,West Africa,-4.2377199999999995,6.662541,48.387637207135086
7550,West Africa,-4.101762,6.6697275000000005,132.36558365025573
7551,West Africa,-4.367990499999999,6.6654155,96.77126476780813
7552,West Africa,-4.2450235,6.6682904999999995,17.80186276242629
7553,West Africa,-4.227037,6.67907,10.170252864347306
7554,West Africa,-4.234306999999999,6.6862565,20.34369511896463
7555,West Africa,-4.23944,6.6941615,17.80446020819728
7556,West Africa,-4.1088355,6.734405499999999,27.977351519332895
7557,West Africa,-4.3441585,6.751653,38.15051931204303
7558,West Africa,-4.309578500000001,6.7703375,78.90352330082057
7559,West Africa,-4.506531,6.781836,17.739809316814707
7560,West Africa,-4.5450525,6.796927500000001,25.431948171779055
7561,West Africa,-4.0776515,6.8141750000000005,10.171004472714458
7562,West Africa,-4.080579,6.818486500000001,30.521580729021114
7563,West Africa,-4.5495775,6.8170494999999995,10.174484048228074
7564,West Africa,-4.931844,6.8285475,10.177760625849862
7565,West Africa,-4.452370999999999,6.8695105000000005,17.806937233454562
7566,West Africa,-4.4184215,6.8788525,10.173200932656464
7567,West Africa,-4.075346,6.8802900000000005,10.173145281685711
7568,West Africa,-4.0385265,6.8939445,195.8293178936398
7569,West Africa,-4.060325000000001,6.9025680000000005,86.64020814014621
7570,West Africa,-4.066921499999999,6.911910499999999,10.172509864076096
7571,West Africa,-4.0459605,6.916221999999999,25.42749763728538
7572,West Africa,-4.0496125,6.9219715,25.434231801051254
7573,West Africa,-4.0532975,6.927001499999999,17.79956275677674
7574,West Africa,-4.043919,6.9334695,30.521417658252457
7575,West Africa,-4.030196500000001,6.9356255,73.6419195872868
7576,West Africa,-4.027495,6.958622,188.26921294232798
7577,West Africa,-4.036345000000001,6.9758695,307.9703518538225
7578,West Africa,-4.389043,6.986649,10.170909653804411
7579,West Africa,-4.047433,7.0038965,10.174082709490639
7580,West Africa,-4.0467905,7.011801500000001,196.0052594323558
7581,West Africa,-4.4713435,7.040547500000001,66.0613273007241
7582,West Africa,-4.0310714999999995,7.037673,99.30519809977598
7583,West Africa,-4.0397195,7.1131305000000005,50.869206188217845
7584,West Africa,-4.051372,7.1231915,53.35576978030256
7585,West Africa,-4.032607499999999,7.131815,45.77796503625877
7586,West Africa,-4.035829,7.1684660000000004,61.09334738822917
7587,West Africa,-4.049868,7.198649,17.74899316608001
7588,West Africa,-4.435303,7.2798555,10.175128571731905
7589,West Africa,-4.1665525,7.2834485,86.41403391480202
7590,West Africa,-4.0369340000000005,7.288479499999999,30.52127478813207
7591,West Africa,-4.0161169999999995,7.3121945,539.012400019826
7592,West Africa,-4.441349499999999,7.3028525,10.178130713755973
7593,West Africa,-4.0733555,7.311476,10.174399302391164
7594,West Africa,-4.415338,7.311476,10.170889678500723
7595,West Africa,-4.327446,7.5098215,10.176987690451718
7596,West Africa,-4.326066,7.5184455,20.350042159094453
7597,West Africa,-4.3240305,7.5306619999999995,17.802747792549116
7598,West Africa,-4.4686094999999995,7.563001,10.168723911936704
7599,West Africa,-5.049007,7.844709,10.172656815942814
7600,West Africa,-4.735773,7.8562075,10.17592218276962
7601,West Africa,-4.740278999999999,7.9331025,17.805487714843153
7602,West Africa,-4.739401,7.9819700000000005,17.80694331587273
7603,West Africa,-4.678746,8.00856,25.432331173467507
7604,West Africa,-4.735429,8.016465,17.805476395744954
7605,West Africa,-4.73921,8.028682,20.343454967991796
7606,West Africa,-4.770726,8.056709,33.06741517310498
7607,West Africa,-4.7694475,8.069644499999999,40.56039269145537
7608,West Africa,-4.6925845,8.0753935,17.871256533141732
7609,West Africa,-4.682536,8.086892,25.3697561480284
7610,West Africa,-4.178281,8.1062955,10.176868898754165
7611,West Africa,-4.7708465,8.127136,239.02052367200395
7612,West Africa,-4.7134785,8.1242615,40.82482261400113
7613,West Africa,-4.716208,8.1724105,10.175233553790019
7614,West Africa,-4.739554999999999,8.181034,10.171480141670246
7615,West Africa,-4.735237,8.1824715,10.17498353920496
7616,West Africa,-4.714907999999999,8.185346,35.60333876877844
7617,West Africa,-4.769057999999999,8.2212785,10.174016318193148
7618,West Africa,-4.6619335,8.250024,10.173260380040729
7619,West Africa,-5.309925,8.3211695,17.804485483714156
7620,West Africa,-5.3001205,8.348478,91.63547913246076
7621,West Africa,-5.2833935,8.346322,10.170832237819987
7622,West Africa,-5.275574000000001,8.358539,38.1562145179475
7623,West Africa,-5.2661735,8.3657255,55.886226311242275
7624,West Africa,-5.249467,8.3642885,17.804323936964597
7625,West Africa,-5.2531415,8.3678815,10.173823501379335
7626,West Africa,-5.2837345,8.3721935,10.173713800608349
7627,West Africa,-4.87421,8.3836915,10.176923042697828
7628,West Africa,-5.2651885,8.396626999999999,10.16955266101479
7629,West Africa,-5.2537775,8.4138745,48.326933662253936
7630,West Africa,-5.2872375,8.4174675,38.14709954373053
7631,West Africa,-5.301895,8.425373,25.430774979164713
7632,West Africa,-5.236554,8.4282475,10.175784267548362
7633,West Africa,-5.297665,8.435434,43.313777641628995
7634,West Africa,-5.121413499999999,8.4562745,124.77626759309021
7635,West Africa,-5.086704,8.467772499999999,17.806691615632644
7636,West Africa,-5.2989045,8.473521999999999,96.72848985422192
7637,West Africa,-5.2961265,8.4821455,173.26049603586566
7638,West Africa,-5.152636,8.5108915,17.801205259886384
7639,West Africa,-5.0720600000000005,8.5173595,10.17348870795969
7640,West Africa,-5.056882,8.5223895,17.805973894985506
7641,West Africa,-5.0460635,8.5288575,10.176691518801862
7642,West Africa,-5.057004,8.5310135,17.800293172182307
7643,West Africa,-5.069399000000001,8.5331695,33.1402414690652
7644,West Africa,-5.0374655,8.5374815,10.176467709411288
7645,West Africa,-5.0514155,8.5468235,198.24979417868548
7646,West Africa,-5.039808,8.548261,40.69601653148393
7647,West Africa,-4.074756,8.551135500000001,17.801128590388146
7648,West Africa,-5.034137,8.561196500000001,147.73899777315748
7649,West Africa,-5.064578,8.5554475,32.99496763386953
7650,West Africa,-4.9650365,8.557603499999999,10.175944633930401
7651,West Africa,-5.0683545,8.564071,43.37991960950749
7652,West Africa,-5.0232155,8.560478,10.172330374644265
7653,West Africa,-4.1061049999999994,8.5633525,25.437739386302
7654,West Africa,-5.029151000000001,8.5669455,76.38224173764985
7655,West Africa,-4.9767845,8.566227000000001,10.17218070752282
7656,West Africa,-5.0053095,8.578444,99.05604882809065
7657,West Africa,-5.0191385,8.579162499999999,10.17538284089651
7658,West Africa,-5.245894,8.579881499999999,33.13625660491261
7659,West Africa,-5.0359155,8.584192999999999,28.048366333961656
7660,West Africa,-5.0548525,8.5870675,104.22036462740327
7661,West Africa,-5.03097,8.5949725,66.13175782379095
7662,West Africa,-5.0397324999999995,8.6000035,56.02790565638077
7663,West Africa,-5.053624,8.605752500000001,40.62862941721176
7664,West Africa,-5.0405815,8.608627,25.362970360625866
7665,West Africa,-5.0371505,8.622999499999999,94.18650468792224
7666,West Africa,-5.0443785000000005,8.620844,10.170753822235367
7667,West Africa,-4.0937505000000005,8.6294675,10.174066510337278
7668,West Africa,-5.035819,8.632342000000001,10.173950891579265
7669,West Africa,-5.02639,8.6330605,17.73095057743839
7670,West Africa,-5.0424834999999995,8.640247500000001,71.08326134586228
7671,West Africa,-5.045472,8.648871,25.439148427879637
7672,West Africa,-5.156731,8.6517455,35.682445976775114
7673,West Africa,-5.177874,8.6560575,213.50896246062155
7674,West Africa,-5.162546,8.651027,10.173459852091103
7675,West Africa,-5.052096000000001,8.6539015,10.176924016654953
7676,West Africa,-5.1634395,8.6632435,86.55227445950712
7677,West Africa,-5.189735499999999,8.671867500000001,55.87952158813958
7678,West Africa,-5.178062000000001,8.668993,17.80803623600428
7679,West Africa,-5.146097,8.6704305,17.730986210230174
7680,West Africa,-5.080938,8.689115,17.80710657337239
7681,West Africa,-5.102103,8.6941455,10.175862104766582
7682,West Africa,-5.105094,8.702769,10.172094570482418
7683,West Africa,-5.108043,8.7056435,10.175557808976626
7684,West Africa,-5.1175155,8.7077995,17.73276430830573
7685,West Africa,-5.09936,8.7085185,10.175481662323987
7686,West Africa,-5.1147314999999995,8.716423500000001,17.734116194134636
7687,West Africa,-5.108332,8.7257655,10.175024318636229
7688,West Africa,-5.098153,8.727203,10.171447033631894
7689,West Africa,-5.1186355,8.7358265,50.87717068023307
7690,West Africa,-5.1085385,8.7401385,10.17814134462497
7691,West Africa,-5.1217085,8.7458875,25.437931032339275
7692,West Africa,-5.102138999999999,8.750918500000001,81.2424034556285
7693,West Africa,-5.1144375,8.747325,25.43429522649935
7694,West Africa,-5.1240144999999995,8.755230000000001,48.470075148634145
7695,West Africa,-5.111777,8.765291,40.70113530475793
7696,West Africa,-5.1002665,8.7746335,10.177222119111539
7697,West Africa,-5.085428,8.8055355,48.39715228225457
7698,West Africa,-5.086299,8.816315,91.4970651340557
7699,West Africa,-4.12828,8.987352000000001,10.171431491904668
7700,West Africa,-4.7385660000000005,9.1397045,10.17775844503064
7701,West Africa,-4.188384,9.3926665,10.177606346774386
7702,West Africa,-4.169783000000001,9.4228495,10.176741201494012
7703,West Africa,-5.3115375,9.4379415,17.734318139928043
7704,West Africa,-4.142336,9.4415345,10.176204250670933
7705,West Africa,-4.313262,9.480341,10.171546526512792
7706,West Africa,-4.3212825,9.5363955,10.176953157113445
7707,West Africa,-5.3052,9.593168,17.733429495529098
7708,West Africa,-5.289915000000001,9.6873105,10.176022473301279
7709,West Africa,-4.9598545,9.7491135,10.177680798533943
7710,West Africa,-4.7970245,9.7836085,10.176653588209394
7711,West Africa,-5.098867,9.8274455,17.805067542916248
7712,West Africa,-5.1462745,9.8281645,10.17532144585399
7713,West Africa,-5.0706489999999995,10.122808,10.17327683825024
7714,West Africa,-5.216777,10.3096555,10.177958740378267
7715,West Africa,-3.9078025,5.351017499999999,10.17334449446868
7716,West Africa,-3.903785,5.404197,10.172463339526416
7717,West Africa,-3.92916,5.4192885,17.748562071482297
7718,West Africa,-3.9320945,5.429349500000001,48.26619015338005
7719,West Africa,-3.9458425000000004,5.4315055,10.172031650238143
7720,West Africa,-3.847974,5.480373,10.171209096481727
7721,West Africa,-3.8393110000000004,5.480373,10.171209097324443
7722,West Africa,-3.960693,5.494746,10.170970479345828
7723,West Africa,-3.6662790000000003,5.517742500000001,10.174126229795387
7724,West Africa,-3.976959,5.5508,10.170033932284444
7725,West Africa,-3.7640225000000003,5.6744065,10.174995085780399
7726,West Africa,-3.750979,5.9913285,58.60238719235298
7727,West Africa,-3.7632475,5.9906095,10.176452652172626
7728,West Africa,-3.7054400000000003,5.9906095,10.172932606635113
7729,West Africa,-3.9511525,5.9934845,10.176400472040765
7730,West Africa,-3.7394619999999996,5.9956405,25.432042530845933
7731,West Africa,-3.763308,5.996359,10.169289894243065
7732,West Africa,-3.763338,6.002108,10.169185502074534
7733,West Africa,-3.747471,6.0035454999999995,10.172697713243302
7734,West Africa,-3.753974,6.0071385,33.053074452715734
7735,West Africa,-3.7352615,6.0171995,127.2682874749265
7736,West Africa,-3.6283564999999998,6.024386,150.0546977788653
7737,West Africa,-3.7447005,6.0229485,33.061024468340726
7738,West Africa,-3.7064605,6.0308535,132.23533314844383
7739,West Africa,-3.730278,6.026542,10.168740713785729
7740,West Africa,-3.7331985000000003,6.030135,33.06050096182332
7741,West Africa,-3.723141,6.0387585,78.84310517837237
7742,West Africa,-3.70655,6.047382499999999,35.54719543184117
7743,West Africa,-3.7087775,6.052413,20.34005403314014
7744,West Africa,-3.713896,6.0617555,17.801225261356908
7745,West Africa,-3.7110345000000002,6.0675045,33.05476658198049
7746,West Africa,-3.709634,6.074691,48.27091839467782
7747,West Africa,-3.7031745,6.0797215,10.174823747999337
7748,West Africa,-3.6924225,6.0933755000000005,66.12079933675705
7749,West Africa,-3.683765,6.094813,17.85649890089124
7750,West Africa,-3.6751065,6.0991245,106.86525528623208
7751,West Africa,-3.6585425000000003,6.1077485,317.99525304984576
7752,West Africa,-3.6332465000000003,6.1063115,27.977681127252204
7753,West Africa,-3.689635,6.109186,60.985877699197296
7754,West Africa,-3.6347795,6.119247,27.977009290798208
7755,West Africa,-3.652878,6.124995999999999,216.12839154570256
7756,West Africa,-3.634115,6.129308,127.21633641362253
7757,West Africa,-3.8198375,6.1235585,17.802749253661727
7758,West Africa,-3.632757,6.138650500000001,10.177252496999925
7759,West Africa,-3.6320635,6.145118,25.483295838732474
7760,West Africa,-3.6299535,6.1501485,10.173519425852586
7761,West Africa,-3.6113340000000003,6.177457,768.0544785070317
7762,West Africa,-3.5180870000000004,6.179613,45.72725495568902
7763,West Africa,-3.5138065000000003,6.186799499999999,17.800686372373082
7764,West Africa,-3.5160315,6.1932670000000005,30.51458123851177
7765,West Africa,-3.6707255,6.1932670000000005,10.169175133514651
7766,West Africa,-3.5876390000000002,6.2011725,28.029077454761865
7767,West Africa,-3.594882,6.2040465000000005,17.805397496815726
7768,West Africa,-3.580453,6.208358499999999,53.41044577101772
7769,West Africa,-3.601446,6.2105145,10.175908152147226
7770,West Africa,-3.5790505,6.2155450000000005,17.755751147795543
7771,West Africa,-3.5913255,6.2148265,10.172308379079183
7772,West Africa,-3.5675844999999997,6.229918,73.80373165526306
7773,West Africa,-3.5574065,6.2212945,17.79955224424622
7774,West Africa,-3.580597,6.2284805,78.88974563470076
7775,West Africa,-3.5589665000000004,6.2371045,17.800790195095107
7776,West Africa,-3.5207365,6.247884,10.16814655121823
7777,West Africa,-3.5402845,6.2543515,145.00817384072104
7778,West Africa,-3.5050005000000004,6.2744735,244.18978001853935
7779,West Africa,-3.830556,6.3053755,10.174109720160839
7780,West Africa,-3.8564404999999997,6.4764125,10.17431529862377
7781,West Africa,-3.7943395,6.5878025000000004,17.804692101155986
7782,West Africa,-3.6810585,6.625890500000001,10.171348031288076
7783,West Africa,-3.717262,6.6273275,10.174835014064334
7784,West Africa,-3.808636,6.6575105,10.174227327539338
7785,West Africa,-3.624501,6.707097,25.4804717928983
7786,West Africa,-3.9848155,6.8766964999999995,17.859367888239742
7787,West Africa,-4.01237,6.8838835,17.806412740341887
7788,West Africa,-4.0051315,6.8838835,17.801142317480686
7789,West Africa,-4.0008685,6.8910695,106.93523989699264
7790,West Africa,-4.0232605,6.8874765,25.434280977882974
7791,West Africa,-3.985168,6.9198155,17.861297402076556
7792,West Africa,-4.0288135,6.9442495,17.800685607082002
7793,West Africa,-4.0042469999999994,6.948561,17.749572213253035
7794,West Africa,-4.0238105,6.952154500000001,10.171664122852954
7795,West Africa,-3.9883680000000004,6.955747499999999,78.90160223009815
7796,West Africa,-4.002928,6.962934,129.5961236068159
7797,West Africa,-3.9690125,6.9758695,549.5414495407224
7798,West Africa,-3.895794,6.967245500000001,27.978189616311376
7799,West Africa,-3.991601,6.9945545,17.858529548539185
7800,West Africa,-3.9301690000000002,7.00749,234.32084018893005
7801,West Africa,-3.9988900000000003,6.998866,17.803946942590805
7802,West Africa,-4.0207405000000005,7.014676,185.77699158683677
7803,West Africa,-4.0025745,7.0082085,10.177504215926826
7804,West Africa,-3.946981,7.0276119999999995,25.43044500585884
7805,West Africa,-3.9123504999999996,7.0419845,40.63508632278714
7806,West Africa,-4.005760499999999,7.0427035,10.176769047766278
7807,West Africa,-4.02623,7.062825500000001,10.172825827757046
7808,West Africa,-3.9329894999999997,7.083666,53.46213996454456
7809,West Africa,-3.9924365,7.0922895,81.44605046054873
7810,West Africa,-4.0113455,7.0994765,17.80192681891479
7811,West Africa,-3.933132,7.0994765,40.687987300445656
7812,West Africa,-3.951364,7.115285999999999,269.7085537856509
7813,West Africa,-3.9635965,7.1066625000000005,78.95946970134037
7814,West Africa,-3.978885,7.1131305000000005,40.69400516452434
7815,West Africa,-3.9977145,7.113849,56.00937562921327
7816,West Africa,-3.9347545,7.1210355,27.916474385114743
7817,West Africa,-3.8384785,7.126066,10.17143844179606
7818,West Africa,-3.9681175,7.128222,33.06136982200104
7819,West Africa,-3.9304885,7.1310965,17.79894922788051
7820,West Africa,-4.023273,7.1382829999999995,17.75128322493842
7821,West Africa,-3.943652,7.145469500000001,33.17792342523604
7822,West Africa,-4.001625499999999,7.148344,114.45585594188937
7823,West Africa,-3.9371970000000003,7.1533745,30.519619468488738
7824,West Africa,-3.925042,7.1713404999999995,81.27062802358806
7825,West Africa,-3.9533535,7.177808499999999,73.75540031531978
7826,West Africa,-3.96277,7.177089499999999,17.804253842726183
7827,West Africa,-3.928034,7.182838500000001,17.802278213017257
7828,West Africa,-3.9645855,7.218771,56.01278681268041
7829,West Africa,-3.9320035,7.220927,10.169375027609211
7830,West Africa,-3.9211535,7.22452,50.81496897238757
7831,West Africa,-3.9791855,7.233143999999999,40.75187948023951
7832,West Africa,-3.9726655,7.2338625,33.062836817854446
7833,West Africa,-3.9625235,7.2352995,38.150757206599636
7834,West Africa,-3.987892,7.3157879999999995,55.946478534038505
7835,West Africa,-4.000499,7.349564,25.49003465998043
7836,West Africa,-4.005668,7.3589065,83.99053852514699
7837,West Africa,-3.979418,7.419991,17.74920637774095
7838,West Africa,-3.9256045,8.100546000000001,10.169967398372153
7839,West Africa,-3.953252,8.1055765,40.754798815222095
7840,West Africa,-3.9336525,8.1062955,61.04898096302277
7841,West Africa,-3.9641405,8.108451500000001,25.48572887668838
7842,West Africa,-3.969996,8.112763,25.490864662966494
7843,West Africa,-3.9505715,8.1321665,25.435282115784073
7844,West Africa,-3.9631040000000004,8.148695499999999,17.80503336171697
7845,West Africa,-3.9704119999999996,8.153007,17.86270021577136
7846,West Africa,-3.5123865,8.797630000000002,10.173067617003294
7847,West Africa,-3.7713315,8.8033795,10.17645334327738
7848,West Africa,-3.8083074999999997,8.8651825,10.174792039949118
7849,West Africa,-3.7486055,9.000287499999999,10.178112967717441
7850,West Africa,-3.693487,9.017534999999999,10.17060480858784
7851,West Africa,-4.0238665000000005,9.018972000000002,10.174060419761956
7852,West Africa,-4.0058545,9.1008975,10.175340793288738
7853,West Africa,-4.0233715,9.3624835,10.174975777584882
7854,West Africa,-3.649653,9.4214125,10.176782454103947
7855,West Africa,-4.0330375,9.5622665,10.176200272118447
7856,West Africa,-3.5436575,9.8727205,10.173983299007048
7857,West Africa,-3.5177965,9.9100895,10.179831241710389
7858,West Africa,-3.2967405000000003,5.274841,10.17103002052239
7859,West Africa,-3.2901035,5.3826374999999995,10.172831070772022
7860,West Africa,-3.1813114999999996,5.4228815,33.013708827119295
7861,West Africa,-3.0725545,5.470312,10.167853811146154
7862,West Africa,-3.0454869999999996,5.5436135,10.173693209544572
7863,West Africa,-3.0363445000000002,5.5888884999999995,17.803497150912065
7864,West Africa,-3.1671430000000003,5.6068545,10.172626194872809
7865,West Africa,-3.2382204999999997,5.6629085,10.1751923938034
7866,West Africa,-3.2992274999999998,5.7261489999999995,10.17056341814989
7867,West Africa,-3.1954029999999998,5.7577695,10.177074103282727
7868,West Africa,-3.1795895,5.7678305000000005,10.173377114745607
7869,West Africa,-3.19878,5.8396945,20.35127116378657
7870,West Africa,-3.278244,5.8396945,10.175635581963576
7871,West Africa,-3.4408339999999997,5.966176,10.169836324349696
7872,West Africa,-3.412014,5.977674,10.169628491814688
7873,West Africa,-3.083038,6.074691,38.145423907809615
7874,West Africa,-3.0483975,6.082596000000001,30.517255115581026
7875,West Africa,-3.0578174999999996,6.084752,55.90635263978931
7876,West Africa,-3.041268,6.094813,129.79070795837492
7877,West Africa,-3.0896790000000003,6.094813,45.73407128221047
7878,West Africa,-3.0325955,6.0998435,10.174452611551954
7879,West Africa,-3.0653645000000003,6.139369,152.59330778851708
7880,West Africa,-3.0191784999999998,6.1508675,442.6115543924652
7881,West Africa,-3.048765,6.1465555,68.71225949873558
7882,West Africa,-3.0791225,6.1443995000000005,33.10641790240065
7883,West Africa,-3.0712205,6.153023,25.433634660974533
7884,West Africa,-3.0250095000000004,6.1623655,17.797947358380597
7885,West Africa,-3.0590315,6.167396,66.0783946311889
7886,West Africa,-3.0048915000000003,6.182487500000001,2271.1193127908605
7887,West Africa,-3.0641035,6.1724265,17.758924288557758
7888,West Africa,-3.0525625,6.175301,60.95194989102608
7889,West Africa,-3.06773,6.1745825,10.176582276282495
7890,West Africa,-3.0533225,6.181769,30.515227596915928
7891,West Africa,-3.50149,6.183206,10.172881220490583
7892,West Africa,-3.0439495,6.186799499999999,48.327931110517504
7893,West Africa,-3.052673,6.195423,17.80745069400065
7894,West Africa,-3.0432755,6.1961414999999995,10.172659540351917
7895,West Africa,-3.487145,6.2004535,10.176097300908594
7896,West Africa,-3.039698,6.2011725,17.84770174986049
7897,West Africa,-3.035373,6.205484,17.807119967433874
7898,West Africa,-3.015217,6.2184194999999995,35.648585623772846
7899,West Africa,-3.4441045,6.249321500000001,10.171657324840929
7900,West Africa,-3.482504,6.2629755,17.799911189104396
7901,West Africa,-3.373364,6.2694434999999995,63.62529679723164
7902,West Africa,-3.314054,6.263694,10.171364193552995
7903,West Africa,-3.4774715,6.2651315,10.171357726649047
7904,West Africa,-3.2975060000000003,6.275911,249.36759864910096
7905,West Africa,-3.377729,6.272318,10.1712004892133
7906,West Africa,-3.489818,6.275911,33.06156277889987
7907,West Africa,-3.481142,6.275911,53.41082425370442
7908,West Africa,-3.380648,6.2766295,25.4348886610929
7909,West Africa,-3.30835,6.2751925,10.174684896420407
7910,West Africa,-3.434231,6.288128,10.170899795930483
7911,West Africa,-3.443644,6.290284,17.755040375167514
7912,West Africa,-3.2832175,6.3017825,325.536402591595
7913,West Africa,-3.491404,6.2960329999999995,17.804119359415967
7914,West Africa,-3.463207,6.2967515,10.1742743417555
7915,West Africa,-3.476221,6.298189,10.170708050974373
7916,West Africa,-3.435733,6.298189,10.170708051115376
7917,West Africa,-3.493601,6.3010635,10.174192060198141
7918,West Africa,-3.4979674999999997,6.3046565,33.063266066031474
7919,West Africa,-3.453988,6.324778500000001,305.3736488731914
7920,West Africa,-3.481506,6.3290904999999995,468.058627090839
7921,West Africa,-3.4249565,6.3075315,48.37516594743578
7922,West Africa,-3.2673509999999997,6.308968500000001,32.96975309563091
7923,West Africa,-3.443267,6.3449005,1314.7453332170626
7924,West Africa,-3.458285,6.3175925,56.04768215134646
7925,West Africa,-3.2558480000000003,6.319029499999999,25.390687354700624
7926,West Africa,-3.280444,6.320467,17.803302244137374
7927,West Africa,-3.2688755,6.3219045000000005,17.80500141515101
7928,West Africa,-3.0933995000000003,6.3599925,302.7788766944261
7929,West Africa,-3.4426544999999997,6.3578364999999994,17.805553112606184
7930,West Africa,-3.489656,6.3571175,10.173117309024438
7931,West Africa,-3.447716,6.3614295,10.17303424043598
7932,West Africa,-3.4362019999999998,6.3671785,10.17292339998239
7933,West Africa,-3.3964585,6.3722095,40.73877403614816
7934,West Africa,-3.3805769999999997,6.375083500000001,99.18859532038732
7935,West Africa,-3.0848215000000003,6.3758025,25.435384338690962
7936,West Africa,-3.3697575000000004,6.3801144999999995,61.13606120225999
7937,West Africa,-3.099309,6.3772395,10.17272918655771
7938,West Africa,-3.356741,6.3801144999999995,10.172673632834677
7939,West Africa,-3.3892955000000002,6.382270500000001,17.751982367395332
7940,West Africa,-3.099334,6.382989,10.16907975980533
7941,West Africa,-3.3589510000000002,6.3851445,17.85210012269704
7942,West Africa,-3.0769415,6.386582,25.389190168899212
7943,West Africa,-3.3611880000000003,6.395205499999999,134.88340559258097
7944,West Africa,-3.3489750000000003,6.408141499999999,134.79405500795352
7945,West Africa,-3.3446895,6.4182025,43.280849647302496
7946,West Africa,-3.3562605,6.4167655,17.801799390469352
7947,West Africa,-3.321615,6.425389,17.85253178275359
7948,West Africa,-3.234183,6.6589480000000005,10.170659465986922
7949,West Africa,-3.1780285,6.7035035,10.17681134386569
7950,West Africa,-3.3814775,6.8271105,10.17427595439148
7951,West Africa,-3.2985615,6.8709475,17.80337070217614
7952,West Africa,-3.2525275000000002,7.1210355,221.43729841812439
7953,West Africa,-3.3370885,7.0973205,10.175597686110011
7954,West Africa,-3.2954825,7.1533745,10.17438613149161
7955,West Africa,-3.284185,7.1907440000000005,10.17354505500668
7956,West Africa,-3.086538,7.2058355,175.3632072250713
7957,West Africa,-3.2929565,7.204398,104.3195047625648
7958,West Africa,-3.0330445,7.22452,600.0244634686383
7959,West Africa,-3.090959,7.2173335000000005,40.73928689502777
7960,West Africa,-3.2657695,7.446581,58.45129622324451
7961,West Africa,-3.2571775,7.4609535000000005,63.58415571629884
7962,West Africa,-3.23911,7.470296,99.24041712061586
7963,West Africa,-3.2013375,7.654268500000001,40.647246304060914
7964,West Africa,-3.1753235,7.6643295,58.59094058377255
7965,West Africa,-3.2347965,7.665767,17.807819040965974
7966,West Africa,-3.2334765,7.6830145000000005,114.26988177771361
7967,West Africa,-3.255205,7.68014,76.347064965767
7968,West Africa,-3.2247355,7.6787025,33.019576189789916
7969,West Africa,-3.2263285,7.6973875,25.389509927193544
7970,West Africa,-2.9272454999999997,5.12177,17.80265543358366
7971,West Africa,-2.917452,5.3423935,30.520297862948496
7972,West Africa,-2.9312009999999997,5.350298499999999,17.842110143689418
7973,West Africa,-2.9117474999999997,5.359641,10.169666266638215
7974,West Africa,-2.9139365,5.366108499999999,17.801151478688674
7975,West Africa,-2.9421105,5.369702,10.169503024169785
7976,West Africa,-2.9479085,5.375451,10.169409609017976
7977,West Africa,-2.9450450000000004,5.3812005,10.176378146248686
7978,West Africa,-2.9602275000000002,5.3833565,17.802423174273272
7979,West Africa,-2.9328445,5.39198,134.696349558387
7980,West Africa,-2.926348,5.395573,30.512545055177622
7981,West Africa,-2.918443,5.3991665,17.761464867401358
7982,West Africa,-2.956689,5.3984475,10.176096806554247
7983,West Africa,-2.910514,5.4013225,10.176049821571203
7984,West Africa,-2.9393884999999997,5.4013225,10.172526258636108
7985,West Africa,-2.9538495,5.405634,25.42582752684107
7986,West Africa,-2.934406,5.4149765,104.26808000141862
7987,West Africa,-2.9185714999999997,5.427912,289.8831091712529
7988,West Africa,-2.9394825,5.424319000000001,10.168611524930743
7989,West Africa,-2.935175,5.425756,10.17211014578972
7990,West Africa,-2.9316364999999998,5.4408475,61.08230979097532
7991,West Africa,-2.9229735000000003,5.4437225,17.800692962679538
7992,West Africa,-2.9121449999999998,5.4430035,10.175365836668052
7993,West Africa,-2.9065325,5.4753425,361.09136502355
7994,West Africa,-2.910888,5.4789355,10.174771979449252
7995,West Africa,-2.9722530000000003,5.4810915,17.803134096106827
7996,West Africa,-2.9665014999999997,5.483966499999999,17.799528793218247
7997,West Africa,-2.9651050000000003,5.4940275,17.802758215669385
7998,West Africa,-2.973864,5.5127120000000005,175.51655469092645
7999,West Africa,-2.908163,5.5163055,10.174150223304954
8000,West Africa,-3.002792,5.522773,17.80368912996109
8001,West Africa,-2.991962,5.524929,10.17046736130536
8002,West Africa,-2.911843,5.527085,25.390917792127105
8003,West Africa,-2.974658,5.5299595,96.64004343132756
8004,West Africa,-2.976871,5.537146,25.434517070172998
8005,West Africa,-2.9588685000000003,5.546488500000001,10.177167693931533
8006,West Africa,-2.926436,5.5572680000000005,33.09978503394346
8007,West Africa,-2.9690719999999997,5.5680475000000005,10.173282385179435
8008,West Africa,-3.0102795,5.7153694999999995,55.953258828024566
8009,West Africa,-2.9875965,5.932399500000001,17.801816727067436
8010,West Africa,-2.993401,5.9352745,48.321699344499024
8011,West Africa,-2.9833215,5.942460499999999,17.843729711725757
8012,West Africa,-2.945087,5.9532405,10.173608312765127
8013,West Africa,-2.9270935,5.9668945,17.797190858725287
8014,West Africa,-2.904741,5.976237,10.169654487293721
8015,West Africa,-2.9669295,5.984142,33.103686882811225
8016,West Africa,-2.9633645,5.9927655,17.79990979677143
8017,West Africa,-2.9041815,6.004264,38.15016457975434
8018,West Africa,-2.9056499999999996,6.010013,17.80640985407384
8019,West Africa,-2.934602,6.0186364999999995,25.471526703108882
8020,West Africa,-2.933903,6.025104499999999,10.172305123295809
8021,West Africa,-2.9267000000000003,6.026542,10.168740713073662
8022,West Africa,-2.9820995,6.1156535000000005,10.174160150304663
8023,West Africa,-2.9677875,6.1400875,379.1053064064854
8024,West Africa,-2.9879535,6.1278705,45.77920070142881
8025,West Africa,-2.9951815,6.1285895,10.173920293219533
8026,West Africa,-2.9887485,6.142243499999999,152.55736862684108
8027,West Africa,-2.983641,6.1343385,10.177332664684702
8028,West Africa,-2.9757024999999997,6.135057,25.474932162174007
8029,West Africa,-2.9779065,6.1408065,38.144177195670494
8030,West Africa,-2.948995,6.142962,10.173632397077364
8031,West Africa,-2.9960005,6.145118,17.80381831233557
8032,West Africa,-3.0046739999999996,6.145118,17.8020581686024
8033,West Africa,-2.9714615,6.14943,25.389843244365842
8034,West Africa,-2.9787135,6.155179,63.66481260645595
8035,West Africa,-2.9873744999999996,6.153741500000001,17.803527435264307
8036,West Africa,-2.9426075000000003,6.159491,94.14225750250355
8037,West Africa,-2.9317655,6.163084,10.16973969711664
8038,West Africa,-2.925307,6.1695519999999995,33.062784159255955
8039,West Africa,-2.9231854999999998,6.180331499999999,10.172955844001754
8040,West Africa,-2.9087985,6.1903925,83.88688060288072
8041,West Africa,-2.9247255,6.195423,35.5605114581535
8042,West Africa,-2.9160505,6.198297500000001,66.16603296548017
8043,West Africa,-2.9002175,6.208358499999999,233.96786452699374
8044,West Africa,-2.929086,6.2004535,10.176097301284589
8045,West Africa,-3.0137105,6.208358499999999,40.77947972910755
8046,West Africa,-2.9587955,6.2112335000000005,17.80164361637782
8047,West Africa,-2.9949515,6.2155450000000005,17.76103211285202
8048,West Africa,-2.9638555,6.2148265,10.17230837959698
8049,West Africa,-2.9848915,6.225606,221.28953699340065
8050,West Africa,-3.007253,6.217701,10.172233460125968
8051,West Africa,-2.9408175,6.2291995,274.70619983547994
8052,West Africa,-2.932818,6.2212945,17.804829487781195
8053,West Africa,-2.9719145,6.2327925,40.64569534087009
8054,West Africa,-3.0066024999999996,6.231355499999999,17.800980146905204
8055,West Africa,-2.9683835,6.245728,195.87598947981832
8056,West Africa,-2.9474185,6.245728,66.12324400028636
8057,West Africa,-3.0008915,6.242853500000001,17.797060818347447
8058,West Africa,-2.9828419999999998,6.2450095,10.175257321265107
8059,West Africa,-2.9387665,6.249321500000001,25.42736453037518
8060,West Africa,-3.00094,6.2514775,50.90007048282318
8061,West Africa,-2.951104,6.2565075,10.175039584315435
8062,West Africa,-2.9265235,6.260101,114.44318372083926
8063,West Africa,-2.9771305,6.260101,43.23400033504566
8064,West Africa,-2.927294,6.2665685,25.433582746787298
8065,West Africa,-2.9121115,6.26585,78.84002713262296
8066,West Africa,-2.99959,6.2672875,17.80330710078891
8067,West Africa,-2.905628,6.271599500000001,17.803163797251436
8068,West Africa,-2.909313,6.2830975,213.7054679947795
8069,West Africa,-2.936111,6.2917214999999995,50.9016381465296
8070,West Africa,-2.972261,6.2917214999999995,17.802493777570902
8071,West Africa,-2.977346,6.2953145,30.519366358500324
8072,West Africa,-2.9317960000000003,6.297470499999999,17.802301953902766
8073,West Africa,-2.9716095,6.3046565,38.146829670425284
8074,West Africa,-2.966584,6.310406,99.26958950687727
8075,West Africa,-2.9357175,6.3499315,63.543409657946704
8076,West Africa,-2.9291985,6.3477755,17.760176099668257
8077,West Africa,-2.9205685,6.356399,961.3094289786493
8078,West Africa,-2.9226134999999998,6.461321,96.64844538081225
8079,West Africa,-2.9133515,6.487911,10.170550624166061
8080,West Africa,-2.912699,6.497253499999999,48.31534212042116
8081,West Africa,-2.964447,7.0326425,10.173470903878071
8082,West Africa,-2.943255,7.228832,45.738750528161724
8083,West Africa,-2.952696,7.2317065,86.47461049739346
8084,West Africa,-2.9362165,7.4789195,17.80304008495986
8085,West Africa,-2.9513435,8.084736,10.170355952946643
8086,West Africa,-2.9327935,8.3233255,10.174953754511174
8087,West Africa,-2.9166464999999997,10.620828,17.810544884409897
8088,West Africa,-2.8727015,5.343831,10.169922167660514
8089,West Africa,-2.898918,5.39198,71.29684145694839
8090,West Africa,-2.826012,5.39198,17.80746933211601
8091,West Africa,-2.8657135,5.394136,10.169105308623358
8092,West Africa,-2.887415,5.4013225,10.176049821353658
8093,West Africa,-2.8983125000000003,5.4156949999999995,43.23055166906335
8094,West Africa,-2.8903715,5.4171325,33.063422709725785
8095,West Africa,-2.8831765000000003,5.4228815,10.172173252106917
8096,West Africa,-2.865851,5.4228815,10.175696693709234
8097,West Africa,-2.861543,5.4271935,10.175625895710327
8098,West Africa,-2.8421889981001724,5.4581005000000005,277.8399969333747
8099,West Africa,-2.821975,5.4566575,17.803841707317968
8100,West Africa,-2.8798209999999997,5.4753425,114.5143434464923
8101,West Africa,-2.8155229999999998,5.464563,10.171470852248511
8102,West Africa,-2.831428875043178,5.4695885,38.22240833330015
8103,West Africa,-2.896402,5.473186500000001,10.17486725758126
8104,West Africa,-2.865405,5.478217,114.48286718552683
8105,West Africa,-2.8098150000000004,5.479649,190.98751001039076
8106,West Africa,-2.840227748229378,5.502661,544.6507816169144
8107,West Africa,-2.8156135,5.4875595,40.68969251372283
8108,West Africa,-2.8892990000000003,5.494746,10.170970479830713
8109,West Africa,-2.89221,5.498339,45.73563345558294
8110,West Africa,-2.8691069999999996,5.4976205,10.174461629168553
8111,West Africa,-2.8937,5.5076815,10.174294080703033
8112,West Africa,-2.8864805000000002,5.5091185,10.170747180959202
8113,West Africa,-2.9023640000000004,5.510556,10.170707288196567
8114,West Africa,-2.8944455,5.5127120000000005,17.800460191960067
8115,West Africa,-2.8583689999999997,5.518461500000001,27.976175475774646
8116,West Africa,-2.866334,5.5234915,10.17403017906327
8117,West Africa,-2.8157940000000004,5.524929,10.170467361205167
8118,West Africa,-2.8576930000000003,5.5299595,55.946009489997735
8119,West Africa,-2.8165725000000004,5.5342715,165.33646717019454
8120,West Africa,-2.8663800000000004,5.5321155,40.6920049267254
8121,West Africa,-2.8692909999999996,5.5378644999999995,10.173789608950253
8122,West Africa,-2.819506,5.5457695000000005,17.839982393378897
8123,West Africa,-2.8065655,5.5558357538940815,180.8054578616852
8124,West Africa,-2.8751365,5.5508,20.3435893431621
8125,West Africa,-2.8217285,5.5565495,10.176998605250343
8126,West Africa,-2.8875155,5.5716405,35.556904139749506
8127,West Africa,-2.8601345,5.584576500000001,17.803624736777827
8128,West Africa,-2.8637675,5.591044,25.428683083703053
8129,West Africa,-2.8919635,5.597512,17.842010490190667
8130,West Africa,-2.8205785,5.6183525,10.175953210610786
8131,West Africa,-2.8184915000000004,5.6348815000000005,167.95586476425018
8132,West Africa,-2.8249795,5.629851,10.250093289477805
8133,West Africa,-2.8300460000000003,5.6348815000000005,17.761638818192118
8134,West Africa,-2.8279133731433506,5.6406355,38.27698658728748
8135,West Africa,-2.8243475,5.650691500000001,40.84428783831693
8136,West Africa,-2.853268,5.657878,33.01854212824893
8137,West Africa,-2.820804875,5.6621845,43.33338736430508
8138,West Africa,-2.8605245,5.6621895,17.803073636425548
8139,West Africa,-2.7985189999999998,5.6837545,743.4329578286242
8140,West Africa,-2.8605590000000003,5.6693765,17.843346989381807
8141,West Africa,-2.8613155,5.675844,10.171431270033649
8142,West Africa,-2.8613385,5.6815929999999994,10.171332475546048
8143,West Africa,-2.8599170000000003,5.685905,10.167737624797248
8144,West Africa,-2.817895,5.805918500000001,17.80046861434684
8145,West Africa,-2.8433599999999997,5.838976,55.990641623750996
8146,West Africa,-2.8571315000000004,5.849037,170.42930140984888
8147,West Africa,-2.8130865,5.853349,83.84370287485683
8148,West Africa,-2.865101,5.8540675,10.175381115660944
8149,West Africa,-2.8138544999999997,5.864847,40.64972699939812
8150,West Africa,-2.848531,5.86341,25.429186701810448
8151,West Africa,-2.8189795,5.8777825,129.57629895440925
8152,West Africa,-2.8355955,5.8777825,17.803525458017933
8153,West Africa,-2.903016,5.9201825,10.174202552832673
8154,West Africa,-2.8308109999999997,5.9309625,48.32026802661683
8155,West Africa,-2.8310614999999997,5.9783925,58.52816755672557
8156,West Africa,-2.8354875,5.998514500000001,58.53311530886914
8157,West Africa,-2.824649,5.998514500000001,45.773993797240415
8158,West Africa,-2.884648,6.002108,10.169185501888732
8159,West Africa,-2.8304865,6.008575499999999,89.08323243042966
8160,West Africa,-2.8933425,6.00642,25.431598831777244
8161,West Africa,-2.883272,6.012169,10.169002572965157
8162,West Africa,-2.8818960000000002,6.027260500000001,254.280838691368
8163,West Africa,-2.8334565,6.0229485,61.03930280545955
8164,West Africa,-2.8327795,6.0308535,10.175719988643797
8165,West Africa,-2.8848565,6.0394775,10.175562348417154
8166,West Africa,-2.879289,6.2155450000000005,25.390205070349428
8167,West Africa,-2.880046,6.2205755,10.175718697213405
8168,West Africa,-2.870833,6.2543515,68.67217991168124
8169,West Africa,-2.8976290000000002,6.263694,10.171364194257803
8170,West Africa,-2.8962529999999997,6.2737549999999995,10.171173190267462
8171,West Africa,-2.865887,6.2751925,10.174684896422963
8172,West Africa,-2.8632025,6.3147175,824.3651901209986
8173,West Africa,-2.8515422499136442,6.293877,33.21866596954539
8174,West Africa,-2.881932,6.300345,58.41103686434925
8175,West Africa,-2.897838,6.3010635,10.174192060973452
8176,West Africa,-2.8739905,6.3017825,17.761714549766392
8177,West Africa,-2.885593,6.308968500000001,17.801917755421897
8178,West Africa,-2.8530570000863555,6.309687,10.246576239272798
8179,West Africa,-2.8422346259067357,6.314717999999492,38.333168128292726
8180,West Africa,-2.8530800000000003,6.313999,10.248263810731759
8181,West Africa,-2.880555,6.315436500000001,10.17391738439186
8182,West Africa,-2.887809,6.3168735,10.173889889633303
8183,West Africa,-2.8343040000000004,6.318311,33.19157267662207
8184,West Africa,-2.874071,6.3175925,17.80162918290479
8185,West Africa,-2.825628,6.316874,10.248208404429578
8186,West Africa,-2.8502225,6.3190295,15.376970634384733
8187,West Africa,-2.8813245,6.3233415,17.801414528857805
8188,West Africa,-2.825661499870183,6.324779250000627,30.714658386220147
8189,West Africa,-2.837276,6.330527999999999,15.380138628770652
8190,West Africa,-2.8850325000000003,6.338433,116.98435412751054
8191,West Africa,-2.8163525000013427,6.33843299611193,112.41688729492233
8192,West Africa,-2.898071,6.3413075,10.173421402541871
8193,West Africa,-2.864167,6.356399,190.62447427616675
8194,West Africa,-2.811325001554941,6.3456150000000004,33.206196395400916
8195,West Africa,-2.890887,6.3484940000000005,10.169744735485429
8196,West Africa,-2.896718,6.3571175,10.173117309463457
8197,West Africa,-2.883702,6.358555,10.169551158217832
8198,West Africa,-2.8476159999136446,6.371491000000001,10.245380641439928
8199,West Africa,-2.894151,6.4138905,63.588378812159974
8200,West Africa,-2.9029695,6.4404805,10.175018519117438
8201,West Africa,-2.8928445,6.441917500000001,10.174990469546419
8202,West Africa,-2.8929375,6.4591650000000005,10.171114322730087
8203,West Africa,-2.8944535,6.469226,10.170917313291246
8204,West Africa,-2.8901375,6.473538,10.170832786472685
8205,West Africa,-2.801207,6.6093615,734.8964779365868
8206,West Africa,-2.900585,7.241049,10.172443998865512
8207,West Africa,-2.8446235,7.5515025,10.172525803375313
8208,West Africa,-2.7837430000000003,5.3057425,17.799333889334648
8209,West Africa,-2.7801565000000004,5.3122105,10.17397049074026
8210,West Africa,-2.7615907502590376,5.3524545,15.298938539589788
8211,West Africa,-2.8081685,5.43438,10.168446319831357
8212,West Africa,-2.7851575,5.4588135,38.14866659423106
8213,West Africa,-2.8019406249568224,5.494032499999999,17.85762053438125
8214,West Africa,-2.801975,5.502651,25.471202022587843
8215,West Africa,-2.802866,5.5349900000000005,10.170299044646194
8216,West Africa,-2.763232,5.5543935,91.51916295758033
8217,West Africa,-2.7516689999999997,5.552956,45.77384508053888
8218,West Africa,-2.7906585,5.552956,17.808087364786843
8219,West Africa,-2.7769958742659755,5.563017,23.00226858387383
8220,West Africa,-2.7741631268566493,5.5759475,96.60926865425223
8221,West Africa,-2.78285,5.5781085,10.17311269957418
8222,West Africa,-2.756333497495682,5.6197945,4828.064174565492
8223,West Africa,-2.7821724999999997,5.587451,27.980008763061523
8224,West Africa,-2.7685865,5.6183525,10.175953211120703
8225,West Africa,-2.7946165,5.6233830000000005,15.380037764294858
8226,West Africa,-2.8047595,5.629851,10.250093289862981
8227,West Africa,-2.799761,5.6427865,198.96876461942338
8228,West Africa,-2.785262125863647,5.632006749827498,17.91324705339259
8229,West Africa,-2.7600759999999998,5.6470985,10.171940903907526
8230,West Africa,-2.7622644999999997,5.653566,45.776715285958154
8231,West Africa,-2.75289925008773,5.659310496022018,147.58897086651072
8232,West Africa,-2.7674085,5.671532,10.249375088317981
8233,West Africa,-2.7746750000000002,5.6815929999999994,10.167811764479996
8234,West Africa,-2.7645865,5.685905,10.171258309547445
8235,West Africa,-2.782663750043148,5.6930917502589775,76.54024347751952
8236,West Africa,-2.7877637499136445,5.702439,242.38777897983425
8237,West Africa,-2.77765274999994,5.6988405,10.245360237380378
8238,West Africa,-2.740776003325011,5.6923632500006285,441.1614615099566
8239,West Africa,-2.7690194999999997,5.7067455,15.376125913153135
8240,West Africa,-2.7756755,5.7412455,771.8205413920339
8241,West Africa,-2.790765,5.721837,25.430121666078648
8242,West Africa,-2.7488964999136742,5.7275865,68.97184471505645
8243,West Africa,-2.7871871249136144,5.729747,43.400076203334756
8244,West Africa,-2.7864985,5.73621,10.170388930119099
8245,West Africa,-2.8002215,5.739803500000001,17.800730091272857
8246,West Africa,-2.7915772500863856,5.743396499999999,25.48482127534764
8247,West Africa,-2.795933,5.7455525000000005,17.802315393987634
8248,West Africa,-2.754763,5.744834,10.248100439032426
8249,West Africa,-2.7652965,5.832508499999999,10.17224154757637
8250,West Africa,-2.7667634999999997,5.8368199999999995,10.168627255582244
8251,West Africa,-2.7797883749566727,5.840408000863981,33.13745119433302
8252,West Africa,-2.807996,5.847599499999999,17.762226489473296
8253,West Africa,-2.8008279965444247,5.857670503890759,96.96911887348053
8254,West Africa,-2.806606,6.002108,10.169185501739836
8255,West Africa,-2.783401,6.262257,10.249256683451568
8256,West Africa,-2.7909439999999996,6.324059999999999,10.248069804768315
8257,West Africa,-2.8011795,6.342745,35.798498376107496
8258,West Africa,-2.7967429999136737,6.5856465,10.248229072238065
8259,West Africa,-2.794051499827348,6.6215785,10.247506555356104
8260,West Africa,-2.7545405,6.9241275,17.801424626272368
8261,West Africa,-2.764742250086356,6.934907,20.422165992172737
8262,West Africa,-2.7911415,7.2302695,17.84258689646337
8263,West Africa,-2.7562775,7.33591,10.17385635760666
8264,West Africa,-2.759265,7.349564,27.971252526752675
8265,West Africa,-2.7813860000000004,10.7810855,10.176695932450201
8266,West Africa,-2.7544375,10.874509,10.173541776704404
8267,West Africa,-2.7351455000863263,5.2475325,10.247566936091824
8268,West Africa,-2.7395635,5.2690920000000006,10.248990996462961
8269,West Africa,-2.7384715,5.3481425,10.173391026766401
8270,West Africa,-2.7384960000434466,5.514149,17.91409155739595
8271,West Africa,-2.7119136226252163,5.544332000000001,132.83143465995164
8272,West Africa,-2.73283,5.5357085,27.975330589226296
8273,West Africa,-2.744382,5.538588000173073,53.478561530841795
8274,West Africa,-2.722722,5.5385835,17.801456708052545
8275,West Africa,-2.730708,5.5479255,20.347241679842018
8276,West Africa,-2.7379499999999997,5.5508,10.170033931260088
8277,West Africa,-2.722109,5.5579865,10.247773222591196
8278,West Africa,-2.7127443743074036,5.564454003895992,76.62429126933482
8279,West Africa,-2.7396359999136743,5.6025425,10.245244906648024
8280,West Africa,-2.7440125,5.6140405,10.17602652147566
8281,West Africa,-2.715872,5.617634,17.80089089158771
8282,West Africa,-2.7195264999999997,5.6269765,10.175806418632023
8283,West Africa,-2.7441005,5.6341625,10.175683933003475
8284,West Africa,-2.7464210000863254,5.665064250087193,33.24934088686582
8285,West Africa,-2.7190114999999997,5.6693765,17.8415865983274
8286,West Africa,-2.60741912223566,5.7455525000000005,5433.372241730527
8287,West Africa,-2.7372525,5.710338999999999,10.24870165924069
8288,West Africa,-2.7423305,5.716806500000001,17.799666312196113
8289,West Africa,-2.7373185,5.7232745000000005,10.24847739298434
8290,West Africa,-2.7322846249568222,5.7283095,74.07711309924487
8291,West Africa,-2.721451,5.7290235,10.248379464647273
8292,West Africa,-2.7489185,5.731898,10.24832556151405
8293,West Africa,-2.7511074999137337,5.736928749741052,17.91360177558453
8294,West Africa,-2.7497069967157914,5.745562007784329,68.83918690175227
8295,West Africa,-2.7439400000000003,5.7491455,23.045073258000844
8296,West Africa,-2.7186492498272887,5.7491455,10.249799122609108
8297,West Africa,-2.744006,5.761362500000001,53.48894895469226
8298,West Africa,-2.7505395000000004,5.7692675,20.343215657158012
8299,West Africa,-2.713942,5.8174165,17.801874598580287
8300,West Africa,-2.7240655,5.821728500000001,124.59568914704298
8301,West Africa,-2.7038931258203798,5.831789499999999,662.1114999631299
8302,West Africa,-2.7464925,5.828196500000001,10.17231764688166
8303,West Africa,-2.7206035,6.9377815,10.249809286848311
8304,West Africa,-2.730281,7.3502825000000005,10.173565451839101
8305,West Africa,-2.730347,7.3589065,20.343271605147372
8306,West Africa,-2.749974,9.866971,10.174104143119754
8307,West Africa,-2.7248780000000004,10.8428885,20.34914965907153
8308,West Africa,-2.7266075,10.870197000000001,10.173685037899228
8309,West Africa,-2.7095995,5.3481425,10.173391026503202
8310,West Africa,-2.6923415,5.3668275,10.247408191574895
8311,West Africa,-2.6966942499136444,5.369702,10.249134678637782
8312,West Africa,-2.686675,5.3869495,30.554980638150145
8313,West Africa,-2.6866965,5.394136,33.1924634710044
8314,West Africa,-2.675147,5.394136,10.172627686402627
8315,West Africa,-2.6903595,5.4049200003462605,73.85816478939805
8316,West Africa,-2.6720519998712122,5.506962998791088,35.7706507915171
8317,West Africa,-2.7010070042314336,5.5263615,250.0904406477456
8318,West Africa,-2.7048015,5.565173,20.343105914927442
8319,West Africa,-2.7019785,5.5781085,45.779004280056355
8320,West Africa,-2.67316,5.597512,63.577325495852044
8321,West Africa,-2.684013,5.5989495,17.799676649310392
8322,West Africa,-2.706398,5.599667999999999,10.169209707467713
8323,West Africa,-2.681145999314415,5.604698992384435,30.710262002939224
8324,West Africa,-2.6746905,5.6126035000000005,20.348579538355224
8325,West Africa,-2.674011250261697,5.621940992387422,127.44423564433856
8326,West Africa,-2.7014735,5.6248205,224.09391336108624
8327,West Africa,-2.7080155,5.6356,10.172120052823518
8328,West Africa,-2.6877959999999996,5.6356,10.168599068828469
8329,West Africa,-2.6770710000854914,5.659315250257961,17.914638689579505
8330,West Africa,-2.6879687483157344,5.673687999998744,331.73170917194096
8331,West Africa,-2.688033,5.685905,56.23964185205845
8332,West Africa,-2.6967212501727715,5.691654,53.503450252387786
8333,West Africa,-2.683764996373057,5.698122,107.19367028638874
8334,West Africa,-2.69608537478417,5.70817799965625,48.45232356516165
8335,West Africa,-2.685252,5.7089015,25.58111996894674
8336,West Africa,-2.6751622540582742,5.713926500864025,45.96507252518761
8337,West Africa,-2.6896069999999996,5.714650499999999,10.170779609169422
8338,West Africa,-2.682395374265976,5.718244,15.375352616385156
8339,West Africa,-2.6939625,5.7189625,10.174226726761454
8340,West Africa,-2.6766284999999996,5.7189625,10.174226725690435
8341,West Africa,-2.6651369999999996,5.7311804996539815,193.58280765008283
8342,West Africa,-2.6896285,5.7204,10.248526319598518
8343,West Africa,-2.6781370000010742,5.731897999999999,20.424130819403864
8344,West Africa,-2.699083,5.732616500000001,17.80447004020917
8345,West Africa,-2.6882485000000003,5.7333355,10.173977588407753
8346,West Africa,-2.7034380000000002,5.736928499999999,17.802577632204663
8347,West Africa,-2.6731350000000003,5.744115,25.473239920605298
8348,West Africa,-2.683300874265976,5.754175999999999,17.91352974581807
8349,West Africa,-2.66604099835924,5.7735795,23.042328458443425
8350,West Africa,-2.6863410003454233,5.7893895,84.06356356724834
8351,West Africa,-2.674890624870466,5.8102350000000005,463.81061770650956
8352,West Africa,-2.693629,5.8001695,104.39193093627611
8353,West Africa,-2.6827932531952836,5.803038999653501,79.20217656721658
8354,West Africa,-2.684303,5.815261,10.172527229174786
8355,West Africa,-2.6814673742659756,5.827477999999999,40.84527563787488
8356,West Africa,-2.6736500000000003,5.853349,25.47189580764923
8357,West Africa,-2.6708566257340243,5.873471,25.545135511910225
8358,West Africa,-2.675821999827348,6.1487115,10.246095957484977
8359,West Africa,-2.6605185000000002,6.2672875,99.38909495421625
8360,West Africa,-2.680321,6.9837745,10.174509484637925
8361,West Africa,-2.686351,7.0240185,10.173654712367574
8362,West Africa,-2.6674990000000003,7.3912455,43.276697609409474
8363,West Africa,-2.705322,9.204381999999999,10.172412502765011
8364,West Africa,-2.594100500172652,4.9931325,10.24798861943722
8365,West Africa,-2.5869489999999997,5.0103805,10.245947015277675
8366,West Africa,-2.614659,5.4286305,10.246393989568423
8367,West Africa,-2.611123,5.444440999999999,56.225872147821505
8368,West Africa,-2.6061635001726517,5.4645624999999995,35.798149560611186
8369,West Africa,-2.5946345029360947,5.468146500002511,89.34170625467814
8370,West Africa,-2.601172506569131,5.478207491182986,30.672774254207855
8371,West Africa,-2.583206999998926,5.499058,71.46552351482903
8372,West Africa,-2.580371000086833,5.5112745,30.70951165938231
8373,West Africa,-2.594203000345423,5.5371455,774.8540014477616
8374,West Africa,-2.5854555,5.518461,17.915299018206596
8375,West Africa,-2.5819285,5.5349900000000005,10.24462454815896
8376,West Africa,-2.5667665003455413,5.53858249982968,63.875171154954096
8377,West Africa,-2.5538315072538857,5.5529455,222.09540842872863
8378,West Africa,-2.560463492746114,5.583149499999999,173.56137465971614
8379,West Africa,-2.5655899999131666,5.598949499999881,79.10841759011883
8380,West Africa,-2.569262,5.611166000000001,25.58177446780265
8381,West Africa,-2.568622493177177,5.632016500000001,458.93959417303677
8382,West Africa,-2.6654949963742522,5.656446248270145,48.43826808385861
8383,West Africa,-2.660482374006879,5.663626500171818,142.76428021632913
8384,West Africa,-2.570211,5.663627,1067.3898048541953
8385,West Africa,-2.645997,5.657159500000001,10.249627011860104
8386,West Africa,-2.640272493091537,5.666512,46.005683824533925
8387,West Africa,-2.633082250172712,5.6729695,10.247579432223105
8388,West Africa,-2.5796615,5.6787185000000004,10.245707945714058
8389,West Africa,-2.535088503281403,5.723993500170022,1853.8298632128112
8390,West Africa,-2.566940496027396,5.740522500343867,28.125056864847586
8391,West Africa,-2.57215099999737,5.774298003807721,199.05807416040128
8392,West Africa,-2.632092125993091,5.7728605,107.33738231186028
8393,West Africa,-2.617678003626943,5.777162499999999,43.4640804168243
8394,West Africa,-2.6639055000000003,5.780766,10.169612526938057
8395,West Africa,-2.640111499829918,5.788671246193713,185.2987553211136
8396,West Africa,-2.5780536263053406,5.800168738415783,211.77255504851266
8397,West Africa,-2.643126796515322,5.806642377332806,64.20172392452838
8398,West Africa,-2.5694265,5.808793,51.050362281628864
8399,West Africa,-2.649693,5.828196500000001,81.38389912841481
8400,West Africa,-2.66207,5.847599499999999,17.84141992682838
8401,West Africa,-2.654134,5.851193,10.171892776694587
8402,West Africa,-2.654899,5.8590979999999995,40.69054969084299
8403,West Africa,-2.659988500089999,5.867721495763879,28.087933251906296
8404,West Africa,-2.638305,5.867003,10.171612382662317
8405,West Africa,-2.6455715,5.871315,10.168016215005622
8406,West Africa,-2.626788,5.8741895,35.79103604696823
8407,West Africa,-2.654261999827348,5.8770644999999995,33.21243996752899
8408,West Africa,-2.630453,5.8842505,63.878775997099815
8409,West Africa,-2.6564506257345015,5.8820945,17.91487390185327
8410,West Africa,-2.6398345,5.8828135,10.249202126523574
8411,West Africa,-2.63516125,5.8885625,2.680998772709237
8412,West Africa,-2.6203805,5.8943115,97.13075099002641
8413,West Africa,-2.610298000086833,5.8979045,38.336598512450294
8414,West Africa,-2.594597000172592,6.092657,10.24714491822875
8415,West Africa,-2.5903857498272886,6.1199655,10.25017814496945
8416,West Africa,-2.591129125734024,6.124995999999999,17.915512347513264
8417,West Africa,-2.5934017498272883,6.1458365,10.249694010250584
8418,West Africa,-2.6024094998274077,6.211952,10.248448742927208
8419,West Africa,-2.6350715,6.920534,10.246633725510854
8420,West Africa,-2.6235522501727115,6.9334695,10.248132812756387
8421,West Africa,-2.627103,7.0484525,10.17313335395043
8422,West Africa,-2.6307445,7.0520455,27.976782404361717
8423,West Africa,-2.6387315,7.0570765,10.17646166782047
8424,West Africa,-2.6430975,7.0585135,10.17643090095826
8425,West Africa,-2.647442,7.059951,10.169348985468456
8426,West Africa,-2.6177735,7.063544,17.805046379181675
8427,West Africa,-2.6228425,7.0642625,10.176307753122636
8428,West Africa,-2.6293815,7.067856,17.80488467061157
8429,West Africa,-2.63445,7.067137499999999,10.172733447196398
8430,West Africa,-2.6029735,7.2618895000000006,17.800974816661654
8431,West Africa,-2.664675,7.4027435,17.842893905033037
8432,West Africa,-2.650651,7.480357,25.470491163929875
8433,West Africa,-2.6633335000000002,9.234565,10.175058420981891
8434,West Africa,-2.5783940000000003,10.9938035,10.176570152414277
8435,West Africa,-2.5208835,5.0865565,10.248325472850375
8436,West Africa,-2.506775,5.1713565,20.493998143629476
8437,West Africa,-2.54969350155333,5.598231,239.58271092853857
8438,West Africa,-2.5490432498272884,5.6140405,10.248595816207748
8439,West Africa,-2.5028482498272884,5.6183525,10.248521982687283
8440,West Africa,-2.5245320001725924,5.621226999999999,10.248475790067477
8441,West Africa,-2.541883249827288,5.6284135,10.248349488050728
8442,West Africa,-2.50002,5.631288,45.96722055229217
8443,West Africa,-2.5470609996545766,5.6550034999999985,43.42933553265399
8444,West Africa,-2.5449349999999997,5.665782999999999,10.249480589130009
8445,West Africa,-2.519719874005342,5.676562750517657,33.243365359346335
8446,West Africa,-2.5486071260792977,5.678000000173189,17.915853698472606
8447,West Africa,-2.5537034996543397,5.685905500343511,71.5814137058435
8448,West Africa,-2.526310625777918,5.6981215,15.374958450907059
8449,West Africa,-2.521305874782775,5.709619001546335,91.9390299047785
8450,West Africa,-2.5277955,5.7067455,30.705433031879533
8451,West Africa,-2.5083458737080977,5.71968124602286,46.00903320039539
8452,West Africa,-2.520634133851466,5.721109000002749,43.45996545985135
8453,West Africa,-2.5119772498272885,5.7232745000000005,10.246707975545174
8454,West Africa,-2.4982946337679293,5.7326072494849125,211.90868671049597
8455,West Africa,-2.4969905104947347,5.7627895,510.2258623200301
8456,West Africa,-2.5106535,5.750583000000001,10.248008253818133
8457,West Africa,-2.5171745000854315,5.757050750257722,71.47228963304046
8458,West Africa,-2.54607600155333,5.759207,56.254056065640015
8459,West Africa,-2.524427998098205,5.760643999997726,20.45969356547976
8460,West Africa,-2.5338072501727114,5.7592064999999995,10.249625015777037
8461,West Africa,-2.535272250000179,5.764956,10.24775530621137
8462,West Africa,-2.545405,5.7678305000000005,10.24769924976074
8463,West Africa,-2.559871749568341,5.775017,10.247578295890586
8464,West Africa,-2.545446000172592,5.776453999999999,10.245778822019709
8465,West Africa,-2.38762237405125,5.864847,13305.88699412925
8466,West Africa,-2.5396672501727116,5.7793285,10.249270977051717
8467,West Africa,-2.5643290001725925,5.802325,10.2453222078307
8468,West Africa,-2.515249749999821,5.8080739999999995,10.246994521931557
8469,West Africa,-2.5009432501727114,5.8440065,10.248124653549628
8470,West Africa,-2.525066000172533,5.903653750258351,17.915524613259986
8471,West Africa,-2.516638874136369,5.958270750084596,17.914686515797534
8472,West Africa,-2.557511999992114,6.04738250760731,23.041274929888196
8473,West Africa,-2.5453013743523316,6.2126705,17.914403320503897
8474,West Africa,-2.541768250000179,6.232074000000001,10.246297085325091
8475,West Africa,-2.510723125994434,6.237104249741112,17.914032271956064
8476,West Africa,-2.5139786259944334,6.311843249741948,17.91639464486921
8477,West Africa,-2.5132959997411115,6.321186,10.246363244040673
8478,West Africa,-2.5127177497409328,6.499409,10.24995883627922
8479,West Africa,-2.5113115,6.5065955,10.244507522933189
8480,West Africa,-2.5075405,6.8975375,10.243587891463761
8481,West Africa,-2.5329065,7.0355170000000005,10.173382706569761
8482,West Africa,-2.541204,8.195407,10.171122629939052
8483,West Africa,-2.5491925,8.5288575,10.176691518692614
8484,West Africa,-2.5390594999999996,8.5331695,10.176579641803865
8485,West Africa,-2.543895,8.7135485,17.77097542172596
8486,West Africa,-2.557526,9.402009,25.397961022291085
8487,West Africa,-2.507358,9.9992015,20.354249987441364
8488,West Africa,-2.50374,10.004232,17.773066554370374
8489,West Africa,-2.5380485000000004,10.0049505,10.176949577970145
8490,West Africa,-2.5549045,10.0157305,17.842153450916005
8491,West Africa,-2.5396105,10.0193235,20.356507461940225
8492,West Africa,-2.55579,10.0351335,20.352053945208425
8493,West Africa,-2.4657534998274078,5.007505999999999,10.247772123785996
8494,West Africa,-2.4582711260363324,5.128956500341115,46.077868213350634
8495,West Africa,-2.4655460098447346,5.143319999830997,147.97839255674117
8496,West Africa,-2.4720795,5.154109,10.247274048581655
8497,West Africa,-2.473552500086833,5.1605765,15.372366164016974
8498,West Africa,-2.4494214997411117,5.263343000000001,10.247321104485037
8499,West Africa,-2.4771434997411115,5.338082,10.246113912995636
8500,West Africa,-2.4676127495683406,5.478936,10.245564639850551
8501,West Africa,-2.4848551256476687,5.6305695,17.913743602135806
8502,West Africa,-2.4798898739205524,5.652129,168.52913669140426
8503,West Africa,-2.4770707500001787,5.668658000000001,10.245888071579301
8504,West Africa,-2.4534356256476686,5.7168065,17.914681898252574
8505,West Africa,-2.4688002559581954,5.761362000341778,1321.17431489613
8506,West Africa,-2.491092000127877,5.736928750518851,17.915834812712355
8507,West Africa,-2.481722500258888,5.741959,10.246387546324437
8508,West Africa,-2.4528506209832077,5.748436250253327,56.211739066604444
8509,West Africa,-2.484671500258888,5.757769,10.246110403401417
8510,West Africa,-2.4818216297991684,5.767111492563249,30.738387645555143
8511,West Africa,-2.4689197495683404,5.78939,10.247324886463916
8512,West Africa,-2.463141250000179,5.78939,10.24732488573723
8513,West Africa,-2.4530472445595852,5.792993,58.75450678456599
8514,West Africa,-2.4472892499998213,5.798012999999999,25.57855298364937
8515,West Africa,-2.470453874352332,5.8073555,35.78999888828066
8516,West Africa,-2.455996510362694,5.806627,35.79624670307645
8517,West Africa,-2.4488125,5.815261,10.246867781621345
8518,West Africa,-2.466169,5.816698000000001,10.250387915291515
8519,West Africa,-2.4546112502590676,5.816698000000001,10.248613270014708
8520,West Africa,-2.451048500001522,5.8296335,173.75460704126033
8521,West Africa,-2.4676335,5.8238845,25.577860469576645
8522,West Africa,-2.474907,5.8361015,15.37618108008298
8523,West Africa,-2.478548626295115,5.843287750257005,17.91432088226862
8524,West Africa,-2.4489305000000003,5.8440065,10.242817502060433
8525,West Africa,-2.48244,5.905810000000001,10.248794816314057
8526,West Africa,-2.485370002598198,5.915143489107888,119.98426771942496
8527,West Africa,-2.4767395,5.921620000000001,25.580562142133523
8528,West Africa,-2.4818865007892876,5.94317873833741,89.35024002090466
8529,West Africa,-2.4883727497409325,6.252196,10.24768532977405
8530,West Africa,-2.4668037551831374,6.274464,38.37073034242838
8531,West Africa,-2.488165749740843,6.5065955,10.246275643002578
8532,West Africa,-2.493163,8.1738475,10.17519786372707
8533,West Africa,-2.4672855,8.2184035,38.15712493796357
8534,West Africa,-2.475262,8.993101,10.171274244840928
8535,West Africa,-2.408685381919441,4.98665573728732,30.668861467894864
8536,West Africa,-2.4238537497409327,4.993133,10.247989230370003
8537,West Africa,-2.4351437504316595,5.3064610000000005,10.244851192157185
8538,West Africa,-2.397362,5.6011050000000004,10.247048415966823
8539,West Africa,-2.4193355,5.677281000000001,10.249285414698605
8540,West Africa,-2.446876750259067,5.700278,10.24711149119659
8541,West Africa,-2.430988,5.701715,10.245315195850054
8542,West Africa,-2.417595499092241,5.778610750253328,428.80262050211604
8543,West Africa,-2.3952237455935306,5.782921250773973,66.41544432185313
8544,West Africa,-2.3851287466211035,5.785805010635017,56.17766827277606
8545,West Africa,-2.4320809888477433,5.788681761927753,51.088783243637636
8546,West Africa,-2.3793986376511223,5.798722,86.9188517609563
8547,West Africa,-2.3989215,5.8037624999999995,155.68940620302214
8548,West Africa,-2.427122,5.812386,10.25046439120732
8549,West Africa,-2.3983340005181346,5.836101,191.61103967554345
8550,West Africa,-2.44748574956834,5.839695000000001,10.246433016524607
8551,West Africa,-2.3969177502590675,5.841132,10.24818260515672
8552,West Africa,-2.4353614998693027,5.877782999999729,17.91501736354761
8553,West Africa,-2.4043055001301603,5.87922,25.613281453237136
8554,West Africa,-2.426262753639217,5.943889489368932,35.82764829666654
8555,West Africa,-2.380866498531952,5.9733625,23.039978593639717
8556,West Africa,-2.4076690000000003,5.9891725000000005,25.57396709987195
8557,West Africa,-2.4286335,5.9920469999999995,23.039667008067525
8558,West Africa,-2.400481749999642,5.9949215,10.247183688212914
8559,West Africa,-2.39253300013016,5.99564,17.916604121592485
8560,West Africa,-2.3991135000000003,6.0136065,33.21200004673306
8561,West Africa,-2.388996998531952,6.0136065,61.2598420994014
8562,West Africa,-2.38759950013016,6.025823,15.3692281846439
8563,West Africa,-2.378806884259677,6.162356985486284,58.78558321237429
8564,West Africa,-2.3730625,6.1695519999999995,38.33161441257608
8565,West Africa,-2.3790363736503775,6.211233759593542,219.5235528135293
8566,West Africa,-2.3660999974297345,6.231356985491301,178.7270417002338
8567,West Africa,-2.382253,6.285971999999999,43.488420665081385
8568,West Africa,-2.367774125548787,6.280223010360172,107.25558597564388
8569,West Africa,-2.391786250000358,6.3139995,25.578181010975175
8570,West Africa,-2.3773837444294252,6.3247789999999995,104.67136358344813
8571,West Africa,-2.440628999654935,6.8371715,10.246629585896521
8572,West Africa,-2.404026,8.080424,10.173965225894648
8573,West Africa,-2.402652,8.0933595,10.177187323026637
8574,West Africa,-2.316219000130697,4.950733000000271,17.911638934881687
8575,West Africa,-2.3364725,4.9679805,56.20628591945314
8576,West Africa,-2.3256990102343242,4.979469,142.9318629814608
8577,West Africa,-2.370414250259067,4.978759999999999,10.248207549891205
8578,West Africa,-2.3646812504316594,4.990258000000001,10.246261461350445
8579,West Africa,-2.3416159997411117,4.991695999999999,10.24801599457046
8580,West Africa,-2.317098000906965,4.996725250513377,30.70552054862745
8581,West Africa,-2.32434074507772,5.0024750000000004,76.59856587150848
8582,West Africa,-2.3488477555711116,5.0024750000000004,84.25152295355137
8583,West Africa,-2.3358730000000003,5.0024755,15.368945844417167
8584,West Africa,-2.364757250000179,5.006069,33.20881416566539
8585,West Africa,-2.3402295,5.0060685,10.24247971679553
8586,West Africa,-2.364813253880617,5.024036005204321,66.50127007185968
8587,West Africa,-2.3258575,5.0261905,30.664563791611634
8588,West Africa,-2.357599749740933,5.027628,10.247462702120226
8589,West Africa,-2.34319,5.029064999999999,10.249217589487415
8590,West Africa,-2.3475470001301604,5.03697,45.96143304996214
8591,West Africa,-2.3735090002588883,5.034814000000001,10.24735746324791
8592,West Africa,-2.3576572459819563,5.039843501548475,48.53507693231345
8593,West Africa,-2.360637,5.0678719999999995,10.248620648775372
8594,West Africa,-2.362136749740933,5.083682,81.6792760266434
8595,West Africa,-2.3543845,5.323709,10.248119187088417
8596,West Africa,-2.3494833743523316,5.3646715,17.91444960508917
8597,West Africa,-2.292855874438687,5.4681560000000005,1463.975791144101
8598,West Africa,-2.3187430002587988,5.4430035,10.247941448285514
8599,West Africa,-2.324686,5.484685000000001,10.249015577944586
8600,West Africa,-2.327648237907445,5.503379499999999,38.33219842888347
8601,West Africa,-2.3671951257348596,5.643504999999999,15.370149146149863
8602,West Africa,-2.338318749999642,5.6442235,10.246316723305789
8603,West Africa,-2.3166729997412014,5.6470985,10.24449209591133
8604,West Africa,-2.323950497239464,5.661472997938221,407.9747441683315
8605,West Africa,-2.3152287493957777,5.6514105,10.24619300051372
8606,West Africa,-2.3704545002587984,5.7347725,40.909924115800145
8607,West Africa,-2.3613215,5.796576,48.54138118448145
8608,West Africa,-2.3383096255613127,5.818854,17.914658212384193
8609,West Africa,-2.328214990655675,5.826049517273757,30.66725937010094
8610,West Africa,-2.3731166255613125,5.849037,25.54621303046718
8611,West Africa,-2.31545399896444,5.882095498970548,132.85880059403317
8612,West Africa,-2.3219927549230004,5.892155999304375,81.74806006211264
8613,West Africa,-2.270523000345901,6.023667,21343.970434807117
8614,West Africa,-2.322030500345065,5.9000605,10.24713434910483
8615,West Africa,-2.360426000001522,5.9259315,76.66017386326577
8616,West Africa,-2.334444000173547,5.930962,33.1753267099786
8617,West Africa,-2.369143500269727,5.935274239713307,61.297776668552004
8618,West Africa,-2.346858500345065,5.9647385,10.24596427258393
8619,West Africa,-2.3318156258636593,5.99276574991603,17.91359732428119
8620,West Africa,-2.3594449997412887,6.033009749656248,17.914077914200224
8621,West Africa,-2.321461500258799,6.1070295,10.246884230360127
8622,West Africa,-2.367317884728185,6.179604489115424,58.78402746866477
8623,West Africa,-2.3615825,6.1903925,117.57215386462126
8624,West Africa,-2.3226506263367863,6.211233250429688,17.915340783718044
8625,West Africa,-2.361705874132059,6.21698225362568,112.30346976970611
8626,West Africa,-2.353772750000358,6.2234505,10.246468261960214
8627,West Africa,-2.3481496255613123,6.255789,255.27823536423858
8628,West Africa,-2.358318500345065,6.2665685,10.247420014529178
8629,West Africa,-2.3626752499996417,6.2723175,10.245536851906245
8630,West Africa,-2.3229865001743826,6.288846500000005,252.59593882778162
8631,West Africa,-2.3395590002587987,6.2766295,10.247223211109803
8632,West Africa,-2.3439344999992806,6.285253500520643,102.24534495804569
8633,West Africa,-2.323061,6.304657000000001,25.54501798280893
8634,West Africa,-2.3679071246398666,6.308969762167492,97.01525559910345
8635,West Africa,-2.3715415,6.3154365,10.248254464509541
8636,West Africa,-2.3341125,6.3484940000000005,10.244075960510415
8637,West Africa,-2.328497118606624,6.388019500694188,94.53579651942455
8638,West Africa,-2.328543,6.396642999999999,15.370622313747395
8639,West Africa,-2.340123,6.398799,25.578052098937107
8640,West Africa,-2.330298250000358,6.4649145,10.245336070240544
8641,West Africa,-2.329612499826572,6.4728195,17.914908559556693
8642,West Africa,-2.319789,6.6920055,30.672741490520323
8643,West Africa,-2.318806992746114,6.7933445,237.3630728806356
8644,West Africa,-2.3426454999999997,6.926283,10.246526843164618
8645,West Africa,-2.373127,6.9435305,10.175359362112884
8646,West Africa,-2.3449999999999998,8.288112,17.83925282462051
8647,West Africa,-2.3472075,8.2931425,10.175715997489185
8648,West Africa,-2.316267,8.702769,10.172094570117832
8649,West Africa,-2.3068415,4.951452,10.24684718972784
8650,West Africa,-2.2967795002587987,4.9615124999999995,10.244927417081321
8651,West Africa,-2.2953555000000003,4.967262,10.246608362669845
8652,West Africa,-2.307711001034665,4.993850501547938,211.7091103314261
8653,West Africa,-2.294818000788501,5.018284739096654,51.158316971663396
8654,West Africa,-2.287084,5.079370000000001,25.580393635512774
8655,West Africa,-2.290080000258799,5.1066785,10.24625101912395
8656,West Africa,-2.290116999741201,5.1153025,10.246116755336272
8657,West Africa,-2.2857875,5.119614,10.247821289273643
8658,West Africa,-2.2959069997412014,5.1253635,10.245959821097482
8659,West Africa,-2.2887107450777204,5.1275189999999995,28.126627239562623
8660,West Africa,-2.2786179992233295,5.13183174948689,71.50003690772921
8661,West Africa,-2.300292,5.139735999999999,10.247503119851784
8662,West Africa,-2.3086544998698404,5.2554379999997325,89.3750539414856
8663,West Africa,-2.293526989505355,5.261197,43.45543571588263
8664,West Africa,-2.2892242502590676,5.2690920000000006,10.247228231661747
8665,West Africa,-2.2836520003450653,5.3222715,10.246378661324012
8666,West Africa,-2.2887045001301605,5.324427,17.91428049562434
8667,West Africa,-2.3029902497409322,5.474624,10.24741165685482
8668,West Africa,-2.2857005003450652,5.4832475,10.247275606437212
8669,West Africa,-2.2973622493957784,5.5119935,10.245018375185087
8670,West Africa,-2.28256687366311,5.607572749655654,17.91399585001888
8671,West Africa,-2.284751499654935,5.6126035,10.245088269978208
8672,West Africa,-2.2876675010359184,5.620507500683669,30.703609100392192
8673,West Africa,-2.2877774993526825,5.646380498970548,63.87677779058603
8674,West Africa,-2.2805842449602083,5.656440487882836,97.04277643245327
8675,West Africa,-1.8268404895898853,6.0272605211453305,176992.38259298904
8676,West Africa,-2.292257874264424,5.683749000000001,155.64687534648922
8677,West Africa,-2.30754412573486,5.715369000000001,17.9147348063145
8678,West Africa,-2.3083035,5.7232745,30.66757065245263
8679,West Africa,-2.3083582553257083,5.739803236255284,247.42546092901546
8680,West Africa,-2.2908487496545766,6.0452265,10.248032159120296
8681,West Africa,-2.298186000345065,6.0710975,30.66475801971698
8682,West Africa,-2.2867145,6.092657,25.577591254256312
8683,West Africa,-2.277438498616398,6.121403,163.56199476856833
8684,West Africa,-2.296331126268445,6.145117986529005,23.037242054255
8685,West Africa,-2.29101800000191,6.253633000000001,178.65125050642558
8686,West Africa,-2.3028534998294936,6.314717749570312,17.913656957184894
8687,West Africa,-2.2867660001734276,6.4340125,15.369058747219825
8688,West Africa,-2.29549,6.443355,10.24576554881947
8689,West Africa,-2.303630999825618,6.487192499999519,17.912628453560476
8690,West Africa,-2.3074050001734276,6.5202495,56.20402905267375
8691,West Africa,-2.3002085,6.5288734999999996,15.368009656236444
8692,West Africa,-2.282217986525633,6.7063880000000005,74.0471077315352
8693,West Africa,-2.301235,6.749497,10.2466803548455
8694,West Africa,-2.289840750345423,6.7868665,10.24768143221526
8695,West Africa,-2.300770499826572,6.8033955,25.544946513692242
8696,West Africa,-2.2962582500005966,6.919097000000001,10.246685485902931
8697,West Africa,-2.286873,8.651027,10.173459851856597
8698,West Africa,-2.2951405,9.915839,10.176116609097743
8699,West Africa,-2.2730287551810795,4.975885499998831,206.84764294044803
8700,West Africa,-2.2571595001742626,4.976604000000271,17.912721811734773
8701,West Africa,-2.2680892497409326,5.008943,10.247752036144618
8702,West Africa,-2.2452560014680483,5.0822445,2695.254997846048
8703,West Africa,-2.275485750604222,5.0621225,10.24516862295655
8704,West Africa,-2.2726542497409326,5.077933,10.246692046045506
8705,West Africa,-2.2554110014700774,5.0980545,43.41466306624376
8706,West Africa,-2.262626,5.0980550000000004,30.66656031097706
8707,West Africa,-2.2655304999999997,5.103804,10.248067525098277
8708,West Africa,-2.270671007947114,5.129674498276238,48.61531224820152
8709,West Africa,-2.25843300013016,5.13758,15.368884507781905
8710,West Africa,-2.2584780017703983,5.149797249913403,25.579399341808017
8711,West Africa,-2.2581913751716503,5.271246502062489,145.54865939804648
8712,West Africa,-2.275512,5.271248,51.05069901484293
8713,West Africa,-2.2676097497409327,5.279153,10.24706653970235
8714,West Africa,-2.27775950013016,5.292807,15.368289741987802
8715,West Africa,-2.2720130000000003,5.299275,20.493473437602425
8716,West Africa,-2.2706048787474082,5.308619007795153,45.99594122050706
8717,West Africa,-2.250414244687866,5.3143765,92.05877416514201
8718,West Africa,-2.2699192571700095,5.317959499997665,43.48889577168856
8719,West Africa,-2.2557840000000002,5.399884999999999,107.28786696643668
8720,West Africa,-2.261604,5.412102,17.913097648378628
8721,West Africa,-2.2609182499996416,5.4228815,10.246503140072472
8722,West Africa,-2.2580672493957783,5.4315055,10.24636051117511
8723,West Africa,-2.2581304993468727,5.448035003971643,272.8531245667235
8724,West Africa,-2.271135005023453,5.452337489623332,63.868120661457404
8725,West Africa,-2.2676429985319517,5.4832475,33.27958017210285
8726,West Africa,-2.264051,5.488277999999999,15.370554078755298
8727,West Africa,-2.2656485082890914,5.528521250770206,155.89992006756876
8728,West Africa,-2.2664625117587245,5.552947489623332,76.58094163351319
8729,West Africa,-2.2744229997412013,5.5565495,10.246038073735004
8730,West Africa,-2.258628749395778,5.5809835,25.577783479358985
8731,West Africa,-2.2661129875590507,5.646388501026937,313.9076291443338
8732,West Africa,-2.267948499654935,5.7477085,25.575909076029482
8733,West Africa,-2.281745125518314,5.7656745,17.911869407957536
8734,West Africa,-2.262479978040801,5.821739515548313,252.7991305577235
8735,West Africa,-2.267917997428672,5.91802848617402,86.83698324725292
8736,West Africa,-2.2599885110611586,5.921611997251921,43.42098836530269
8737,West Africa,-2.2679724989773584,5.932400486508444,46.031384770720074
8738,West Africa,-2.255057874638389,5.9525215138317265,487.33879599557577
8739,West Africa,-2.276716,5.9482099999999996,17.9141432005801
8740,West Africa,-2.2646600001734276,6.0028265,15.372931587236002
8741,West Africa,-2.2807589999999998,6.0516945,15.369811092225186
8742,West Africa,-2.267977999654935,6.1084675,45.994895161759445
8743,West Africa,-2.2608324998265728,6.126433499999527,66.41960878376379
8744,West Africa,-2.2760654999980905,6.137213,107.28706113869806
8745,West Africa,-2.282625874438687,6.149430000000001,15.371971790898089
8746,West Africa,-2.278298000345065,6.1515855,10.24605549627655
8747,West Africa,-2.275442008289451,6.160927250510072,66.48948403018527
8748,West Africa,-2.2812350015534633,6.163801501371653,30.703537031480728
8749,West Africa,-2.2704199998256183,6.170989499999519,17.9126993414676
8750,West Africa,-2.281281,6.173145,10.243882859872206
8751,West Africa,-2.2461504998265722,6.242853500000001,1718.7774194386855
8752,West Africa,-2.272972,6.2565075,10.245842048482318
8753,West Africa,-2.261441,6.2651315,10.245677334432488
8754,West Africa,-2.260067502759591,6.285251502746186,226.9508047344672
8755,West Africa,-2.2717995,6.322623,10.244575957878965
8756,West Africa,-2.276632,6.4318565,10.24953184016862
8757,West Africa,-2.2651786256917417,6.4598835,30.701087908739147
8758,West Africa,-2.276778,6.4663515,10.248852791018004
8759,West Africa,-2.2547205099962557,6.702783015210155,120.00724137367213
8760,West Africa,-2.265611874135774,6.711408750429871,17.914914774237293
8761,West Africa,-2.2766960000000003,8.652463999999998,10.17342204357751
8762,West Africa,-2.2810759999999997,8.6539015,20.350232572789505
8763,West Africa,-2.2534625000000004,4.952889000000001,10.246825512875848
8764,West Africa,-2.2484490001301602,4.962231,17.913120570149434
8765,West Africa,-2.2420278683937824,4.983801,94.49815601227297
8766,West Africa,-2.2514429998698398,4.993852,17.912282389582465
8767,West Africa,-2.2435074997412014,4.9945705,10.244426256143605
8768,West Africa,-2.234895004004064,5.006069260639606,194.00310778739927
8769,West Africa,-2.23783512543245,5.0225972500865925,30.702604349580035
8770,West Africa,-2.247943999741201,5.0247535,10.247515303824402
8771,West Africa,-2.237257002072119,5.063560000347339,35.790213056463976
8772,West Africa,-2.251046,5.087994,10.248309321702022
8773,West Africa,-2.251199501035204,5.13183025077074,76.58983164160452
8774,West Africa,-2.2469344932625823,5.149078500687489,51.189729673519565
8775,West Africa,-2.2519843736631104,5.150515749655145,17.912915476930998
8776,West Africa,-2.2537889997416505,5.249688749307478,17.914148560609746
8777,West Africa,-2.2437213742651405,5.25975,28.15771474599528
8778,West Africa,-2.214080986183074,5.240346000000001,5922.054832521964
8779,West Africa,-2.250956,5.2640615,17.91243441943341
8780,West Africa,-2.2380015,5.2741225,25.54309550910217
8781,West Africa,-2.2473926378270566,5.278424,53.73703817098511
8782,West Africa,-2.246012499741201,5.2964005,10.246792928301662
8783,West Africa,-2.2347785,5.381919,71.46425725911949
8784,West Africa,-2.2526535003450654,5.5292405,10.246503718238138
8785,West Africa,-2.246931485835622,5.5407495,140.35355954118316
8786,West Africa,-2.2555954996549348,5.5421765,10.246285464856086
8787,West Africa,-2.2520214994834165,5.551519,48.502774849321064
8788,West Africa,-2.2426715,5.5579865,10.247790377361046
8789,West Africa,-2.2370035055278343,5.587441749229793,38.366413294386
8790,West Africa,-2.237154006564001,5.629850999304135,117.461205471925
8791,West Africa,-2.2393750013802602,5.6442239999999995,94.46053910155211
8792,West Africa,-2.254613,5.6607525,15.371441760749132
8793,West Africa,-2.243202,5.698122,15.371823268980076
8794,West Africa,-2.25262700000191,5.707464,23.035992602999464
8795,West Africa,-2.246858125561313,5.708183,17.91496594164227
8796,West Africa,-2.2389229989644357,5.712495749489575,45.998440970753386
8797,West Africa,-2.231799493104467,5.739803488917792,275.62183410968987
8798,West Africa,-2.2457743635958525,5.801615501029453,104.73999070154791
8799,West Africa,-2.2537925,5.8181355,40.90898433088753
8800,West Africa,-2.227939012440949,5.856214498973773,288.3250842388703
8801,West Africa,-2.2477060150483483,5.920890484451688,137.81152229076872
8802,West Africa,-2.234808986160151,5.946782513130829,91.92497690421284
8803,West Africa,-2.2558165,5.9633015,10.247762764984833
8804,West Africa,-2.2527010000019096,6.084033,38.369604041461024
8805,West Africa,-2.255023,6.1199655,10.248419756661036
8806,West Africa,-2.252882,6.127152000000001,66.37762746532674
8807,West Africa,-2.2391765,6.132901,120.148438027355
8808,West Africa,-2.2556755,6.272318,10.245542353774736
8809,West Africa,-2.239895749654577,6.3010635,10.246762334628691
8810,West Africa,-2.2529824996550545,6.316874,10.246459226135446
8811,West Africa,-2.237696000173428,6.4598835,15.37005632296811
8812,West Africa,-2.243491000344946,6.460602,10.247198555742832
8813,West Africa,-2.244591000431182,6.706378,10.245805345719495
8814,West Africa,-2.2560640000000003,6.990961,10.170818297397558
8815,West Africa,-2.2303794999999997,4.952889000000001,10.246825512649476
8816,West Africa,-2.2311635,4.9701365,20.45735704486554
8817,West Africa,-2.2247148827314693,4.982352248457358,48.543171226319046
8818,West Africa,-2.2290351254311522,4.9794789999999995,15.370328431866632
8819,West Africa,-2.2204141255613123,4.990977,76.69181421923098
8820,West Africa,-2.2306386257348594,5.028346,46.02710664765842
8821,West Africa,-2.2306837506042223,5.0376885,10.245544452108732
8822,West Africa,-2.226497750000358,5.0851195,10.244813246324812
8823,West Africa,-2.2203601134715027,5.1821459999999995,50.9852264628043
8824,West Africa,-2.226854749999642,5.1828545,10.24683364136499
8825,West Africa,-2.233599873662797,5.255437749914481,43.416660721798166
8826,West Africa,-2.2271047499996417,5.2575935,10.245644947234325
8827,West Africa,-2.2301167499996417,5.2877765,10.245160083754037
8828,West Africa,-2.224360749395778,5.2949635,10.245044232034399
8829,West Africa,-2.2230239996549352,5.3251465,48.53958916944671
8830,West Africa,-2.2191475,5.448034,28.156330478094937
8831,West Africa,-2.2293705,5.4774985,10.249144236229602
8832,West Africa,-2.219271998964795,5.482529749229794,30.695599122611245
8833,West Africa,-2.2279355,5.4825289999999995,15.372027754957259
8834,West Africa,-2.235253499654935,5.5062445,10.246890466270322
8835,West Africa,-2.2237644863354635,5.525657514187435,56.17748388495861
8836,West Africa,-2.2296384996549348,5.5508005,10.246139674052602
8837,West Africa,-2.227615487218279,5.588897250770207,153.25317411282944
8838,West Africa,-2.2220705,5.647817,61.28982602290795
8839,West Africa,-2.2314590003450654,5.6499725,25.576613155135593
8840,West Africa,-2.224469,5.7089015,10.248745062260685
8841,West Africa,-2.2288025,5.710338999999999,10.241634858324748
8842,West Africa,-2.2331539986197395,5.716088,33.20975979684797
8843,West Africa,-2.227403,5.7211185,15.369428329906459
8844,West Africa,-2.221125499825618,5.780047499999519,17.91275932435721
8845,West Africa,-2.2283844986355215,5.788671987541365,79.20083117361386
8846,West Africa,-2.222195487734149,5.867730501372602,275.95178676515906
8847,West Africa,-2.226655,5.8964675,40.937759261864514
8848,West Africa,-2.2281269999999997,5.9029355,10.245310070392101
8849,West Africa,-2.2114910079500856,5.900060996556289,252.76285486378796
8850,West Africa,-2.2260660072749077,5.933117986861037,171.084418347392
8851,West Africa,-2.2218385000000005,6.135057,112.4030796877614
8852,West Africa,-2.227755,6.1645215,25.58175620805463
8853,West Africa,-2.233653999826572,6.1925485,15.367195104487884
8854,West Africa,-2.226470250000597,6.206203,10.246805055570201
8855,West Africa,-2.2231595003639195,6.274473736613266,33.21484633133829
8856,West Africa,-2.2275775013816927,6.29244,35.82821564954232
8857,West Africa,-2.2204539996550543,6.486473999999999,10.24668742807878
8858,West Africa,-2.217853872211531,6.714284515517753,117.49646412418312
8859,West Africa,-2.2330585001734278,6.7157205,15.367637773764532
8860,West Africa,-2.2261405,7.3847775,10.176304651576874
8861,West Africa,-2.231974,7.3905265,40.697653212285516
8862,West Africa,-2.2349085,7.3991505,20.344980460948225
8863,West Africa,-2.224047,7.399869,17.8360258875907
8864,West Africa,-2.223636,7.462391,61.01455998880981
8865,West Africa,-2.21090349986984,4.949296,38.331079393325915
8866,West Africa,-2.206826749999642,5.2374715,10.245966649784807
8867,West Africa,-2.2145585,5.3768885,25.578725370392945
8868,West Africa,-2.1958624918836254,5.397729997930575,1670.0474663532075
8869,West Africa,-2.2085935012252493,5.524209487881994,130.32392561675974
8870,West Africa,-2.2044030143366165,5.558694999478638,74.04839216041448
8871,West Africa,-2.2096165,5.6039795,10.247007899810585
8872,West Africa,-2.2099369961965474,5.686621502749037,28.092234791399985
8873,West Africa,-2.2182185,5.774298,17.914717509769332
8874,West Africa,-2.204751,5.838976000000001,89.44675720706947
8875,West Africa,-2.2123387496544575,5.931680999999999,30.69642848130489
8876,West Africa,-2.2126764999999997,6.0150435,10.246817613070943
8877,West Africa,-2.2148798738121007,6.021511486173539,23.033570206539302
8878,West Africa,-2.2187235000028647,6.253633000000001,20.46469721484533
8879,West Africa,-2.214412500344829,6.260100750430168,17.916376830257185
8880,West Africa,-2.213002127767008,6.268723498284118,38.3645254584744
8881,West Africa,-2.2189719996550545,6.476413,10.246886440352004
8882,West Africa,-2.2009730000000003,7.4228655,262.03265809744147
8883,West Africa,-2.2126395,7.43652,25.43429780119211
8884,West Africa,-2.2040495,7.458797499999999,345.9401776563193
8885,West Africa,-2.203431,7.478201,81.42326898645253
8886,West Africa,-2.215726,7.474608,17.834823169644146
8887,West Africa,-2.2099805,7.4861065,17.836084344235562
8888,West Africa,-2.2121994999999997,7.492574,30.52333789262158
8889,West Africa,-2.2078865,7.498323,10.17020155708102
8890,West Africa,-2.2136565,8.044492,10.1713416051897
8891,West Africa,-2.209337,8.0516785,10.178209873238613
8892,West Africa,-2.2073825,8.092641,17.83727110708873
8893,West Africa,-2.2097515000000003,8.257929,25.401239049136993
8894,West Africa,-2.2114915,8.564071,17.77608408664494
8895,West Africa,-2.196459,4.944984,43.417654434188314
8896,West Africa,-2.1980779999999998,4.9981635,38.32876091946984
8897,West Africa,-2.2062432497409326,5.063560000000001,10.246914071579758
8898,West Africa,-2.2033747506042216,5.0721835,35.750052751145745
8899,West Africa,-2.2019581255613128,5.080089,15.36934711231018
8900,West Africa,-2.2027416255613126,5.095898999999999,33.241105815876864
8901,West Africa,-2.2006124996549348,5.1095535,10.246210581333772
8902,West Africa,-2.196882250000358,5.2805905,10.245275780189544
8903,West Africa,-2.1963014999999997,5.3201155,17.909090030952683
8904,West Africa,-2.202991498962665,5.372577250512033,35.821773256500684
8905,West Africa,-2.2041110000019097,5.481809999999999,23.03273437619392
8906,West Africa,-2.1955974861830745,5.522783,74.07557971443507
8907,West Africa,-2.200775,5.555111999999999,10.244294332283793
8908,West Africa,-2.2023075,5.580983,10.243860260818044
8909,West Africa,-2.2033479998265726,5.6650645,17.912731304004872
8910,West Africa,-2.201648998446538,5.7843604986273975,30.700854851515057
8911,West Africa,-2.2004254999999997,5.8440065,10.24991084889345
8912,West Africa,-2.1999679999990507,5.909403000687257,48.57217653040102
8913,West Africa,-2.1965230013835884,5.951083498973766,61.227432065747806
8914,West Africa,-2.197977874698471,6.1336195,17.912162367753975
8915,West Africa,-2.1958445013816927,6.141525,43.45454831207059
8916,West Africa,-2.197475500173428,6.1839245,35.78489684180825
8917,West Africa,-2.200862015332306,6.301773498631688,86.76039035623923
8918,West Africa,-2.196993000431182,6.740873000000001,10.24509736615189
8919,West Africa,-2.197275500431182,6.801239000000001,10.247388152156299
8920,West Africa,-2.2007405,7.2295505,25.43357072483674
8921,West Africa,-2.2007585,7.2338625,30.5249124362741
8922,West Africa,-2.19871,7.4034625,10.172375195920404
8923,West Africa,-2.1998685,7.4918555,17.77095185914004
8924,West Africa,-2.2028125000000003,7.5019165,58.49848387284956
8925,West Africa,-2.1978095,7.512696,30.52020805419245
8926,West Africa,-2.1961674999999996,8.551135500000001,27.980649365060696
8927,West Africa,-2.1928688699893732,4.952179250511488,71.49796792783492
8928,West Africa,-2.1860331255183136,5.0628415,15.367952925457013
8929,West Africa,-2.1933975,5.1109905,10.247960596552801
8930,West Africa,-2.1912864951645528,5.123926000000357,117.38347099146029
8931,West Africa,-2.1879057496545764,5.1914785,10.248469522577885
8932,West Africa,-2.188204,5.2762785,10.248893898748745
8933,West Africa,-2.1826589905178464,5.340239486847148,25.616225318565323
8934,West Africa,-2.191433874481686,5.3704205,40.94016745102751
8935,West Africa,-2.188395,5.528522000000001,25.537596858419654
8936,West Africa,-2.1898110001734277,5.7124945,15.371426287333193
8937,West Africa,-2.192294,5.796576,48.574882969771316
8938,West Africa,-2.1963025,5.8943115,10.249010310252746
8939,West Africa,-2.1920116256917415,5.9079654999999995,15.369767590184525
8940,West Africa,-2.1877032503454235,5.9144335,10.246877883520131
8941,West Africa,-2.1842488916261633,5.953947498279466,66.41105240355357
8942,West Africa,-2.1871714978411125,6.140087499995516,20.49246595866754
8943,West Africa,-2.1900800003449454,6.144399,10.246195160670817
8944,West Africa,-2.1880609987042154,6.180331499999999,23.035747166963176
8945,West Africa,-2.1902910003449456,6.194704,30.664932454059354
8946,West Africa,-2.1862347499994033,6.263693999999999,10.245711532771619
8947,West Africa,-2.1935877492232754,6.29244,10.245161007166116
8948,West Africa,-2.184501249223275,6.5324670000000005,25.57639377708962
8949,West Africa,-2.195016,7.2424859999999995,10.172412435663533
8950,West Africa,-2.195175,7.2741065,10.175255507454406
8951,West Africa,-2.185842,7.4408315,33.06366117908412
8952,West Africa,-2.1858769999999996,7.446581,30.51766280598881
8953,West Africa,-2.1867075,7.4688585,71.21549645312386
8954,West Africa,-2.1854685,7.51054,116.98276845268586
8955,West Africa,-2.173724615873557,5.049914013157892,38.29377117531649
8956,West Africa,-2.179195493262697,5.1720749999999995,81.70625359993679
8957,West Africa,-2.1730830112480044,5.285612486159658,168.46956932735796
8958,West Africa,-2.1778325,5.4020410000000005,33.24293829294803
8959,West Africa,-2.1656470069108495,5.4307865,171.10932334056747
8960,West Africa,-2.146946616879751,5.4466065,497.50038491051055
8961,West Africa,-2.1794339999999996,5.446597000000001,17.91343342916068
8962,West Africa,-2.172284373659815,5.463844499999519,17.91336322352385
8963,West Africa,-2.177169,5.806637,10.243489604332057
8964,West Africa,-2.1728520003449456,5.812386,10.245160006147401
8965,West Africa,-2.1748032503455423,5.941742,10.242844877358703
8966,West Africa,-2.1791644998265722,5.9453355000000006,15.370524603652704
8967,West Africa,-2.1743598587357162,6.010023516412938,97.01053779472286
8968,West Africa,-2.173898999655054,6.076847000000001,10.247454284727622
8969,West Africa,-2.1760844999995195,6.081877500347573,17.912510070326245
8970,West Africa,-2.1843325,6.1501485,10.247859725270905
8971,West Africa,-2.170634374525043,6.1623655,206.6365937816902
8972,West Africa,-2.1714180172771247,6.175291,58.85411405002145
8973,West Africa,-2.1830625004311823,6.194704,10.245254005772084
8974,West Africa,-2.183404500216785,6.2787855,53.73177929811785
8975,West Africa,-2.160983390117485,6.275900999999999,464.2151421352827
8976,West Africa,-2.183798999568818,6.372928,10.245379620630848
8977,West Africa,-2.178709,6.697036000000001,17.91322617893584
8978,West Africa,-2.1731605,7.216615,25.430705004125407
8979,West Africa,-2.1718515,7.2496725,63.553509104354234
8980,West Africa,-2.1742090000000003,7.284886,33.092467390700634
8981,West Africa,-2.18289,7.4293335,33.064504158769395
8982,West Africa,-2.171329,7.437957,25.428941220267408
8983,West Africa,-2.1772150000000003,7.4530484999999995,33.03293025017773
8984,West Africa,-2.1758355,7.4695775,10.174393143235031
8985,West Africa,-2.1802365,7.4796385,10.174164912136147
8986,West Africa,-2.1752504999999998,7.4961675,17.804108382503014
8987,West Africa,-2.173976,7.5306619999999995,53.41164146126695
8988,West Africa,-2.1754875,7.543597500000001,17.833785702384457
8989,West Africa,-2.1812595000000004,8.0940785,17.802135776201236
8990,West Africa,-2.1694364999999998,8.579881499999999,101.6796372498451
8991,West Africa,-2.159645374566817,4.939234750519753,186.29343811216899
8992,West Africa,-2.166180125215029,4.950733750773342,56.234836781625546
8993,West Africa,-2.159731500345546,4.965105749911249,66.37781834265778
8994,West Africa,-2.1628685106232837,5.041990500000001,89.2742771955607
8995,West Africa,-2.152822508292775,5.269090998622619,140.52309775559695
8996,West Africa,-2.171162,5.3510175,10.247683557155153
8997,West Africa,-2.163979,5.3668275,10.24742535195195
8998,West Africa,-2.172649,5.367546,15.369570436315396
8999,West Africa,-2.1628819999999997,5.4602509999999995,10.242344891697252
9000,West Africa,-2.1673175000000002,5.4904340000000005,10.245387773990501
9001,West Africa,-2.171876,5.550800000000001,10.240826214502146
9002,West Africa,-2.172556,5.730461,10.244829031158439
9003,West Africa,-2.172581874698471,5.7412405,15.367135280699936
9004,West Africa,-2.167873750000597,6.016481000000001,10.246798590763156
9005,West Africa,-2.1696141337648944,6.091937501368665,28.127860527157114
9006,West Africa,-2.1631455001734277,6.0991245,25.542874739353707
9007,West Africa,-2.165095,6.2227315,17.91364727630134
9008,West Africa,-2.1713855,6.676914,17.909523956677816
9009,West Africa,-2.1697575000000002,7.4135235,33.06201017388344
9010,West Africa,-2.1640645000000003,7.432208,10.17169896640738
9011,West Africa,-2.1619165000000002,7.440113,27.946317222783122
9012,West Africa,-2.1688495000000003,7.522757,10.1696448190632
9013,West Africa,-2.168203,7.5378485,17.77084306967859
9014,West Africa,-2.1631859999999996,7.833211,25.43055417999579
9015,West Africa,-2.1597910000000002,8.016465,55.958513544103106
9016,West Africa,-2.1539359946253818,4.953606514531922,201.5922082257192
9017,West Africa,-2.1562716260261543,5.0096617596974475,56.165932168354445
9018,West Africa,-2.1534984999980904,5.042001,20.454297751717927
9019,West Africa,-2.1464130006786375,5.081525508836156,137.9079098905729
9020,West Africa,-2.147720494816749,5.2554365013778614,102.05492254216124
9021,West Africa,-2.1528925001743824,5.289932500000006,219.19848656632743
9022,West Africa,-2.1537349999980906,5.323709,74.01473043885633
9023,West Africa,-2.132253993262578,5.3704205,1593.2645375655848
9024,West Africa,-2.162518,5.3610785,10.247519329700001
9025,West Africa,-2.158429,5.4286305,10.246408695418621
9026,West Africa,-2.152654,5.430068,25.575258028298645
9027,West Africa,-2.1584465,5.4329425,10.249885224617929
9028,West Africa,-2.158585,5.470312,33.2780822527375
9029,West Africa,-2.1470254998265723,5.4681565,170.97956685780912
9030,West Africa,-2.151806000173428,5.5917625,15.367459357544433
9031,West Africa,-2.159346999655054,5.680156,10.247476500478067
9032,West Africa,-2.156752750345423,5.7534575,10.24619586064182
9033,West Africa,-2.1534350004308855,5.8332267505171185,17.91420736234956
9034,West Africa,-2.1476905013797967,5.8418495013721286,63.90805953516744
9035,West Africa,-2.151457749654577,5.8842505,20.493049604157346
9036,West Africa,-2.1429421182151316,5.923785502745213,112.4398337690506
9037,West Africa,-2.136509356813991,5.938159751717552,186.40229133709204
9038,West Africa,-2.160534625301529,5.9855795,15.367214810751248
9039,West Africa,-2.1606822492232753,6.020792999999999,10.246719438795122
9040,West Africa,-2.1621363743082584,6.0258234999999996,15.366545525381857
9041,West Africa,-2.161202500431182,6.153022999999999,10.246038924854744
9042,West Africa,-2.159103874525043,6.1681145,17.912359345848202
9043,West Africa,-2.1567404999999997,6.298189,23.035563421948616
9044,West Africa,-2.156765,7.4207095,30.52295273524382
9045,West Africa,-2.1558365000000004,7.528506,25.4308119783554
9046,West Africa,-2.153006,7.5414414999999995,10.176265274731096
9047,West Africa,-2.1596515,7.990593499999999,27.94591201694175
9048,West Africa,-2.1584405,8.1702545,17.830331434446595
9049,West Africa,-2.157741,8.175284999999999,10.171622967811098
9050,West Africa,-2.1555235,8.561914999999999,10.172292974730206
9051,West Africa,-2.1614069999999996,8.573413500000001,10.179033141985679
9052,West Africa,-2.1613925,9.3078665,10.17652874654005
9053,West Africa,-2.1417579998699297,4.982353499999643,181.2224900160352
9054,West Africa,-2.1483105,5.0024755,15.364021667183334
9055,West Africa,-2.142668,5.0405635,25.57702377580794
9056,West Africa,-2.1428055,5.0851195,10.248362453941235
9057,West Africa,-2.145022,5.3122105,10.248314127882923
9058,West Africa,-2.137426000174382,5.40635250000048,117.38774976026535
9059,West Africa,-2.1425305000000003,5.4228815,10.250051707907259
9060,West Africa,-2.150008,5.494745999999999,10.241769283541805
9061,West Africa,-2.1493035000000007,5.49977649999952,17.912322319218994
9062,West Africa,-2.1443525,5.530678,10.24471195595925
9063,West Africa,-2.1429432503455423,5.5349900000000005,10.242868663481458
9064,West Africa,-2.139710874525043,5.6406305,17.91170198877493
9065,West Africa,-2.1409566254749572,5.7814844999999995,20.524931600358343
9066,West Africa,-2.142547499568818,5.819573,10.245038094899888
9067,West Africa,-2.139675250345423,5.8238845,10.248498570979958
9068,West Africa,-2.132483515220124,5.835382986164456,341.83253164508784
9069,West Africa,-2.1514405003449455,5.878501,10.24752644864468
9070,West Africa,-2.1413865000000003,5.893593,15.369690785160865
9071,West Africa,-2.1507871253015294,5.8950305,17.913170066956422
9072,West Africa,-2.1459195003449456,5.943179000000001,10.246360612119972
9073,West Africa,-2.140448500431182,6.02223,25.577308290517394
9074,West Africa,-2.147691999568818,6.026542,10.244844728370055
9075,West Africa,-2.136165986180079,6.035165500871916,173.65266540036242
9076,West Africa,-2.149430749999403,6.102717999999999,30.664793312734115
9077,West Africa,-2.1448883756718917,6.228479762194143,268.01494708186084
9078,West Africa,-2.142797,6.2471654999999995,56.20185202883811
9079,West Africa,-2.1382355,7.1849945,25.435971542312398
9080,West Africa,-2.1415455,7.570187499999999,40.69537545702443
9081,West Africa,-2.1428485,7.969034499999999,33.095308533459026
9082,West Africa,-2.146572,7.987000500000001,10.172775330032081
9083,West Africa,-2.1466415,7.998499,10.17246206870832
9084,West Africa,-2.1416475000000004,8.016465,81.36410929612059
9085,West Africa,-2.1457265,8.0998275,73.83180998312409
9086,West Africa,-2.151267,8.5806,10.175305154376883
9087,West Africa,-2.1449689999999997,8.7487625,10.174413102854412
9088,West Africa,-2.1380825000000003,4.9615124999999995,10.246698980624112
9089,West Africa,-2.1373781255613125,4.966543,38.33188648429999
9090,West Africa,-2.136760000345065,4.9974445,20.48876076942419
9091,West Africa,-2.1282905,5.057811,10.245244273323564
9092,West Africa,-2.1326535,5.0678719999999995,10.245089126408525
9093,West Africa,-2.1283939931073306,5.087275486846422,61.41633962524731
9094,West Africa,-2.128427249654577,5.0951805,10.246429080804118
9095,West Africa,-2.1012544993091535,5.1720755,744.7322766605249
9096,West Africa,-2.130831,5.1692005000000005,17.907553932931087
9097,West Africa,-2.12724,5.1771055,33.21053102260872
9098,West Africa,-2.126756999826572,5.2439395,165.91937446501018
9099,West Africa,-2.1368605000004797,5.243939499653143,17.90901354346597
9100,West Africa,-2.129899999826572,5.3186785,267.69410871297424
9101,West Africa,-2.136636,5.3869495,10.247095620575001
9102,West Africa,-2.13239,5.4128205,10.246669874831964
9103,West Africa,-2.128127,5.4315055,10.246361120803272
9104,West Africa,-2.133920491881587,5.435099499319441,28.126787295714703
9105,West Africa,-2.133970749223275,5.448753,10.246084372265258
9106,West Africa,-2.131237,5.4933085,10.245332310500823
9107,West Africa,-2.1262855000181666,5.521335486856728,23.033904978433053
9108,West Africa,-2.1313565,5.5278035,25.580034493297
9109,West Africa,-2.1285024999999997,5.5378645,10.248130689442556
9110,West Africa,-2.1314424987042155,5.5522375,33.20679195634758
9111,West Africa,-2.1293958743087935,5.584576499655784,76.612921584049
9112,West Africa,-2.1338306258642272,5.613322249569237,17.91383224632004
9113,West Africa,-2.133916127765933,5.636317498975572,33.239934118517255
9114,West Africa,-2.1325149986183076,5.6456610000000005,28.19092034837489
9115,West Africa,-2.1381189999999997,5.7958575,15.368349386842642
9116,West Africa,-2.1338790003496864,5.8166979965696815,61.33993759537523
9117,West Africa,-2.1280915,5.8159795,15.366922928013391
9118,West Africa,-2.1313317499994033,5.908684,10.245214514617015
9119,West Africa,-2.1314172500005966,5.930244,10.24482540026591
9120,West Africa,-2.135407,6.027260500000001,17.91383913213263
9121,West Africa,-2.1342615012957844,6.1041555,114.81205519986895
9122,West Africa,-2.1312712592623324,6.257226013402881,270.4393167283051
9123,West Africa,-2.1270032504317786,6.278067,10.247209143615558
9124,West Africa,-2.126468,6.320467,17.909499746493502
9125,West Africa,-2.1346594999999997,7.4961675,17.802354292312835
9126,West Africa,-2.1364445,7.5637194999999995,17.775100662486324
9127,West Africa,-2.137316,7.594621500000001,10.175043470155844
9128,West Africa,-2.1330075,8.0279635,33.06437377857558
9129,West Africa,-2.119355,8.052397,137.38062258811343
9130,West Africa,-2.1231725,8.091203499999999,412.0154091704262
9131,West Africa,-2.131943,8.1012645,50.898932836045745
9132,West Africa,-2.1278625,8.153007,132.2610718629843
9133,West Africa,-2.1362785,8.7545115,10.177758769621036
9134,West Africa,-2.121042,5.0448755,10.24543348637364
9135,West Africa,-2.1196162496545767,5.0506245,10.247117647672841
9136,West Africa,-2.1198969998265724,5.1375805,66.44538595943814
9137,West Africa,-2.1141664999980905,5.14836,20.420497743455808
9138,West Africa,-2.1214505,5.168482,10.243520722114813
9139,West Africa,-2.1187595,5.226692,35.783834989380814
9140,West Africa,-2.1181648904610357,5.262613247844699,58.75129348870766
9141,West Africa,-2.109546999480721,5.279151998624522,97.01128879938983
9142,West Africa,-2.1153885,5.299275,71.57120524029763
9143,West Africa,-2.115583499826572,5.3531735000000005,17.911691719820197
9144,West Africa,-2.1107765,5.4250375,537.9719412408689
9145,West Africa,-2.1154640001734277,5.5256475,28.15142780127149
9146,West Africa,-2.1126100013835907,5.534270498972106,28.090676950146364
9147,West Africa,-2.1227264999999997,5.5349900000000005,10.244639251452716
9148,West Africa,-2.121333500344946,5.552237,10.246120262887883
9149,West Africa,-2.1249779997832157,5.5587055,17.912380042873078
9150,West Africa,-2.114215249999403,5.580983,30.664318343385606
9151,West Africa,-2.116449000512996,5.598949003286531,58.81555642206701
9152,West Africa,-2.1244095,5.605416999999999,10.243443802046215
9153,West Africa,-2.115106874698471,5.6262574999999995,17.911250685514037
9154,West Africa,-2.115141000173427,5.636318500000475,48.56972469012056
9155,West Africa,-2.1176809996550543,5.740522,10.246425567773375
9156,West Africa,-2.120136999970883,5.814542016858766,23.03575511252557
9157,West Africa,-2.1144260151204404,5.833218248289175,38.327962083967016
9158,West Africa,-2.1141620000000003,5.951803,10.247982718137127
9159,West Africa,-2.1125285,6.092657,23.034124909527403
9160,West Africa,-2.1207085004311823,6.1487110000000005,10.246119823111957
9161,West Africa,-2.1216185000000003,6.1968605,17.9131949705655
9162,West Africa,-2.119739499568818,6.2665690000000005,40.87686342955301
9163,West Africa,-2.124231,6.3053755,91.88019839867322
9164,West Africa,-2.117043125431928,6.316155,15.364955932143033
9165,West Africa,-2.1228870000000004,6.3298095,10.24444828486621
9166,West Africa,-2.1210769999999997,6.5892395,30.699494004869344
9167,West Africa,-2.1131279999999992,6.590677000000449,17.90948913912109
9168,West Africa,-2.1229255,7.4688585,17.80519482951016
9169,West Africa,-2.1136220000000003,7.492574,63.522232931805114
9170,West Africa,-2.1193020000000002,7.6183365,91.5929215972508
9171,West Africa,-2.115736,7.6276790000000005,10.170740787024025
9172,West Africa,-2.1264754999999997,8.0272445,10.175301766306099
9173,West Africa,-2.1207035,8.0358685,10.175091335550409
9174,West Africa,-2.116383,8.0408985,50.89931970092397
9175,West Africa,-2.1204655,8.127136,33.09675543259062
9176,West Africa,-2.1250465,8.306078,10.171850393751756
9177,West Africa,-2.1231904999999998,8.7537925,94.16969318229212
9178,West Africa,-2.101948,4.9399535,10.247028995056263
9179,West Africa,-2.106996626251739,4.940672000347096,17.913668623395107
9180,West Africa,-2.0990960000000003,4.9514515,10.24685578223385
9181,West Africa,-2.101394500173428,4.9938515,17.91052820531823
9182,West Africa,-2.102242500172948,5.03409550034733,30.698523395509913
9183,West Africa,-2.109482,5.037689,10.242004794133779
9184,West Africa,-2.109499,5.047750000000001,10.241850315230607
9185,West Africa,-2.0965214999999997,5.0484685,33.23137757828601
9186,West Africa,-2.1124950001734275,5.0800885000000005,15.369318362380985
9187,West Africa,-2.1038795,5.089430999999999,10.244755632826001
9188,West Africa,-2.0945000001562137,5.090149512456263,732.1848943718925
9189,West Africa,-2.106094000173428,5.1102715,17.912707128486748
9190,West Africa,-2.09892150000191,5.121051,107.17607720227434
9191,West Africa,-2.0961025000019093,5.139736,96.89839314634021
9192,West Africa,-2.1112550001734274,5.1404545,48.49879183221929
9193,West Africa,-2.1026214999980906,5.14836,33.20866893641169
9194,West Africa,-2.0984434996550543,5.192916,10.244907349383144
9195,West Africa,-2.1057010065630397,5.207288999999999,40.941225764507855
9196,West Africa,-2.110778501383108,5.216629998975456,28.158267746725848
9197,West Africa,-2.1094369996778894,5.2425022331272855,23.03091607667596
9198,West Africa,-2.103663500173903,5.245376500347337,17.912513136364268
9199,West Africa,-2.097335617399796,5.2985665,63.832083465196206
9200,West Africa,-2.088507014856171,5.458084247846193,561.054286864426
9201,West Africa,-2.1087548741107724,5.466718766514177,23.03547718422723
9202,West Africa,-2.1126184996550545,5.539301999999999,10.246338909660194
9203,West Africa,-2.102594499655054,5.559424,10.245998568621287
9204,West Africa,-2.1084384996550543,5.579546000000001,10.245656997491103
9205,West Africa,-2.1049210000019096,5.606854,20.45194539610565
9206,West Africa,-2.1072153665955566,5.639193267544433,28.117090895128776
9207,West Africa,-2.101488757989999,5.6535565000000005,117.5555943139202
9208,West Africa,-2.1086922492232754,5.649972999999999,10.246227561956285
9209,West Africa,-2.110153499568818,5.654285,20.48874404203926
9210,West Africa,-2.1117164996550546,5.684468000000001,10.243855992091387
9211,West Africa,-2.1108395,5.838976000000001,28.150695686023187
9212,West Africa,-2.102212749999403,5.8526299999999996,10.246219581516792
9213,West Africa,-2.1003350000000003,6.1156535000000005,25.57565332475646
9214,West Africa,-2.0968220000000004,6.1408059999999995,45.996930724529506
9215,West Africa,-2.094972118348619,6.224177751277267,71.53842526606316
9216,West Africa,-2.1001095012935465,6.2392605,178.63721714038658
9217,West Africa,-2.097259998083496,6.2514782348743445,46.00293729770799
9218,West Africa,-2.1053139999977617,6.275192499999999,20.423823058818282
9219,West Africa,-2.1083920000000003,6.3211855,51.1140112464835
9220,West Africa,-2.0939650172771254,6.3297995,145.501968068535
9221,West Africa,-2.0986929809623915,6.5993115227752766,107.39382289740637
9222,West Africa,-2.108040249999105,6.9190965,10.246697707821601
9223,West Africa,-2.104556,7.2647639999999996,25.46500981623806
9224,West Africa,-2.105369,7.434364,25.46423923754802
9225,West Africa,-2.1032375,7.443706499999999,10.174978614625932
9226,West Africa,-2.111354,7.474608,17.8348231696856
9227,West Africa,-2.1005075,7.478201,10.170658688203403
9228,West Africa,-2.105598,7.4817944999999995,17.801171757109902
9229,West Africa,-2.104907,7.4911365,10.177413161271208
9230,West Africa,-2.103661,7.5299435,10.176528317818793
9231,West Africa,-2.1089729999999998,7.580967,17.805991675887864
9232,West Africa,-2.106883,7.598933499999999,10.174944025856433
9233,West Africa,-2.109902,7.62193,10.170873810860849
9234,West Africa,-2.1084690000000004,7.6262415,10.174312949639546
9235,West Africa,-2.1070525,7.6312725,40.69493687572359
9236,West Africa,-2.1078115,7.639896,33.0680493169603
9237,West Africa,-2.1003,8.158756499999999,33.06259611199547
9238,West Africa,-2.106834,8.159475,10.172015229160083
9239,West Africa,-2.0854990000019096,4.984509,63.89921063771492
9240,West Africa,-2.090574,4.9945705,10.246202631961856
9241,West Africa,-2.0920335,5.0003195,10.249665395141825
9242,West Africa,-2.09351,5.008943,43.41517801963572
9243,West Africa,-2.0928893909175574,5.038396485464249,104.62471427603221
9244,West Africa,-2.0937110006908446,5.0707460000012,35.82391893606053
9245,West Africa,-2.0838020069089405,5.13255,752.5533787480496
9246,West Africa,-2.092688494642119,5.199382501729025,30.733511658692464
9247,West Africa,-2.096463499843308,5.248251487198553,23.031612296239448
9248,West Africa,-2.0906905003453096,5.2511257500822595,17.914119397742038
9249,West Africa,-2.090027488078258,5.266945001374035,61.29101483200206
9250,West Africa,-2.0930567492232752,5.307899,30.661943356355895
9251,West Africa,-2.0934429999999997,5.420007,10.243011859401943
9252,West Africa,-2.0950882500005967,5.478936,10.245581795132251
9253,West Africa,-2.08123151597582,5.6470985,173.55579960593323
9254,West Africa,-2.092803757156955,5.65212973142863,28.115596896047464
9255,West Africa,-2.092132984879558,5.663635751712008,79.16100340704934
9256,West Africa,-2.090830874525043,5.8964675,15.369191925546245
9257,West Africa,-2.092065,6.217701,10.250134510042493
9258,West Africa,-2.089370886137,6.619421252136508,28.126759126209997
9259,West Africa,-2.0901463746544575,6.6294835,17.911663550202974
9260,West Africa,-2.0909369995689673,6.6445755,10.247070858797358
9261,West Africa,-2.0901170000000002,7.2733875,25.462743475828383
9262,West Africa,-2.0959885,7.2906355000000005,17.80340369030291
9263,West Africa,-2.0901075000000002,7.4278960000000005,10.171796168942738
9264,West Africa,-2.0917425,7.4638285,10.174523420674683
9265,West Africa,-2.093404,8.759542,17.77758554022809
9266,West Africa,-2.0889470003450654,4.9370785,10.245300002443996
9267,West Africa,-2.084803,4.9916955,10.24624635574704
9268,West Africa,-2.0826555,5.001037999999999,17.912085498026464
9269,West Africa,-2.075541000173428,5.0297835,504.9968565640546
9270,West Africa,-2.0837444996550545,5.1124279999999995,10.246170731329537
9271,West Africa,-2.0824345,5.154109,10.243746665425467
9272,West Africa,-2.083894500344946,5.159858,10.24542862129581
9273,West Africa,-2.0795817503455423,5.16417,20.48538837511835
9274,West Africa,-2.082484750345542,5.168482,25.573370229336415
9275,West Africa,-2.0684265001734277,5.2813085,765.1890396210315
9276,West Africa,-2.0858394999999996,5.3122105,20.49306499434004
9277,West Africa,-2.067122617399796,5.3244375,293.57171375837544
9278,West Africa,-2.084864,5.4473155,10.246099042946467
9279,West Africa,-2.080766250000597,5.514868,10.24497988098587
9280,West Africa,-2.083299999826572,5.6190715,40.87199399087745
9281,West Africa,-2.0807705,5.7189625,48.5435071314083
9282,West Africa,-2.0869375000000003,6.199735,17.908228184877515
9283,West Africa,-2.081171499781874,6.20404699999925,17.91162433403961
9284,West Africa,-2.0799764997833643,6.268725,56.20411269714107
9285,West Africa,-2.0762652584202854,6.5993005,130.1384462803636
9286,West Africa,-2.083567750000895,6.6143925,10.245915169223055
9287,West Africa,-2.082204750000895,6.6345145,10.245508325607444
9288,West Africa,-2.087307,6.974432500000001,17.774986203630522
9289,West Africa,-2.086642,6.986649,10.17090965438536
9290,West Africa,-2.0884765,7.0771985,10.176030289020735
9291,West Africa,-2.0841645,7.08151,10.172398242121846
9292,West Africa,-2.082156,7.276981,10.171652854704332
9293,West Africa,-2.0850175,7.4228655,25.4368927697425
9294,West Africa,-2.0838035,7.4731705,17.805023731877046
9295,West Africa,-2.0846625000000003,7.5019165,45.7551787548623
9296,West Africa,-2.086179,7.512696,38.12225903224831
9297,West Africa,-2.086347,7.5515025,25.438298817350134
9298,West Africa,-2.083602,8.1566005,10.175625815081151
9299,West Africa,-2.0844205000000002,8.5834745,10.175270308263102
9300,West Africa,-2.0765425,8.605752500000001,68.7019386655928
9301,West Africa,-2.0861095,8.624437,27.97546740833457
9302,West Africa,-2.0799830000000004,8.829969,68.73518203489147
9303,West Africa,-2.0836785,8.8429045,17.834877891711756
9304,West Africa,-2.0738659890997946,4.955052513157409,198.90217488516146
9305,West Africa,-2.0804165001734276,4.9737295,15.366446212260879
9306,West Africa,-2.0787100000172165,5.1160209875394305,23.03230606079489
9307,West Africa,-2.0737595,5.1469225,10.247399084241106
9308,West Africa,-2.074614000173428,5.1907595,17.910943316493334
9309,West Africa,-2.073336873770156,5.239627513148543,23.03007415293614
9310,West Africa,-2.0758514999999997,5.3423935,10.247828985740956
9311,West Africa,-2.0787720003449452,5.351017000000001,10.245916123670671
9312,West Africa,-2.0726495021326805,5.463125516864283,35.75658700224008
9313,West Africa,-2.065554625715931,5.501213484441051,206.65154003682878
9314,West Africa,-2.075023735983981,5.522063014857694,145.59794010549666
9315,West Africa,-2.0723184996550543,5.573797000000001,10.245754712041695
9316,West Africa,-2.0768009995688175,5.61979,10.244975671196974
9317,West Africa,-2.0724850004311826,5.622664,10.244926424030437
9318,West Africa,-2.072842125474957,5.7211185,30.69757109037009
9319,West Africa,-2.077217499568818,5.730461,63.79713488419057
9320,West Africa,-2.0723635,6.1695519999999995,33.1761366596508
9321,West Africa,-2.079004,7.0606694999999995,17.769997490707308
9322,West Africa,-2.07721,7.3021335,17.773125853643112
9323,West Africa,-2.077213,7.458079,10.174623089696858
9324,West Africa,-2.0736725,7.4760455,17.80315424742603
9325,West Africa,-2.076165,7.542879,10.17269280280048
9326,West Africa,-2.0754729999999997,7.5493465,17.805492697199007
9327,West Africa,-2.079179,8.1465395,10.175875043932015
9328,West Africa,-2.0792295,8.155163,10.168619286019913
9329,West Africa,-2.0654234999999996,8.5647895,162.79580629935333
9330,West Africa,-2.0786465,8.8515285,35.57809778193519
9331,West Africa,-2.0649515000000003,5.1009295,25.57954114648984
9332,West Africa,-2.0492910039773626,5.169202497248113,749.7112259563447
9333,West Africa,-2.0680532527580384,5.171354503439866,66.30422648102235
9334,West Africa,-2.065431750000597,5.247533000000001,10.245815759094492
9335,West Africa,-2.065498000344946,5.270529,10.247218636896788
9336,West Africa,-2.067223249223275,5.353892,10.244098133825132
9337,West Africa,-2.0674215000022382,5.6197894999999995,23.031007558210206
9338,West Africa,-2.0436901235346188,5.646380748284243,1485.9770944197242
9339,West Africa,-2.068301249568072,5.6629085,10.244237368281757
9340,West Africa,-2.0665809997833646,6.168115,17.911033589237068
9341,West Africa,-2.067602750431928,6.2464465,10.244279612151319
9342,West Africa,-2.0698129999977617,6.2550705,33.241763017335145
9343,West Africa,-2.062134,7.4889805,45.74945719178615
9344,West Africa,-2.0695235,7.518445,25.429650510972092
9345,West Africa,-2.071882,7.5558145,10.175935898670312
9346,West Africa,-2.06991,8.7207355,17.803871766842132
9347,West Africa,-2.0611295003221084,5.035532766874033,23.031956495283822
9348,West Africa,-2.055456515206253,5.064267498275761,81.70219427208076
9349,West Africa,-2.0591794996550545,5.102366999999999,10.246327268078568
9350,West Africa,-2.0600496136168243,5.147649016005834,94.42079621153005
9351,West Africa,-2.0616579999818265,5.199383513148543,23.029300971803693
9352,West Africa,-2.0592420016925495,5.340956246716283,45.92558721690941
9353,West Africa,-2.064077873790599,5.489715500001198,17.9112947992504
9354,West Africa,-2.0634717499994033,5.522054000000001,30.661989030455974
9355,West Africa,-2.063620749568072,5.5680475000000005,10.242315023220304
9356,West Africa,-2.062276000431182,5.592480999999999,10.245442277712469
9357,West Africa,-2.058946125431928,5.673688,17.908941789453742
9358,West Africa,-2.0601799997833643,6.379396,17.909279721575736
9359,West Africa,-2.059710104447232,6.619434022775277,76.6925762199899
9360,West Africa,-2.060499750949168,6.6330765,10.245537429851389
9361,West Africa,-2.064840750518314,6.634513999999999,10.24374187541733
9362,West Africa,-2.0587239999999998,7.2194895,58.49271960594193
9363,West Africa,-2.0631325,7.5457535,40.69596239524659
9364,West Africa,-2.058159,8.1515695,27.977141184095533
9365,West Africa,-2.063274,8.1566005,10.175625815665219
9366,West Africa,-2.0494684999999997,8.571976,178.05537972834009
9367,West Africa,-2.0611629999999996,8.5834745,10.178770573629281
9368,West Africa,-2.059653,8.8393115,10.178986808889038
9369,West Africa,-2.0537367379017333,5.204422002751887,38.292122759036694
9370,West Africa,-2.0567552499994033,5.246095,10.245838737849132
9371,West Africa,-2.0539683670543725,5.2726855,63.834658634458066
9372,West Africa,-2.0568707503455426,5.279153,10.243536163146564
9373,West Africa,-2.0554932499994036,5.300712000000001,10.244961245726182
9374,West Africa,-2.054968009411173,5.358203501034289,51.117642933582
9375,West Africa,-2.0550764986183077,5.389824,23.03304421349667
9376,West Africa,-2.054873749223275,5.543614,10.244495517684907
9377,West Africa,-2.0556075002166354,5.7498640000000005,30.699240845729975
9378,West Africa,-2.0526985,6.132901,10.248189002219997
9379,West Africa,-2.055978,6.2327925,15.368222677272446
9380,West Africa,-2.0484125007696843,6.329090503281261,94.48599313392651
9381,West Africa,-2.055266749568072,6.4160465,10.244545138078157
9382,West Africa,-2.0526315,7.156249,10.170784849371529
9383,West Africa,-2.056095,7.4358015,38.15149665521565
9384,West Africa,-2.0484530000000003,7.5083839999999995,81.41604048548731
9385,West Africa,-2.053629,7.680858499999999,10.1730440116006
9386,West Africa,-2.0488812503454232,5.0405635,10.247277201093807
9387,West Africa,-2.0483900000181734,5.1131464868514565,23.031063347326267
9388,West Africa,-2.047734,5.133986999999999,10.244066832768375
9389,West Africa,-2.0451100000000038,5.214474999997364,66.51673871472161
9390,West Africa,-2.0483415004311825,5.316522,10.246482273607189
9391,West Africa,-2.0448720012935464,5.3610785,53.592340623633135
9392,West Africa,-2.047127998704216,5.3869495,33.205343015974485
9393,West Africa,-2.051181374568072,5.518461,17.90869893406014
9394,West Africa,-2.0505249995688177,5.539301999999999,25.57775769827221
9395,West Africa,-2.048985,5.9144334999999995,10.24511884770406
9396,West Africa,-2.047327000000747,6.050256999567631,17.911337931034762
9397,West Africa,-2.049004000431033,6.2967515,10.246858047654671
9398,West Africa,-2.0503382490508324,6.625890500000001,10.245682843136281
9399,West Africa,-2.0473670000000004,10.850075,10.170876781546434
9400,West Africa,-2.0409944847760393,5.058540514535752,30.697832037229876
9401,West Africa,-2.0439949998265723,5.0930245,17.911407589077545
9402,West Africa,-2.0430515,5.2475325,23.03155771283392
9403,West Africa,-2.0469309996550544,5.332333,10.246220243321895
9404,West Africa,-2.046323999568818,5.573797000000001,10.24576022639106
9405,West Africa,-2.0427354993544227,6.1724264991347955,51.112535800477566
9406,West Africa,-2.0433675005172396,6.3326835,10.24617249221353
9407,West Africa,-2.025244488461793,6.502285253013044,199.19254815578685
9408,West Africa,-2.0457345,7.2352995,10.172598320316135
9409,West Africa,-2.0432635,7.482513,53.38401997325149
9410,West Africa,-2.0394044998265723,5.0082245,25.54066697362815
9411,West Africa,-2.041585000344946,5.014692,10.244128771909516
9412,West Africa,-2.0373371360368484,5.038405512463934,25.612175567175374
9413,West Africa,-2.041025750000597,5.289213999999999,10.24514673848203
9414,West Africa,-2.036153125691741,5.3459865,48.498498607863034
9415,West Africa,-2.038352742877649,5.35317224853917,35.82351351068963
9416,West Africa,-2.040449749568072,5.5479255,10.242655774901703
9417,West Africa,-2.040547999568818,5.573797000000001,10.245760225286155
9418,West Africa,-2.0347678627140677,5.777180513138724,68.95041309192074
9419,West Africa,-2.0391075,5.9769555,15.368780448636343
9420,West Africa,-2.0364705168431083,6.0480915,71.45886302664893
9421,West Africa,-2.039817625171965,6.35065,38.32749814212075
9422,West Africa,-1.9744679930454292,6.6510459803245725,2980.286795860243
9423,West Africa,-2.037651,7.2058355,17.801400091096994
9424,West Africa,-2.041495,8.160912,10.171979607007765
9425,West Africa,-2.034387250000597,5.017567,10.245862406092119
9426,West Africa,-2.0373057492232753,5.0319400000000005,10.245642427042817
9427,West Africa,-2.034558487734626,5.074348501027648,45.9938537899299
9428,West Africa,-2.0291364831570413,5.184302,56.240581055904904
9429,West Africa,-2.036793500431182,5.316522,10.246482273993132
9430,West Africa,-2.036940499568818,5.363953,10.245710472062589
9431,West Africa,-2.036267626464973,5.38048175086505,17.912238261330547
9432,West Africa,-2.0325480021618514,5.5579852482879915,33.241201031102804
9433,West Africa,-2.030845243517374,5.693818752143941,178.63016867008508
9434,West Africa,-2.0320195,7.2432045,35.57714664332058
9435,West Africa,-2.0332475,7.51054,17.80530554042515
9436,West Africa,-2.02140199965398,5.0204415000000004,382.68087266875216
9437,West Africa,-2.0167076273971496,5.136141736144071,127.69053608031038
9438,West Africa,-2.0126124987042155,5.2058515,415.7275879823964
9439,West Africa,-2.030970500431182,5.3064610000000005,10.246645108122973
9440,West Africa,-2.028815749568221,5.520617,10.246655677324641
9441,West Africa,-2.0270886254749567,5.6506915,28.1567215145971
9442,West Africa,-2.0307975000000003,5.6787185000000004,25.578454082227328
9443,West Africa,-2.0314769999992492,6.064630000434468,17.9095409179977
9444,West Africa,-2.031905,7.2173335000000005,17.80271633694386
9445,West Africa,-2.0295734999999997,7.499041500000001,27.97418678362071
9446,West Africa,-2.0241955000000003,8.6028775,35.58180494259437
9447,West Africa,-2.0299435,9.736177999999999,10.174524873848364
9448,West Africa,-2.023647485140029,5.045604754904318,86.8846339537358
9449,West Africa,-2.017752997926748,5.2345969999980895,204.05401594172005
9450,West Africa,-2.024483749568221,5.524929,10.246583094115913
9451,West Africa,-2.0211313903375117,6.379387247862015,51.14421219596433
9452,West Africa,-2.015147014553561,6.68840548033245,178.77996895502247
9453,West Africa,-2.0217237304835924,6.7020765,35.79376597604872
9454,West Africa,-2.0240086265994557,6.73153050052154,17.912457028415957
9455,West Africa,-2.0249474999999997,7.4408315,10.175043550946924
9456,West Africa,-2.0197484996569006,4.950014250348299,25.57555988504965
9457,West Africa,-2.0229344997818712,5.702434000000597,17.912925442592602
9458,West Africa,-2.021936000431033,6.0207925,10.244956448956183
9459,West Africa,-2.019159000002238,6.0552875,40.9033686543663
9460,West Africa,-2.0235204997380682,6.6136735,17.908254338902278
9461,West Africa,-2.0217724994827604,6.7164395,10.245612066123012
9462,West Africa,-2.018931,7.2317065,53.41180955664434
9463,West Africa,-2.016497515206253,5.064267498275761,102.08701913747875
9464,West Africa,-2.0142089999999997,5.2540005,58.70758878123461
9465,West Africa,-2.017305999787018,5.31867824956942,17.9117880062373
9466,West Africa,-2.0166984960227623,5.353171003438675,43.41580125565675
9467,West Africa,-2.0181575004311822,5.361078,10.245757437882135
9468,West Africa,-2.017539,5.6025425,10.243503915052907
9469,West Africa,-2.0193070000000004,5.695966,10.245434662667172
9470,West Africa,-2.0200440000000004,7.633428,10.170607665411953
9471,West Africa,-2.01823,8.152288500000001,20.347997126868826
9472,West Africa,-2.0119430000221383,4.992414487186216,23.02862042555495
9473,West Africa,-2.0143735001734275,5.0800885000000005,15.3657691189177
9474,West Africa,-2.0132289995688177,5.177106,10.245162582964106
9475,West Africa,-2.012076249999403,5.26478,10.245539561798525
9476,West Africa,-2.0120920012935466,5.2705295,20.42018736434615
9477,West Africa,-2.0106652507767246,5.276278,20.488913445326894
9478,West Africa,-2.013225998702425,5.395573499999999,20.450597519652767
9479,West Africa,-2.01499,5.701715,10.24533479596154
9480,West Africa,-2.0118834999999997,6.0394775,33.20825443661739
9481,West Africa,-1.9989412579901482,6.057434000000001,604.869106887139
9482,West Africa,-2.0126799997400373,6.4354499999999994,17.912233490792634
9483,West Africa,-2.0129068746544574,6.492941500000001,17.910702939480785
9484,West Africa,-2.0114565,7.0125205,58.493711863930734
9485,West Africa,-2.011423374698471,5.0599665,15.362698732252884
9486,West Africa,-2.0043116282858,5.0915894972471545,28.083681845118875
9487,West Africa,-2.006012999568818,5.172794,10.245230558340115
9488,West Africa,-2.005468873791141,5.229566499653023,17.91030225436009
9489,West Africa,-2.009382750776725,5.325146,10.244565744970679
9490,West Africa,-2.00642,5.7275865,10.241345317805594
9491,West Africa,-2.0038729999931872,6.403829503285847,43.48560638361266
9492,West Africa,-2.0075315000025067,6.595707,107.2141024381304
9493,West Africa,-2.0074835,7.100195,10.17199647114276
9494,West Africa,-2.0058435,7.2230825,33.03190962078915
9495,West Africa,-2.008178,7.2582965,10.175604076414517
9496,West Africa,-2.0044370000000002,8.1515695,17.80490877590265
9497,West Africa,-1.9947974999995202,5.047750000347098,20.45665655868654
9498,West Africa,-1.9977071253015293,5.0570924999999995,17.910615448912473
9499,West Africa,-2.0013386253015293,5.0628415,15.363958664527635
9500,West Africa,-2.0021725,5.1009294999999995,102.1238276804084
9501,West Africa,-2.001499374698471,5.1145835,51.07702465925957
9502,West Africa,-1.9987334987042158,5.1555465,53.651352618202544
9503,West Africa,-2.0038245,5.1656075,23.030506174232
9504,West Africa,-1.9945718726270592,5.206571248286805,48.57393790397129
9505,West Africa,-1.9989579994838187,5.224534998628603,46.02568189024083
9506,West Africa,-2.000432999568818,5.23316,10.244273790634562
9507,West Africa,-1.9992782495680719,5.3265835,10.242775530380186
9508,West Africa,-1.9964311409813407,5.335916,33.24135961939155
9509,West Africa,-1.996084,5.665782999999999,10.245957334049272
9510,West Africa,-2.000152499783365,5.994203000000001,30.69613839911251
9511,West Africa,-1.9792782579901482,6.214098,456.64146745470157
9512,West Africa,-1.9995180005172395,6.2119515,33.20882565807958
9513,West Africa,-2.000305373704215,6.229918000000449,17.911213335147796
9514,West Africa,-1.9967227509491678,6.2363855,10.24624444785668
9515,West Africa,-1.998545625388601,6.336277,51.18338302925553
9516,West Africa,-1.9965769997369984,6.3880195005159806,38.32787293948189
9517,West Africa,-1.9930816410286023,6.419631247859023,188.8433951027125
9518,West Africa,-2.0035599823730923,6.508760002045307,33.235405342344315
9519,West Africa,-1.9964783837678226,6.547558498950481,71.56445581618989
9520,West Africa,-1.9984245,6.669009,20.420697529805558
9521,West Africa,-1.9980220179404777,6.74589497157504,30.659929480882507
9522,West Africa,-1.9984395,7.017551,101.70625722522894
9523,West Africa,-2.0001125,7.070012,10.172644952714368
9524,West Africa,-2.000853,7.0750425,27.977119673402644
9525,West Africa,-1.998125,7.1124115,17.776861107343457
9526,West Africa,-1.9999030000000002,7.188588,17.805584151398875
9527,West Africa,-1.996369,7.3711234999999995,122.16838981926279
9528,West Africa,-1.998669,8.161630500000001,43.20989423369265
9529,West Africa,-1.9930111266394135,4.934922750866251,17.912060420120262
9530,West Africa,-1.985813873747841,4.940672,28.146594010438157
9531,West Africa,-1.9883046254749568,5.0484685,15.366063128067943
9532,West Africa,-1.9926572500005968,5.057811,10.245244890686418
9533,West Africa,-1.9861956262287745,5.064278487539184,33.27424690135486
9534,West Africa,-1.9927690004311822,5.090868,10.246511312414409
9535,West Africa,-1.9913739995688178,5.106679,20.488960343258952
9536,West Africa,-1.9863870000000001,5.1289565,17.9122019691032
9537,West Africa,-1.9871245003449456,5.133986999999999,10.245834252326445
9538,West Africa,-1.9888705004311822,5.230285,25.57628126850286
9539,West Africa,-1.994643750431928,5.2317225,10.244300990075487
9540,West Africa,-1.987443000431182,5.234597,10.24425087269026
9541,West Africa,-1.9817503812634625,5.258303498283652,114.84993044668485
9542,West Africa,-1.9869560000000002,5.5278035,25.57473997224872
9543,West Africa,-1.9771029839700707,5.60470098444077,107.33985303790469
9544,West Africa,-1.9916395,5.6327255,25.57202888224083
9545,West Africa,-1.984864,5.760643999999999,25.577582917561788
9546,West Africa,-1.9853658743514364,5.902217,15.366806010892292
9547,West Africa,-1.9771230093296743,6.020792999987096,821.1706685946002
9548,West Africa,-1.9902119997400374,6.043070999999999,30.6953256879418
9549,West Africa,-1.9863545,6.1724265,15.366833906362384
9550,West Africa,-1.9952447500008952,6.2291995,10.246381092828281
9551,West Africa,-1.9938469994827606,6.2435725,10.244339867753936
9552,West Africa,-1.9855864994827606,6.3499315,10.245838797041763
9553,West Africa,-1.9944717494816864,6.403111,10.244804820841905
9554,West Africa,-1.9833954999999999,6.529592,25.571255292358487
9555,West Africa,-1.96201347926745,6.608643,438.8756033931449
9556,West Africa,-1.9863635,6.7286565,17.911227243922248
9557,West Africa,-1.9859675,6.807707,30.698958499891603
9558,West Africa,-1.9755479999999999,6.912629,129.73584507686212
9559,West Africa,-1.978937,7.0304865,150.04974791016764
9560,West Africa,-1.992871,7.071448999999999,10.169102711178121
9561,West Africa,-1.9890664999999998,7.3581875,17.80077691955773
9562,West Africa,-1.989223,8.158037499999999,10.175590193443924
9563,West Africa,-1.9931185,8.2133735,33.093273400859744
9564,West Africa,-1.989528,8.2212785,10.174016317893134
9565,West Africa,-1.9825100036453616,5.04127448753559,38.323542698375164
9566,West Africa,-1.9820419999999999,5.12177,33.24023341126592
9567,West Africa,-1.9773239999999999,5.228847999999999,10.246115179750802
9568,West Africa,-1.9831370000000001,5.241065,15.362847299987228
9569,West Africa,-1.9817177500005967,5.247533000000001,10.245815759209925
9570,West Africa,-1.974501,5.24897,10.245794004255686
9571,West Africa,-1.9745167500005967,5.2532820000000005,10.245723795270681
9572,West Africa,-1.9834472492232753,5.338082,10.24435563151231
9573,West Africa,-1.982576,5.5119935,10.245037363077406
9574,West Africa,-1.9771649999999998,5.6226645,10.243159763700499
9575,West Africa,-1.983387499568967,5.7520205,10.246235765832408
9576,West Africa,-1.9764891265942819,6.045945250519747,61.31897094606047
9577,West Africa,-1.974757376550057,6.1638015025700525,68.98603447969413
9578,West Africa,-1.9812162505183137,6.344182,25.573712446505077
9579,West Africa,-1.9740172509491676,6.3513684999999995,25.576412088111493
9580,West Africa,-1.973619,6.433294,33.24163465197137
9581,West Africa,-1.9743662509491677,6.4419175,10.245810930212778
9582,West Africa,-1.980688,7.1023505,17.805329678660968
9583,West Africa,-1.966543,5.0060685,20.48496806895673
9584,West Africa,-1.9671575012975748,5.2087255,58.741400722923395
9585,West Africa,-1.961794,5.3409565,20.485065688865618
9586,West Africa,-1.9647902435173714,5.373303752145426,74.03014315901375
9587,West Africa,-1.9591745,5.6406305,33.23968202019181
9588,West Africa,-1.968634,5.6607525,15.366091367759948
9589,West Africa,-1.9618373748280344,5.784359,15.364645391768583
9590,West Africa,-1.9661947633099366,5.792256995704645,38.29548144475418
9591,West Africa,-1.962270249999105,5.9101215,10.245200859267394
9592,West Africa,-1.970676373873618,6.035884250516611,17.91136087742031
9593,West Africa,-1.9639624999974936,6.17602,79.22684203274399
9594,West Africa,-1.9663634997402166,6.426826500000001,17.90944791448836
9595,West Africa,-1.9705970000000002,6.5856460000000006,25.57198717345681
9596,West Africa,-1.959785,6.59427,71.5209660006582
9597,West Africa,-1.9613345007766627,6.622297000001081,89.47274017569974
9598,West Africa,-1.9621920002597835,6.6553545,15.363716024583397
9599,West Africa,-1.95678139375259,6.750206996923792,51.14692210206245
9600,West Africa,-1.9655049999999998,6.760994999999999,20.485818838178254
9601,West Africa,-1.9620834999999999,6.8084255,23.03376009880738
9602,West Africa,-1.9725495,6.888195,17.83263272112767
9603,West Africa,-1.9674900000000002,6.8889135,10.176504945396516
9604,West Africa,-1.960991,6.8953815,91.49224221117312
9605,West Africa,-1.9696855,6.8968185,17.830528699194378
9606,West Africa,-1.9515235,7.0549205,343.27514747387636
9607,West Africa,-1.958332,7.1210355,48.2963888119185
9608,West Africa,-1.9591355,7.139720499999999,53.38012017661352
9609,West Africa,-1.9687929999999998,7.3624995,17.805873497672707
9610,West Africa,-1.968911,8.1637865,10.175447616629056
9611,West Africa,-1.970872,10.564055,10.17327451410736
9612,West Africa,-1.9535734995688179,5.013255,10.244156238634863
9613,West Africa,-1.952177500431182,5.029064999999999,25.573468618238934
9614,West Africa,-1.950044499825498,5.039845000000001,38.32553980994857
9615,West Africa,-1.9515029850644452,5.04703977246635,30.657758511113165
9616,West Africa,-1.9494012504317788,5.063560000000001,10.2469287867916
9617,West Africa,-1.9537300004311822,5.064997,10.246911518633231
9618,West Africa,-1.949830997843319,5.206571248286805,30.69755634272041
9619,West Africa,-1.9570554987026096,5.2087255010328635,20.48921913383062
9620,West Africa,-1.94852850021813,5.252562999998506,160.8419768461255
9621,West Africa,-1.955266480531872,5.331625268152443,104.66023953760201
9622,West Africa,-1.954584,5.341675,15.360412701369592
9623,West Africa,-1.9565609995781426,5.720399746372634,86.89770058533986
9624,West Africa,-1.9529732504319282,5.7290235,10.243095759896411
9625,West Africa,-1.9531376253455424,5.7757355,15.366622341759689
9626,West Africa,-1.9387305000000001,5.786515,120.16151024062296
9627,West Africa,-1.9548087505183136,6.242135,10.24436845795758
9628,West Africa,-1.9438334893773432,6.400964999999999,107.2091047041578
9629,West Africa,-1.9514665,6.5030025,35.77824191754735
9630,West Africa,-1.9457271028852796,6.5145105,221.89961689299648
9631,West Africa,-1.959085,6.602894,20.485192562408034
9632,West Africa,-1.954847,6.626609,46.027667278906954
9633,West Africa,-1.9471385012119051,6.690568,104.69250633756421
9634,West Africa,-1.9581654997402165,6.7329685,30.698837028632074
9635,West Africa,-1.9503075207775686,6.760266478286056,89.41394405622977
9636,West Africa,-1.9467505134814704,6.774647997437267,127.5563704713883
9637,West Africa,-1.946869,6.8048325,84.27428400834299
9638,West Africa,-1.9500855000000001,6.8831644999999995,10.173110978262846
9639,West Africa,-1.9481615,7.1145675,61.040817975409304
9640,West Africa,-1.9594369999999999,7.5392855,17.805895890984566
9641,West Africa,-1.950808,8.1716915,25.406594250292226
9642,West Africa,-1.9477785,5.00535,15.363490344513025
9643,West Africa,-1.9474394998139164,5.133268233997764,23.028604691358304
9644,West Africa,-1.9381606390403348,5.166317248282469,89.42848057878686
9645,West Africa,-1.9440270002166353,5.197946,51.103635600000544
9646,West Africa,-1.9405820002173768,5.248251000434472,17.91244720836807
9647,West Africa,-1.9341481167698367,5.268383015131652,193.8964522016624
9648,West Africa,-1.945075999997762,5.3007124999999995,23.030982105453674
9649,West Africa,-1.935701000002238,5.3035865,63.829996234924565
9650,West Africa,-1.947296,5.3179595,30.661473441705276
9651,West Africa,-1.9437180002173768,5.328739000434471,17.910179986965314
9652,West Africa,-1.9488017504319282,5.3409565,10.242542011924925
9653,West Africa,-1.9315267417962003,5.353173000000011,176.04775753774194
9654,West Africa,-1.9438740002166355,5.379044,17.91052699737804
9655,West Africa,-1.9457275,5.721118499999999,35.77153760324868
9656,West Africa,-1.947195250431928,5.7290235,10.243095760971794
9657,West Africa,-1.9395930000276222,5.828914984012275,23.02992412091276
9658,West Africa,-1.9422845,6.1781755,38.327519399996575
9659,West Africa,-1.939549517364083,6.221285997953279,71.56632909660598
9660,West Africa,-1.9437554904118222,6.38228,48.60396044050215
9661,West Africa,-1.9420975005170606,6.6963170000000005,10.246031332009688
9662,West Africa,-1.9350152463177686,6.7344120223397,140.3482582543385
9663,West Africa,-1.943024,6.7473410000000005,102.04981551438667
9664,West Africa,-1.9288375,6.819924,183.7765449794429
9665,West Africa,-1.9440993747408433,6.833578,30.696131649993507
9666,West Africa,-1.9435710031088083,6.8817275,15.33402893708542
9667,West Africa,-1.939267,6.891073004143646,127.24275088180762
9668,West Africa,-1.9421020000000002,7.0527645,10.173041159398606
9669,West Africa,-1.944423,7.0865405,86.5068996942827
9670,West Africa,-1.9461455,7.154093,17.803385400292047
9671,West Africa,-1.9435465,7.712479,10.172273519578239
9672,West Africa,-1.942838,8.175284999999999,10.17162296732751
9673,West Africa,-1.9450705,8.187502,17.780581525821532
9674,West Africa,-1.9340488719823958,5.001039247841112,35.783453641946906
9675,West Africa,-1.926661874568072,5.180699000000001,198.94449041188173
9676,West Africa,-1.9159070006732102,5.205132484868347,563.7510732713722
9677,West Africa,-1.931106132168276,5.220943,40.91118790017923
9678,West Africa,-1.923277487233392,5.254007515999539,94.42287361935374
9679,West Africa,-1.9349174997549854,5.2856210155650665,119.92292098736358
9680,West Africa,-1.9263190002166355,5.302868,17.910933535130447
9681,West Africa,-1.9285145,5.313648000000001,10.248301882404851
9682,West Africa,-1.9328604999999999,5.3165225,10.244715347948242
9683,West Africa,-1.9371915,5.3208345,10.244645475459107
9684,West Africa,-1.9330470000014954,5.379762999134352,38.322443561174694
9685,West Africa,-1.9164520012930988,5.3812005,173.6688983988663
9686,West Africa,-1.9316622505183139,5.831071,25.57355803180225
9687,West Africa,-1.931677750000895,5.8368205,10.246513580065981
9688,West Africa,-1.9318393738807478,6.08906349948116,17.910092855856718
9689,West Africa,-1.930136,6.217701,10.243065501285587
9690,West Africa,-1.9243995207325502,6.232063999999999,135.32335035575286
9691,West Africa,-1.936735125085759,6.2414165,17.91393849048008
9692,West Africa,-1.9351885,6.4059855,10.246521397631856
9693,West Africa,-1.9272335,6.408141499999999,33.16841174054487
9694,West Africa,-1.9269825,6.531748,114.85217706402506
9695,West Africa,-1.9304655,6.6841005,35.78096030119288
9696,West Africa,-1.8902954758120247,6.7732220000000005,1377.3845491919428
9697,West Africa,-1.925305496159749,6.8407614770612035,27.480126358705824
9698,West Africa,-1.925352010622478,6.8508154999999995,132.6647522940927
9699,West Africa,-1.9057845062210184,6.8443545,1284.0705091531413
9700,West Africa,-1.9237825000000002,7.000303499999999,63.6086302227182
9701,West Africa,-1.9326884999999998,7.0520455,17.805463662126343
9702,West Africa,-1.9276355,7.0570765,30.520576822799736
9703,West Africa,-1.92658,7.6470825,50.92689615651624
9704,West Africa,-1.93564,8.1882205,10.174840537299042
9705,West Africa,-1.9320795,8.201875,27.954478026976496
9706,West Africa,-1.9174251206571702,4.986672515144379,40.866032086463164
9707,West Africa,-1.920335,4.996726000000001,35.77811326322222
9708,West Africa,-1.9211410192197549,5.025460747410234,56.23489218311083
9709,West Africa,-1.9161524995688177,5.047750000000001,40.90508815312264
9710,West Africa,-1.925319,5.2159125,10.24278169289216
9711,West Africa,-1.914509499781874,5.2195059999992495,17.909698733424637
9712,West Africa,-1.909534500002238,5.2432205,135.18205164196215
9713,West Africa,-1.9183485,5.294962999999999,10.248603941629943
9714,West Africa,-1.9184869827228752,5.3380915,35.78883203228325
9715,West Africa,-1.9194015000000002,5.399885,43.44143944584966
9716,West Africa,-1.9208683745680721,5.40779,25.53904074442528
9717,West Africa,-1.9050485,5.427912,331.673941350366
9718,West Africa,-1.9196896253886009,5.923776,17.911410003164985
9719,West Africa,-1.9095974999999998,5.927369,117.48033644498372
9720,West Africa,-1.92195,5.947490999999999,20.485477802214234
9721,West Africa,-1.914140000000003,5.987016499998559,17.907630734979833
9722,West Africa,-1.9222740005172396,6.0409144999999995,25.575143392968354
9723,West Africa,-1.9226910005172395,6.1558975,10.245997814322287
9724,West Africa,-1.9212607494816862,6.161647,10.242348823695036
9725,West Africa,-1.91709297926745,6.209087,132.66729326111806
9726,West Africa,-1.9157165,6.227043500000001,15.36086698989973
9727,West Africa,-1.9247545000000001,6.326935000000001,10.24451723486801
9728,West Africa,-1.9160089969234408,6.499410483927145,28.1196874779144
9729,West Africa,-1.9188576441388028,6.675468247010135,107.25777623146489
9730,West Africa,-1.9247157500012533,6.693443,30.661692286874917
9731,West Africa,-1.9193669996969192,6.8048325,79.12403085638444
9732,West Africa,-1.9158095011230132,6.818486500000001,23.028904912589695
9733,West Africa,-1.9195905,6.860168,25.432164029183657
9734,West Africa,-1.9136,6.9873674999999995,48.292499364355805
9735,West Africa,-1.9175285,7.061388,25.432085624656633
9736,West Africa,-1.9162455,8.2306205,17.775199723251454
9737,West Africa,-1.9148475,8.2435565,55.95730521661958
9738,West Africa,-1.9044717496544576,5.001757,79.1591089589666
9739,West Africa,-1.906679,5.254719,10.245702015518443
9740,West Africa,-1.9117932396373056,5.2734035000000095,30.732527362299095
9741,West Africa,-1.9081985000000001,5.2805905,10.245295389053897
9742,West Africa,-1.908214,5.284902000000001,10.245217415949625
9743,West Africa,-1.91056300000075,5.343111999565833,17.90844408206585
9744,West Africa,-1.8999264999999999,5.4049154999999995,76.751248772942
9745,West Africa,-1.912927499568967,5.4056345,10.245032697744252
9746,West Africa,-1.9071835,5.4171325,10.243070339653691
9747,West Africa,-1.9144485,5.4315055,10.242832826794944
9748,West Africa,-1.9140866253455426,5.761362500000001,15.367001443056159
9749,West Africa,-1.9090998743514365,5.782922,17.91005238294929
9750,West Africa,-1.9046778713326769,5.968333247860537,198.8879341260045
9751,West Africa,-1.8894340031034886,6.155177503084061,640.3987947835288
9752,West Africa,-1.9075575,6.1681145,17.90618981879837
9753,West Africa,-1.9046777511215511,6.370053,25.575566275576612
9754,West Africa,-1.903082,6.5224055,109.74182142118529
9755,West Africa,-1.8902368477385645,6.5705660222453215,584.3837610651087
9756,West Africa,-1.9057804988769869,6.6618224999999995,33.20496626757135
9757,West Africa,-1.908827751121551,6.700629,25.5754664951005
9758,West Africa,-1.8929005,6.883881485151933,262.45596796719246
9759,West Africa,-1.912737,6.956466,25.428885340634057
9760,West Africa,-1.9095624999999998,7.063544,17.80504639056793
9761,West Africa,-1.9106985,7.502635,10.17010343655843
9762,West Africa,-1.908266,8.2334955,27.973290581716178
9763,West Africa,-1.9105504999999998,8.4045325,27.950885288656398
9764,West Africa,-1.910597,8.4124375,10.176189031487512
9765,West Africa,-1.897273250431779,5.003194000000001,10.247854429851156
9766,West Africa,-1.8999244805326092,5.170649267725757,53.65209071852341
9767,West Africa,-1.8941975144722583,5.183564747420103,99.50678831518273
9768,West Africa,-1.8928909872348783,5.228136515139132,119.98254216387609
9769,West Africa,-1.9053879999999999,5.3050239999999995,10.244892811028944
9770,West Africa,-1.902608,5.3380814999999995,10.240818233363646
9771,West Africa,-1.898543985742665,5.425045752145426,33.202145685416994
9772,West Africa,-1.8964615000000027,5.449471499998559,17.91159052044245
9773,West Africa,-1.897230602924686,5.465288504309106,107.17093762263241
9774,West Africa,-1.9054496251719657,5.772861,15.36494917231468
9775,West Africa,-1.9001517505183136,5.915871,10.243330828192061
9776,West Africa,-1.905542,6.2148265,10.246659414493893
9777,West Africa,-1.9026809999999998,6.2205755,10.246550366217967
9778,West Africa,-1.893456117087652,6.467078253589924,117.38994147598183
9779,West Africa,-1.9027637347799502,6.631646007203719,94.39293367436129
9780,West Africa,-1.8890021177536858,6.625174996349264,370.1886246138918
9781,West Africa,-1.8995375,6.9133475,30.660822772417735
9782,West Africa,-1.9002845,6.9198155,17.83144080509235
9783,West Africa,-1.901954,6.972995,53.41118855236955
9784,West Africa,-1.9012395,7.657862,30.517234641215012
9785,West Africa,-1.905392,8.241400500000001,10.17351300855259
9786,West Africa,-1.900347,8.247868,33.090390311772644
9787,West Africa,-1.9031630000000002,8.379379499999999,10.177032930773505
9788,West Africa,-1.901237,8.428965999999999,35.63451117698966
9789,West Africa,-1.904893,8.435434,10.172060691871488
9790,West Africa,-1.901751,8.533888,25.462405347407326
9791,West Africa,-1.8851605002166354,5.057092,56.19532255987084
9792,West Africa,-1.8902422418149198,5.067152989161439,25.541354062168857
9793,West Africa,-1.884102500002238,5.1871665,135.16665654364374
9794,West Africa,-1.8892057586198354,5.202258010839314,38.319942994202336
9795,West Africa,-1.880577482722875,5.217359500000001,63.870015828174004
9796,West Africa,-1.88373898056322,5.300712500007478,178.58225851078862
9797,West Africa,-1.8859539999977621,5.3208345,168.435868707633
9798,West Africa,-1.8838195149032066,5.3330424979441595,102.07821087914446
9799,West Africa,-1.893977,5.3481425,20.484831716316965
9800,West Africa,-1.888218,5.353892,38.321793377365736
9801,West Africa,-1.8892579766382434,5.458106268153939,30.69416752189361
9802,West Africa,-1.8843160100804577,5.92952501247283,120.01254824808971
9803,West Africa,-1.8930332490508324,5.9431795,20.48740098911645
9804,West Africa,-1.8922719999974935,6.141525,43.450623272292084
9805,West Africa,-1.883004,6.176019500000001,160.97893381113641
9806,West Africa,-1.8954141256053259,6.4095785,17.910044446593318
9807,West Africa,-1.8930388732706973,6.546120999392584,17.910194440511347
9808,West Africa,-1.8854078747408431,6.632358,30.69374011255147
9809,West Africa,-1.8884155005170604,6.660385,30.664133832164072
9810,West Africa,-1.8901210000000002,6.7279374999999995,10.243625892281775
9811,West Africa,-1.8882384999999973,6.800520500001258,17.909531914924624
9812,West Africa,-1.8933197511215512,6.8055509999999995,10.245553508925987
9813,West Africa,-1.8797502536281963,6.852975,114.66343218828843
9814,West Africa,-1.887763753626943,6.8659205,186.18510364299644
9815,West Africa,-1.8705517457671044,6.903903642857127,789.7044902006628
9816,West Africa,-1.8945995,6.945686500000001,17.826948400889222
9817,West Africa,-1.8967545000000001,8.255773000000001,10.173116206879074
9818,West Africa,-1.8953484999999999,8.264396999999999,25.428726790230964
9819,West Africa,-1.8877485,8.3456035,71.21895295888332
9820,West Africa,-1.8936355,8.3599765,17.778256793958704
9821,West Africa,-1.8885895,8.3693185,25.437971712045115
9822,West Africa,-1.889306,8.5173595,10.17348870738075
9823,West Africa,-1.8922889999999999,8.531732,10.169577741994356
9824,West Africa,-1.8923345,8.540356,10.17285344599344
9825,West Africa,-1.8881115,8.5676645,10.175682635393384
9826,West Africa,-1.8867045,8.5777255,10.17542032988456
9827,West Africa,-1.8845770000000002,8.5870675,45.81273265948815
9828,West Africa,-1.8826794995688179,4.947139999999999,10.245158996779324
9829,West Africa,-1.8798240000000002,4.9557635,10.243256153191744
9830,West Africa,-1.8856019997833644,4.959357,15.36409092141007
9831,West Africa,-1.8827845,4.983072,10.246388396226365
9832,West Africa,-1.8828302504319283,5.0017565,10.244336491187694
9833,West Africa,-1.873940000002238,5.167044499999999,58.73655863013135
9834,West Africa,-1.879014,5.1727935,10.243463856462675
9835,West Africa,-1.874684,5.1771055,10.243395893129989
9836,West Africa,-1.8790740000000001,5.1957905,10.243100736057157
9837,West Africa,-1.8805475,5.2058515,10.242947496985462
9838,West Africa,-1.880637999997762,5.236034500000001,20.417769287651183
9839,West Africa,-1.884982999568967,5.2403465,10.244165281767685
9840,West Africa,-1.8729235103662751,5.312210500000001,35.818849794585795
9841,West Africa,-1.8853005,5.3423935,10.244295285870354
9842,West Africa,-1.8799332490508323,5.4760615,10.24564203305944
9843,West Africa,-1.8770754995689671,5.4861225000000005,25.57472111501971
9844,West Africa,-1.8763992505183138,5.7261489999999995,10.243152674767765
9845,West Africa,-1.8779124999974934,5.960427,23.029835536790983
9846,West Africa,-1.8828529999999999,6.135775499999999,51.143699678025584
9847,West Africa,-1.8743975028197024,6.193984265052533,76.61575249170807
9848,West Africa,-1.875293520988753,6.2442805,33.27335333713972
9849,West Africa,-1.8802277505183138,6.40886,10.244699803420689
9850,West Africa,-1.8632777608845887,6.5159285,183.6976324975712
9851,West Africa,-1.8779465000000002,6.571992,30.694418980911315
9852,West Africa,-1.8808625,6.57846,10.24311326944665
9853,West Africa,-1.8731008780679541,6.628044518667786,46.02498196411327
9854,West Africa,-1.8818885,6.656792,17.908956420910226
9855,West Africa,-1.873945,6.6589480000000005,45.99147242639658
9856,West Africa,-1.8734395027965083,6.719313754908358,58.74564631456414
9857,West Africa,-1.8750375011253406,6.7595575,38.36117379318973
9858,West Africa,-1.8782645,6.8429205,45.97223454057257
9859,West Africa,-1.8750300000000002,6.9377815,10.175480371024278
9860,West Africa,-1.8772095,6.942812,25.46122028431563
9861,West Africa,-1.8841725,7.0542015,25.434286371456007
9862,West Africa,-1.877156,8.2564915,17.830099496534245
9863,West Africa,-1.8761275,8.3456035,17.77535552415357
9864,West Africa,-1.8846875,8.461305,10.174896522806646
9865,West Africa,-1.8789660000000001,8.4807085,35.608693708732275
9866,West Africa,-1.878285,8.490769499999999,17.805655315216992
9867,West Africa,-1.8819485,8.4958,10.174007321310535
9868,West Africa,-1.8824345,8.5935355,10.175007523935966
9869,West Africa,-1.8802694999999998,8.598566,17.80602359361146
9870,West Africa,-1.8752575,8.6150945,10.174443390115208
9871,West Africa,-1.877491,8.624437,17.7785795668301
9872,West Africa,-1.8728055000000001,5.0247535,10.242213993554783
9873,West Africa,-1.870235,5.1354245,10.244050482247417
9874,West Africa,-1.861621000431033,5.1483595,56.16407925227787
9875,West Africa,-1.8717380000000001,5.1569835,10.243712563291604
9876,West Africa,-1.8638605004570326,5.173512235378195,23.029400883780504
9877,West Africa,-1.8603048713253552,5.192198251713204,86.76204101216987
9878,West Africa,-1.8704374997833644,5.2008209999999995,15.362032316225209
9879,West Africa,-1.870460000431033,5.2087255,10.24466852083067
9880,West Africa,-1.867061000000009,5.2798714999947585,28.145677812969854
9881,West Africa,-1.865662500030473,5.294244482356216,38.357378884096065
9882,West Africa,-1.8649635002144767,5.301430750429091,30.69387721546513
9883,West Africa,-1.8635572500008952,5.3150855,10.244741075352081
9884,West Africa,-1.8623004997833643,5.37617,30.6897435189614
9885,West Africa,-1.8695112500008952,5.3754515000000005,10.243758026997122
9886,West Africa,-1.8710147490508322,5.391261500000001,10.243498734364309
9887,West Africa,-1.8681496253455423,5.3991665,66.36462631146534
9888,West Africa,-1.8717818524561327,5.409238521777699,30.69348618555463
9889,West Africa,-1.863324,5.701715,30.6905675662801
9890,West Africa,-1.8710404999999999,6.0617555,17.90922289746893
9891,West Africa,-1.8662585002597836,6.1436805,15.364998813284503
9892,West Africa,-1.8663936228037787,6.18105149691594,91.87219233028777
9893,West Africa,-1.86942,6.2184194999999995,40.933344972166246
9894,West Africa,-1.8618595196959227,6.526707999999999,127.62705237252577
9895,West Africa,-1.8691380005170606,6.535341,10.245742113575323
9896,West Africa,-1.85036802417962,6.5489855,568.6353199477257
9897,West Africa,-1.8707199994829393,6.572711,10.2449946753379
9898,West Africa,-1.8627924999999999,6.582053,17.909817267470057
9899,West Africa,-1.8628895011253406,6.6086425,23.031515156998143
9900,West Africa,-1.8630170046021393,6.642417223462127,214.3588812396992
9901,West Africa,-1.8645686267306694,6.668289999998736,17.90942820441834
9902,West Africa,-1.866889748878449,6.709253,10.24400108232873
9903,West Africa,-1.870597873270697,6.731530999392794,17.91070758173314
9904,West Africa,-1.8580037493397585,6.844362772962707,1220.0695565362917
9905,West Africa,-1.869344,6.966527,10.171335233617151
9906,West Africa,-1.8637320000000002,7.009646,10.170421773797248
9907,West Africa,-1.8724859999999999,8.640965999999999,10.173724384280238
9908,West Africa,-1.8569045,5.0118175,10.24241165587747
9909,West Africa,-1.850404500002238,5.011817499999999,35.81292632591657
9910,West Africa,-1.8605269997833647,5.019723,17.911619068581064
9911,West Africa,-1.8526205,5.0305025,30.659104591975925
9912,West Africa,-1.858584754302063,5.095901509965885,53.659122083989914
9913,West Africa,-1.855714750431928,5.1009294999999995,10.24281703246664
9914,West Africa,-1.8565853748280343,5.15339,17.908459290006963
9915,West Africa,-1.8544800000000001,5.174231000000001,10.246980739310326
9916,West Africa,-1.857381000431033,5.1785425,10.24514604732233
9917,West Africa,-1.8530662495680719,5.1814175,10.241556898924626
9918,West Africa,-1.8467644805587637,5.248262252587375,125.0052702597324
9919,West Africa,-1.8593012500008952,5.3409565,10.244321127350252
9920,West Africa,-1.8564587490508324,5.3510175,10.244157264850775
9921,West Africa,-1.855402,5.478936,25.57327153370293
9922,West Africa,-1.8525292494816863,5.484685,30.66212275225381
9923,West Africa,-1.854002750000895,5.4961835,10.245305619007135
9924,West Africa,-1.8577316262949504,5.532834000438957,28.14318349075637
9925,West Africa,-1.8626420000000001,5.933118,10.241251175853154
9926,West Africa,-1.8605790031152032,5.961143997433721,28.149613630049792
9927,West Africa,-1.8613914999999999,5.99061,10.24374979670443
9928,West Africa,-1.8558487505181347,6.0595995,10.247797406715753
9929,West Africa,-1.8605363746544574,6.158053499999999,15.360616774634344
9930,West Africa,-1.8585465011230131,6.209077499999999,56.197549733378786
9931,West Africa,-1.852173125259157,6.449823,17.906905333104163
9932,West Africa,-1.8577135,6.5755855,10.243179515419941
9933,West Africa,-1.8578182506046994,6.6057685,10.244337886771424
9934,West Africa,-1.8571244989633775,6.613673499997493,28.14938479211166
9935,West Africa,-1.8609212500012533,6.6589480000000005,25.574935621577595
9936,West Africa,-1.8553267353830238,6.715008508407257,81.67298221952558
9937,West Africa,-1.8510299945153355,6.7236277675169625,73.98362364631423
9938,West Africa,-1.8584602493953004,6.7739305000000005,10.24444300773233
9939,West Africa,-1.8631920000000002,6.874541,10.173265150562411
9940,West Africa,-1.8467132614951347,6.919910352308616,435.6269917462742
9941,West Africa,-1.8605960000000001,6.949279499999999,10.17523825527606
9942,West Africa,-1.8613499999999998,6.958622,25.407684164878212
9943,West Africa,-1.8525345,7.107381500000001,10.175380925817977
9944,West Africa,-1.8564485,8.3333865,10.174699060066114
9945,West Africa,-1.841136999568967,5.0491875,10.247161217361125
9946,West Africa,-1.842632,5.0685905,25.60674989112435
9947,West Africa,-1.8441705,5.103804,10.244533741373655
9948,West Africa,-1.8435966251719655,5.154828,17.90753429652864
9949,West Africa,-1.8342975149011975,5.180690248286805,130.20199447583295
9950,West Africa,-1.851637999568967,5.1900414999999995,10.244964455579703
9951,West Africa,-1.8415502495680718,5.1957905,10.24132980229959
9952,West Africa,-1.848811,5.2072885,10.242918580568876
9953,West Africa,-1.850714250431928,5.3625155,10.24219669354003
9954,West Africa,-1.8463982509491677,5.3682645,10.243875638382702
9955,West Africa,-1.8467832494816863,5.494746,10.24356327179057
9956,West Africa,-1.8410370005172396,5.5033695,10.243415103345745
9957,West Africa,-1.8454282490508325,5.522054499999999,10.244871279619913
9958,West Africa,-1.8483800000000001,5.768549,17.90959361374652
9959,West Africa,-1.850419,5.9467725,17.907602097446357
9960,West Africa,-1.8410628747408433,5.959708,30.690148698336763
9961,West Africa,-1.8440492494818654,5.9891725000000005,35.78163533631883
9962,West Africa,-1.839256890417372,6.067497481865384,56.19668132122538
9963,West Africa,-1.8418465,6.189674,15.363684214674533
9964,West Africa,-1.8456566250424618,6.4483855000000005,15.364619173042112
9965,West Africa,-1.8378345,6.4821615,79.15416220644619
9966,West Africa,-1.8414727506046993,6.490785499999999,10.243095666348921
9967,West Africa,-1.8479975,6.492941,17.908947891511417
9968,West Africa,-1.8425589999976726,6.5899585,23.030584552150163
9969,West Africa,-1.8476452505183139,6.59427,10.244561531812959
9970,West Africa,-1.8499032620939937,6.6172664999974735,28.152583383180453
9971,West Africa,-1.841983871941368,6.626610246412556,43.447920360112114
9972,West Africa,-1.8442206258278102,6.645293746817959,91.93542741780853
9973,West Africa,-1.8421835,6.6805075,10.241057686245272
9974,West Africa,-1.8373184988769868,6.7322495,331.7705630561226
9975,West Africa,-1.8250455199637567,6.741583746412555,265.6201263565293
9976,West Africa,-1.8432704989633726,6.775368,58.835336988595614
9977,West Africa,-1.8390163668314905,6.893233754190484,68.85421896779616
9978,West Africa,-1.8439299999999998,6.9471235,17.804092007633674
9979,West Africa,-1.8498335,6.974432500000001,17.776742275118973
9980,West Africa,-1.8415805,8.2586475,10.176583762784258
9981,West Africa,-1.8455314999999999,8.3254815,17.828766152200433
9982,West Africa,-1.8520910000000002,8.3319495,10.178237949072905
9983,West Africa,-1.8433899999999999,8.334824000000001,10.174624880593088
9984,West Africa,-1.850769,8.6596505,10.176772618834807
9985,West Africa,-1.8425015,9.3208025,10.176161741179445
9986,West Africa,-1.8292857495680719,4.9413905,10.241707246703195
9987,West Africa,-1.8316699997833645,5.019723,25.536719993974586
9988,West Africa,-1.8331419993529283,5.0326585,68.95216833284886
9989,West Africa,-1.8310075000000001,5.0420005,10.241949668736124
9990,West Africa,-1.8303150000000024,5.05134299999865,17.905885794803158
9991,West Africa,-1.8324945000000001,5.056373499999999,10.241728700036028
9992,West Africa,-1.8339815000000002,5.0707465,10.24150710203241
9993,West Africa,-1.8298139999999998,5.1268005,20.484794615871767
9994,West Africa,-1.8327587509491676,5.1483595,10.243849740318685
9995,West Africa,-1.838531,5.1512345,10.243802810934177
9996,West Africa,-1.834364995045441,5.202255514708252,40.9365962913378
9997,West Africa,-1.8301367490508325,5.2403465,10.245942836046115
9998,West Africa,-1.8251143746544576,5.2482515,28.151168078927324
9999,West Africa,-1.8323617386538786,5.259031017640195,173.50163593883136
10000,West Africa,-1.8377509994827605,5.3754515000000005,10.245535203438264
10001,West Africa,-1.831045,5.7699865,17.90780110028469
10002,West Africa,-1.8267399979590364,5.780048484424828,30.69266460244016
10003,West Africa,-1.8289365,5.787952000000001,10.240299709330152
10004,West Africa,-1.8311180205174882,5.794410475661759,48.56052574384033
10005,West Africa,-1.8275359999999998,5.802325,10.243590389860621
10006,West Africa,-1.8354965,5.805918500000001,17.908470051846052
10007,West Africa,-1.8350615002597834,5.8935925000000005,40.93441295184904
10008,West Africa,-1.8271799997402165,5.9151525,17.913901380689275
10009,West Africa,-1.834464,5.932399500000001,17.909805240808677
10010,West Africa,-1.8339035,5.977674,10.243985815784722
10011,West Africa,-1.8317944761135347,5.998526021238401,51.10833068165826
10012,West Africa,-1.836875,6.002826499999999,15.361835146379127
10013,West Africa,-1.8305255002113565,6.050257271677747,23.028407126527878
10014,West Africa,-1.8310989997402165,6.2169825,17.90945708028903
10015,West Africa,-1.8346235,6.5928325,10.242833028752294
10016,West Africa,-1.8393337493953006,6.6905684999999995,10.242617501216063
10017,West Africa,-1.8280284999999998,6.7645885,30.692375634360804
10018,West Africa,-1.8324295,6.781836,56.266191844483664
10019,West Africa,-1.829586,6.7954905,10.242231838418126
10020,West Africa,-1.833958,6.799802,10.245681467220317
10021,West Africa,-1.8282855,6.8314225,10.24502230008823
10022,West Africa,-1.8320077457671042,6.8572935,40.76010097736937
10023,West Africa,-1.82919199723566,6.8795745,117.13949826528774
10024,West Africa,-1.8293035,6.9097545,17.910411953272423
10025,West Africa,-1.8336765000000002,6.916941,25.539493591882817
10026,West Africa,-1.8329958804473057,6.928435995856354,76.52085970789243
10027,West Africa,-1.8323245,6.942812,17.77965940831476
10028,West Africa,-1.8375785,7.6909195,10.176317143625006
10029,West Africa,-1.828421,8.239963,10.170010378735103
10030,West Africa,-1.8255460000000001,8.246430499999999,68.70605668164877
10031,West Africa,-1.8361269999999998,8.336261,10.174588471297554
10032,West Africa,-1.838991,8.922674,10.173193683717678
10033,West Africa,-1.812862500002238,5.0017565,23.028689603858826
10034,West Africa,-1.817927,5.00535,30.692397234131857
10035,West Africa,-1.825148249999105,5.0075055,10.24602827767904
10036,West Africa,-1.825884,5.015411,17.906432881917873
10037,West Africa,-1.8241147509491675,5.1526715,10.243782098760978
10038,West Africa,-1.8206089805595171,5.190771252151404,51.077803893712954
10039,West Africa,-1.8136185000025065,5.266217,20.44861435734387
10040,West Africa,-1.8226513746544577,5.3948545,17.905673250275335
10041,West Africa,-1.8171750000000002,5.7261489999999995,86.79275219578305
10042,West Africa,-1.8079310030775866,5.768547515577324,76.67437904545483
10043,West Africa,-1.8159055,5.777891500000001,61.31532200149428
10044,West Africa,-1.8166715000365548,5.791545482368438,66.35916581149976
10045,West Africa,-1.813212625259157,5.838976,38.31737913268488
10046,West Africa,-1.8139714997402163,5.850474500000001,17.90885957607758
10047,West Africa,-1.8176270176677605,5.8655574782502855,201.5841399066459
10048,West Africa,-1.8162715072627909,5.889272996913805,81.77100992678172
10049,West Africa,-1.8134744999999999,5.919464,35.77932314758849
10050,West Africa,-1.8164318667892125,5.9381475212233426,43.41043511615911
10051,West Africa,-1.8253055,6.002108,10.243539588651865
10052,West Africa,-1.82525,6.199016500000001,23.026083738964502
10053,West Africa,-1.8131503519379921,6.2529245,125.1017955200961
10054,West Africa,-1.8176138642881825,6.287409500000001,48.57398284291994
10055,West Africa,-1.8149387506046994,6.3513684999999995,79.11486280930443
10056,West Africa,-1.8195549993967628,6.427545,10.244341269571981
10057,West Africa,-1.8217335000000001,6.6273275,10.24213732460866
10058,West Africa,-1.824700748878449,6.648887,10.245231647292462
10059,West Africa,-1.810587,6.7444665,183.77127766906943
10060,West Africa,-1.8207475,6.75309,35.76533330951618
10061,West Africa,-1.8121000188083933,6.762424724072856,112.31836592858511
10062,West Africa,-1.8229989768974324,6.774659051261526,48.55045330632903
10063,West Africa,-1.822378,6.8026765000000005,25.57508742896177
10064,West Africa,-1.8129838780791123,6.806268245206507,33.23960089315114
10065,West Africa,-1.8227735,6.907598500000001,25.433228906890783
10066,West Africa,-1.8214137493953007,6.9277204999999995,25.571630323528584
10067,West Africa,-1.824398,6.949279499999999,30.52217554484278
10068,West Africa,-1.8145805,8.2291835,66.18592971769125
10069,West Africa,-1.8269395,8.2327765,10.177232221007115
10070,West Africa,-1.8194585,8.342729,40.67155919725908
10071,West Africa,-1.8253115,8.6574945,17.80154782958226
10072,West Africa,-1.8265765,9.0563415,10.17657225197367
10073,West Africa,-1.8084287490508322,5.2202245000000005,25.573150296955607
10074,West Africa,-1.8034785176279955,5.253991997430166,137.82643195909753
10075,West Africa,-1.7992055238854001,5.751289979275418,199.07520844660257
10076,West Africa,-1.8074770002597835,5.8533485,15.362345979845143
10077,West Africa,-1.8096730012064746,5.861254,45.994669860957366
10078,West Africa,-1.8046164999999998,5.8619725,15.361678500366628
10079,West Africa,-1.8031930005170604,5.86844,10.244187688194431
10080,West Africa,-1.7988945196959225,5.8792105,40.86856975645841
10081,West Africa,-1.8018223598882794,5.890719997433721,35.8216981096213
10082,West Africa,-1.8070010000025065,5.927369,33.269950504057334
10083,West Africa,-1.803417496896516,5.936712996913805,30.692303568696097
10084,West Africa,-1.8092194994829396,5.944617,10.246360269839137
10085,West Africa,-1.8063727494816861,5.957552,10.242583847124475
10086,West Africa,-1.809284874394674,5.965457499999999,15.362863132985199
10087,West Africa,-1.807287,6.2306365,25.573414568592323
10088,West Africa,-1.8030075,6.2450095,10.242562465056832
10089,West Africa,-1.803145,6.287409,15.362661449937235
10090,West Africa,-1.8082423747408432,6.2960329999999995,17.909037685938067
10091,West Africa,-1.806956,6.3434634999999995,17.911415057723755
10092,West Africa,-1.8114541250424616,6.3880195,17.910347121111478
10093,West Africa,-1.802654499697128,6.5547450000000005,30.692380250786833
10094,West Africa,-1.811539,6.612236,30.694652459157556
10095,West Africa,-1.8007089812441763,6.61943025419338,43.45222422701608
10096,West Africa,-1.8072345,6.6215785,10.242253522599642
10097,West Africa,-1.801476,6.630202499999999,10.245618229969203
10098,West Africa,-1.803372,6.7509345,10.243152873564194
10099,West Africa,-1.8070705,6.7724934999999995,142.84715446343537
10100,West Africa,-1.8035973748272287,6.8105815,15.361991014267577
10101,West Africa,-1.8045784999999999,7.2518285,17.801362368686647
10102,West Africa,-1.799303,8.2227155,10.173980415116299
10103,West Africa,-1.8100675000000002,8.3535085,10.174188758292637
10104,West Africa,-1.8085775,8.6553385,10.173386565907526
10105,West Africa,-1.7940535,5.238909,10.242429050920087
10106,West Africa,-1.798441250000895,5.2604685,10.245620955354816
10107,West Africa,-1.7876370012114875,5.266217,53.683836027426935
10108,West Africa,-1.7985059997400374,5.281309,15.361873694124494
10109,West Africa,-1.794182999568967,5.2863395,10.243427876594845
10110,West Africa,-1.7848149999746044,5.291370014698959,33.20008340811913
10111,West Africa,-1.7700623643127198,5.900779489075291,586.9239006180982
10112,West Africa,-1.796069748878449,5.900061,10.245396698047498
10113,West Africa,-1.793194498876987,5.9058095,20.418128417062714
10114,West Africa,-1.790333,5.9144334999999995,20.483140448399
10115,West Africa,-1.7905197494816862,5.971925000000001,10.24232250348135
10116,West Africa,-1.7977455005170606,5.973362,10.245837916247513
10117,West Africa,-1.790350998876987,6.138650500000001,23.0255488401249
10118,West Africa,-1.7980478741779835,6.277348250602401,17.90921336600658
10119,West Africa,-1.7872465,6.288128,25.570641323517584
10120,West Africa,-1.793057621890712,6.294602518644165,38.32303372843624
10121,West Africa,-1.7939693730576745,6.349212749398502,33.238792810701625
10122,West Africa,-1.7940635000027154,6.3772395,43.44476704418655
10123,West Africa,-1.792689,6.3959245,23.02287368794574
10124,West Africa,-1.7833094994829395,6.403111,10.24481155480527
10125,West Africa,-1.780789,6.5094705,10.240959469589784
10126,West Africa,-1.7949359999488785,6.622297021135118,23.026082871551885
10127,West Africa,-1.797135,6.6287645,10.245647327862866
10128,West Africa,-1.7855595,6.6316395,10.242050104945992
10129,West Africa,-1.7935465000000002,6.6366700000000005,33.23844912775646
10130,West Africa,-1.7925026264669863,6.7459040006055275,17.909326328224882
10131,West Africa,-1.797575625172771,6.7502154999999995,15.365194588084586
10132,West Africa,-1.793262500302872,6.758839,30.694086046772917
10133,West Africa,-1.783138250691085,6.759558,10.244757603021712
10134,West Africa,-1.791178,6.7825545,102.21542857379727
10135,West Africa,-1.7912210000000002,6.794053,125.20982320926899
10136,West Africa,-1.7869364988742715,6.806988499999999,181.256259743196
10137,West Africa,-1.7797201041741855,6.813464254186288,135.43359729642006
10138,West Africa,-1.7847520000000001,8.2169665,10.174124015212286
10139,West Africa,-1.7840475,8.221997,33.043562526597974
10140,West Africa,-1.7964275,8.229902,25.434468926159777
10141,West Africa,-1.77946,8.3333865,30.522308791592636
10142,West Africa,-1.794737,8.648871,27.982423609465506
10143,West Africa,-1.788224,8.6553385,10.176886182336238
10144,West Africa,-1.7782054999999999,5.2518445,10.242215042982757
10145,West Africa,-1.7782983743514365,5.281309,15.360099279547892
10146,West Africa,-1.7703590016567325,5.28202776462105,35.75592015135938
10147,West Africa,-1.7769045,5.299275,10.241460317400572
10148,West Africa,-1.758436,5.399884999999999,10.243368009643815
10149,West Africa,-1.7765203736178272,5.886406500001263,17.90816370348228
10150,West Africa,-1.7700322505183137,5.891437,10.243777919148425
10151,West Africa,-1.7614617494816862,5.92162,10.243234447015093
10152,West Africa,-1.7687079969851922,5.928089246407592,81.71707471787279
10153,West Africa,-1.768985,6.012169,25.57116995411698
10154,West Africa,-1.7596475,6.03301,17.906628749002326
10155,West Africa,-1.777777874394674,6.0516945,15.361820058402957
10156,West Africa,-1.7720035,6.056725,30.66033037297225
10157,West Africa,-1.7677507617881916,6.079003,254.93253394962187
10158,West Africa,-1.75482112638217,6.103436500000001,316.2684911425541
10159,West Africa,-1.7775048747408433,6.185362,17.90697927288086
10160,West Africa,-1.7727007499987466,6.263694,10.245738456244789
10161,West Africa,-1.7691288732693304,6.2744740000012635,17.910638846119113
10162,West Africa,-1.7771118829123478,6.284526746410076,51.07237762579712
10163,West Africa,-1.7786132506046992,6.2996265000000005,10.243284137101647
10164,West Africa,-1.7775672493953008,6.4174834999999995,30.689856849373022
10165,West Africa,-1.772675475812025,6.465643,517.9144130058554
10166,West Africa,-1.773082,6.5813345000000005,20.44505369224629
10167,West Africa,-1.7768845,6.632358,15.358651556893717
10168,West Africa,-1.7726647506046995,6.6661345,10.243124008420773
10169,West Africa,-1.7665860010366274,6.783992,97.06211006147959
10170,West Africa,-1.7578945003461395,6.783273,17.911063412578965
10171,West Africa,-1.7760159999999998,6.7926155,10.242291449355845
10172,West Africa,-1.7644716251727712,6.7990835,15.3636746163676
10173,West Africa,-1.764521250691085,6.815612,10.24359623547378
10174,West Africa,-1.7605895,6.9248460000000005,10.243069172264605
10175,West Africa,-1.771725,8.2270275,10.173872642957722
10176,West Africa,-1.7590385,8.3118275,10.175244450907831
10177,West Africa,-1.7706585000000001,8.3118275,10.175244451305439
10178,West Africa,-1.7619715,8.3175765,10.175099151428899
10179,West Africa,-1.7751735000000002,8.3477595,10.17433467892669
10180,West Africa,-1.7563405002619297,5.426474500001081,17.90916071863098
10181,West Africa,-1.7396818758638561,5.887843500000001,166.14493861572123
10182,West Africa,-1.747692,5.909403,17.907031139804104
10183,West Africa,-1.7369104993967626,5.9259319999999995,25.572034944843534
10184,West Africa,-1.7369245,5.931681,10.241284506315827
10185,West Africa,-1.737884374740843,6.004264,33.23556752933171
10186,West Africa,-1.748000625605326,6.0071385,17.910551353114972
10187,West Africa,-1.7400940006032373,6.017918,10.245031248593113
10188,West Africa,-1.7526039996956744,6.089063999391954,17.909678789821353
10189,West Africa,-1.7352794999999999,6.094094500000001,38.356208048491695
10190,West Africa,-1.7577617506046994,6.119965499999999,10.243144590578902
10191,West Africa,-1.7433794791837798,6.141524499999999,71.55957908360335
10192,West Africa,-1.7426958747408432,6.153742,17.909786005955112
10193,West Africa,-1.7303659997028635,6.357836249312657,178.48492999976258
10194,West Africa,-1.7406289760505222,6.398090029555499,56.219181822900836
10195,West Africa,-1.740818,6.453416,23.025188017946
10196,West Africa,-1.748787646298823,6.459875746410075,66.39157319211715
10197,West Africa,-1.7387547379059627,6.485755000020484,247.46933454215193
10198,West Africa,-1.757544,6.4821615,10.241500569854797
10199,West Africa,-1.745374520036743,6.515929716237975,30.65054183915123
10200,West Africa,-1.7505435,6.5489955,25.608038274659386
10201,West Africa,-1.7560055,6.8572935,10.173649836219404
10202,West Africa,-1.7454010007492315,6.9270017289654735,23.025671867717424
10203,West Africa,-1.7404175,6.950717,10.16815643753405
10204,West Africa,-1.744761,6.952154500000001,10.175177651321361
10205,West Africa,-1.7404454999999999,6.9593405,20.339547880264615
10206,West Africa,-1.7388325,7.480357,17.781931876494173
10207,West Africa,-1.755878,8.254335999999999,10.169650304447345
10208,West Africa,-1.742821,8.2586475,10.173080635144066
10209,West Africa,-1.7435965,8.2708645,17.829466940457863
10210,West Africa,-1.752346,8.278051,35.63556600645271
10211,West Africa,-1.7436595000000001,8.2838005,17.80438487982591
10212,West Africa,-1.7444285000000002,8.291705499999999,10.175752218659254
10213,West Africa,-1.7575795,8.6280305,10.174104219003747
10214,West Africa,-1.7503395,8.6337795,20.351406457741955
10215,West Africa,-1.7423864999999998,9.102335,10.17176172831659
10216,West Africa,-1.716685,5.4451595,15.35873081741135
10217,West Africa,-1.729714,5.455939,10.242441100332556
10218,West Africa,-1.7109440011230133,5.4573765000000005,66.49656702144361
10219,West Africa,-1.7232444999999998,5.4652815,17.908050660243926
10220,West Africa,-1.715331,5.476061,10.242106032196057
10221,West Africa,-1.7197177494816862,5.494746,10.243570624687276
10222,West Africa,-1.714704999482756,5.506962749484024,17.906397035370464
10223,West Africa,-1.721244251121551,5.522054,10.244885983697944
10224,West Africa,-1.7195702511215512,5.9273690000000006,10.24490430111685
10225,West Africa,-1.7356256253022453,5.9769555,15.362109249191839
10226,West Africa,-1.730574500000003,5.979829999998737,17.907882406175343
10227,West Africa,-1.7306304758120248,5.9956499999999995,63.824416823217156
10228,West Africa,-1.7212779999999999,6.0107315,10.243397585069538
10229,West Africa,-1.7249186185672474,6.018639979444089,150.50083676118894
10230,West Africa,-1.7169768747408432,6.020074,30.68826215827308
10231,West Africa,-1.719874,6.025104499999999,10.24313387171857
10232,West Africa,-1.691906762093938,6.094094500020498,1669.8281323943575
10233,West Africa,-1.7230275145331486,6.105586491581112,38.28975020481936
10234,West Africa,-1.7302756255187612,6.11206,30.692789284619536
10235,West Africa,-1.7101760000000001,6.155179,479.5008076116837
10236,West Africa,-1.7252994958066648,6.137214733644554,28.11987470455636
10237,West Africa,-1.7267939996956714,6.153741999393218,17.908007956972003
10238,West Africa,-1.7333409999999998,6.164521499999999,25.569870116048794
10239,West Africa,-1.7282949996971282,6.168115,17.90887482055751
10240,West Africa,-1.715401,6.20764,74.06272167649024
10241,West Africa,-1.7216610003028718,6.352087,17.91025254600161
10242,West Africa,-1.7159180002971364,6.363585750687343,17.911184471645416
10243,West Africa,-1.7217164986259519,6.366460497061856,28.141221247010627
10244,West Africa,-1.731402,6.4512599999999996,15.358774061501292
10245,West Africa,-1.7314370000000001,6.4606025,10.241926136539416
10246,West Africa,-1.7307695,6.477131,17.90774009373846
10247,West Africa,-1.722118,6.4843174999999995,28.1493289936838
10248,West Africa,-1.7301172379089116,6.4972529988014855,119.98584216647188
10249,West Africa,-1.71711,6.5008465,10.241130590499502
10250,West Africa,-1.725817250691085,6.50947,10.242742879223334
10251,West Africa,-1.720086,6.5252805,25.570124879063552
10252,West Africa,-1.7317152506046993,6.5410905,10.24210423681549
10253,West Africa,-1.734763874827229,6.7890225,17.907325355640943
10254,West Africa,-1.728068,6.9385005,17.90891410205681
10255,West Africa,-1.732433,6.945686500000001,17.825192223735105
10256,West Africa,-1.717306,6.9636525,20.349870070201806
10257,West Africa,-1.7232224999999999,7.0024595000000005,10.177626388129179
10258,West Africa,-1.7146715000000001,7.0383914999999995,38.17190811430148
10259,West Africa,-1.7272105,8.0056855,10.175826834792602
10260,West Africa,-1.7257865,8.0128715,10.175651974939154
10261,West Africa,-1.7243775000000001,8.022214,43.212178163071776
10262,West Africa,-1.7306575,8.622999499999999,17.8031338309134
10263,West Africa,-1.7190555,8.628749,17.804639953192545
10264,West Africa,-1.7153035,10.874509,10.173541777647515
10265,West Africa,-1.7026599999999998,5.0678719999999995,10.241564959430914
10266,West Africa,-1.7012580000000002,5.085119000000001,10.241298374498145
10267,West Africa,-1.6979090207325502,5.444431,46.01825968089767
10268,West Africa,-1.6849703609272355,5.4595339963969485,148.07471960581478
10269,West Africa,-1.710972,5.466,10.242273720237161
10270,West Africa,-1.6965879987880947,5.484685,125.13232273681209
10271,West Africa,-1.7081389994829395,5.483248,10.24375925218968
10272,West Africa,-1.712484,5.4889969999999995,10.24188997467798
10273,West Africa,-1.702404,5.499058,10.241721585072744
10274,West Africa,-1.698099749481686,5.506244000000001,10.243377922852194
10275,West Africa,-1.7096512505183137,5.509119,10.243329676736566
10276,West Africa,-1.6894492505183138,5.514868,25.573100667628708
10277,West Africa,-1.7104075000029244,5.520617,43.43865417145648
10278,West Africa,-1.6945287657304144,5.522052745776126,137.8575432999116
10279,West Africa,-1.7068050000000001,6.002827,15.362708709012976
10280,West Africa,-1.7125929993967628,6.00642,10.245242057002997
10281,West Africa,-1.704072,6.0567245,10.242551505001945
10282,West Africa,-1.6913355,6.1415245,10.244517023318908
10283,West Africa,-1.7008000000014678,6.159490999393219,17.906053650211337
10284,West Africa,-1.709549,6.183206,86.77708135393492
10285,West Africa,-1.7015775,6.1788945,10.243814958510496
10286,West Africa,-1.701714,6.220575500000001,30.686751935734307
10287,West Africa,-1.7010595,6.241416,43.41074537551749
10288,West Africa,-1.7004044999999999,6.2622564999999994,25.574095586614824
10289,West Africa,-1.6956571296672234,6.35783476574067,393.0177169412696
10290,West Africa,-1.7093758994471322,6.353515,104.58229062731388
10291,West Africa,-1.6862913994471322,6.367888000000001,275.6145549787015
10292,West Africa,-1.7094718748272286,6.382270500000001,15.360790579170056
10293,West Africa,-1.6824120214352156,6.508743745810818,423.66407281257204
10294,West Africa,-1.6954927493089151,6.528155,10.242371285543014
10295,West Africa,-1.6962570993434694,6.5360700000000005,71.52398748077745
10296,West Africa,-1.708554,6.5353414999999995,25.570948893351297
10297,West Africa,-1.7027945,6.5468399999999995,20.418597491074603
10298,West Africa,-1.6950475,6.816330499999999,15.359170592215012
10299,West Africa,-1.6939475,6.913348,61.31210372769211
10300,West Africa,-1.696167,6.924846,23.025643867744268
10301,West Africa,-1.7012272493089151,6.9234089999999995,10.244872915236854
10302,West Africa,-1.698359,6.9320319999999995,10.242926960012129
10303,West Africa,-1.6925675,6.9320325,10.172087607785711
10304,West Africa,-1.708494,6.93347,10.242896527565355
10305,West Africa,-1.7121485,6.942812,17.82711066972444
10306,West Africa,-1.702102,6.9643715,17.803455425022232
10307,West Africa,-1.7122585,6.971557499999999,17.82601876798606
10308,West Africa,-1.7000804999999999,7.0082085,20.347895448439314
10309,West Africa,-1.7102309999999998,7.009646,10.170421772998852
10310,West Africa,-1.6986599999999998,7.015395,10.170299558609253
10311,West Africa,-1.7030180000000001,7.019707,10.170207826891666
10312,West Africa,-1.701597,7.0268935,10.173593461956624
10313,West Africa,-1.700176,7.0340795,10.173440254985106
10314,West Africa,-1.6900525000000002,7.0369545,30.523567016570514
10315,West Africa,-1.6944379999999999,7.0484525,10.173133354304246
10316,West Africa,-1.6901475000000001,7.0657,25.43188834689244
10317,West Africa,-1.7081819999999999,7.611869,10.171106366454998
10318,West Africa,-1.702145,10.875945999999999,10.176969763307548
10319,West Africa,-1.6723580005172396,5.0664345,10.243352899332022
10320,West Africa,-1.6730931263821727,5.072902499998559,17.907977191421235
10321,West Africa,-1.6789054997036363,5.087275516610394,43.432992675581495
10322,West Africa,-1.675311,5.093743,10.241164732591963
10323,West Africa,-1.667415249481686,5.3797630000000005,10.241928608538338
10324,West Africa,-1.672001,5.470312,25.570086715390875
10325,West Africa,-1.6778035,5.4789355,227.28642956208773
10326,West Africa,-1.6793685,5.5234915,10.241327289637034
10327,West Africa,-1.6822025,5.7520205,35.80714888933552
10328,West Africa,-1.6729564854360333,6.0387650211599615,339.42942254303995
10329,West Africa,-1.6701195,6.0588809999999995,17.9057984978951
10330,West Africa,-1.6657968748272287,6.0617555,25.53933748707273
10331,West Africa,-1.6708560000000001,6.0639115,10.242418713470656
10332,West Africa,-1.6651277506046993,6.0811585,308.7786794089344
10333,West Africa,-1.670896,6.0768465,10.242179322825333
10334,West Africa,-1.6530139674505242,6.136505774772868,449.1667671663445
10335,West Africa,-1.6623215,6.336996,23.02413162054482
10336,West Africa,-1.6688425,6.3391515,15.361164096279637
10337,West Africa,-1.6529928885625431,6.360711,780.820940379336
10338,West Africa,-1.6696994965515817,6.381553730629677,201.65674270383496
10339,West Africa,-1.6755119983079099,6.390175252921164,20.456491335042717
10340,West Africa,-1.6827635000584529,6.3952059788546665,137.74054812967177
10341,West Africa,-1.6632117506046993,6.3901755,10.241540424379094
10342,West Africa,-1.6741277379060124,6.4059855,841.8490589627766
10343,West Africa,-1.6835252705318318,6.406700511554234,48.598274205187835
10344,West Africa,-1.6733145,6.809863,10.24195178643145
10345,West Africa,-1.6815935,6.8996935,25.407274887707633
10346,West Africa,-1.6859654951528595,6.908320006906077,33.16360431774814
10347,West Africa,-1.670273,6.972995,25.45617202006309
10348,West Africa,-1.685572,6.9995845,10.174174267749791
10349,West Africa,-1.688482,7.0053339999999995,10.170513373327992
10350,West Africa,-1.6899845,7.018269500000001,10.177290164615355
10351,West Africa,-1.669724,7.021144,10.170177243387151
10352,West Africa,-1.6712795,7.051327000000001,10.173045020137165
10353,West Africa,-1.6893825,7.0520455,17.803706660053074
10354,West Africa,-1.6905285,7.1677475,10.174073941082792
10355,West Africa,-1.666217,7.4458625000000005,17.783298637002098
10356,West Africa,-1.6793425,7.6549875,10.17715436016249
10357,West Africa,-1.6893915000000002,7.9855635,10.176315634785094
10358,West Africa,-1.681353,8.6517455,17.803521659896763
10359,West Africa,-1.6641154999999999,8.6963015,27.95809482898498
10360,West Africa,-1.6073620030630522,5.325863233646839,267.7346887992781
10361,West Africa,-1.6254322505183139,5.3352070000000005,66.39655435232525
10362,West Africa,-1.6153272494816862,5.3352070000000005,10.242655724103006
10363,West Africa,-1.6283975,5.3653905,469.2380886476872
10364,West Africa,-1.6342767506046993,5.4027595,10.24155893154244
10365,West Africa,-1.629945750518314,5.404197,10.24152730666428
10366,West Africa,-1.6256731253455425,5.4250375,181.07079730289112
10367,West Africa,-1.6228315,5.4430035,10.242671780870827
10368,West Africa,-1.6300504999999998,5.444440999999999,10.242639361862814
10369,West Africa,-1.6315202493953007,5.4530645,35.74115794811714
10370,West Africa,-1.6387807390949707,5.463844008450673,81.72012543964016
10371,West Africa,-1.615033,5.494027,35.749935101154655
10372,West Africa,-1.6222655000482964,5.4983389800328935,23.019789772086906
10373,West Africa,-1.6194035,5.5084,17.905069489833505
10374,West Africa,-1.6316775,5.5091185,10.241568824778334
10375,West Africa,-1.636737998876987,5.5119935,23.023141787895153
10376,West Africa,-1.6295244958052368,5.5155882342349845,56.21159436417513
10377,West Africa,-1.614369,5.517024,15.356040056574793
10378,West Africa,-1.6411025272216857,5.522761745777389,51.13046750795868
10379,West Africa,-1.6172765,5.522054499999999,10.241351466505645
10380,West Africa,-1.6317165,5.5234915,25.569617850099423
10381,West Africa,-1.6468916432343035,5.528513996911667,86.8188866466816
10382,West Africa,-1.6248814999999999,5.660752499999999,15.359871841390362
10383,West Africa,-1.63283,5.9144334999999995,10.245148236463697
10384,West Africa,-1.645848,5.9173085,10.245096378083938
10385,West Africa,-1.5888327608846629,5.940304999969392,1121.6429665161488
10386,West Africa,-1.6498974999999998,6.0631924999999995,25.535286598792407
10387,West Africa,-1.627651,6.114216,68.92620613492069
10388,West Africa,-1.64505,6.132901,10.241144596102378
10389,West Africa,-1.649413250691085,6.142962,10.242732392199773
10390,West Africa,-1.642948018828867,6.150859215608481,38.31660885686522
10391,West Africa,-1.6379426385625433,6.168105000000001,300.98716935171086
10392,West Africa,-1.6241806255189108,6.1594905,17.906079680232313
10393,West Africa,-1.5938735322233788,6.176726471697525,372.4430670913936
10394,West Africa,-1.6343724963046737,6.183208027753528,132.70541532257587
10395,West Africa,-1.619921645268304,6.1867917458037205,56.16667153210284
10396,West Africa,-1.6496119999999999,6.204765500000001,10.243335003784514
10397,West Africa,-1.6366135,6.20764,10.243280599887957
10398,West Africa,-1.6106523770153567,6.229921989007722,392.9605730768913
10399,West Africa,-1.6279517493953006,6.2148265,10.241369256336005
10400,West Africa,-1.654069,6.2392605,10.242680470494072
10401,West Africa,-1.633104,6.242853500000001,17.906867702283467
10402,West Africa,-1.6302645003028724,6.2601005,33.23295432345167
10403,West Africa,-1.636771,6.2593825,10.242296988097944
10404,West Africa,-1.6389794715206931,6.271610774159188,229.64919621070413
10405,West Africa,-1.6296266251727713,6.287409500000001,30.686125054665155
10406,West Africa,-1.622409625518911,6.290283499999999,15.359472044831165
10407,West Africa,-1.6368762493953006,6.291002499999999,10.243458291959328
10408,West Africa,-1.6600125000000001,6.291002499999999,10.24168332693526
10409,West Africa,-1.6159353741775537,6.30034475068798,17.908467400297873
10410,West Africa,-1.632618990945857,6.317590775336149,109.79781777431354
10411,West Africa,-1.640557125172771,6.313280499999999,17.906718155552646
10412,West Africa,-1.6174655010366275,6.326935,76.6626782203882
10413,West Africa,-1.6435350010366276,6.33987,66.38971052425406
10414,West Africa,-1.6529417506046995,6.3413075,10.242489200096935
10415,West Africa,-1.6168399999999998,6.358555,25.56952041802121
10416,West Africa,-1.621204750691085,6.367179,10.241996984104036
10417,West Africa,-1.6501623722432928,6.376521497054746,56.229393684093445
10418,West Africa,-1.6342599999999998,6.378677,10.243538991792613
10419,West Africa,-1.640045,6.378677,10.243538992024195
10420,West Africa,-1.6154783994471318,6.385135,48.52022418868897
10421,West Africa,-1.6277974986908557,6.393049975833941,38.3577133426262
10422,West Africa,-1.6104356264667867,6.392331000682464,89.35282745001207
10423,West Africa,-1.6270961020069128,6.40095898816827,25.599645017054904
10424,West Africa,-1.6285863748256464,6.413890500610552,296.03659834166757
10425,West Africa,-1.6097515,6.404548,30.656052586646577
10426,West Africa,-1.6141035,6.40886,10.242960102307281
10427,West Africa,-1.6401502493089941,6.411734999969424,20.48217993094644
10428,West Africa,-1.6214002493953006,6.4261075000000005,10.240838170450582
10429,West Africa,-1.6148914993110524,6.42682624922681,17.906390678885042
10430,West Africa,-1.6561382391154111,6.438333999999999,68.92105754082932
10431,West Africa,-1.6105779993105744,6.436887249399639,17.907827432675695
10432,West Africa,-1.6106039959051195,6.446949981322931,53.646097181613904
10433,West Africa,-1.6547335,6.449104,10.242170885770987
10434,West Africa,-1.6330367499983278,6.450541,10.242133433963149
10435,West Africa,-1.6374025,6.457728,10.242001121875283
10436,West Africa,-1.648987499310587,6.46204,10.240141770914622
10437,West Africa,-1.6475675,6.469226,10.241774430954917
10438,West Africa,-1.657693,6.470663500000001,10.241727711633649
10439,West Africa,-1.660612749308915,6.479287,10.243340896109782
10440,West Africa,-1.6201359999973723,6.4850365,74.04722853958192
10441,West Africa,-1.6374945,6.487911,10.24140518697269
10442,West Africa,-1.610836999654099,6.515938,17.90466118425714
10443,West Africa,-1.6108500000019164,6.521686999306777,17.907991261181273
10444,West Africa,-1.6419925,6.5324670000000005,10.240520407660314
10445,West Africa,-1.6174439999999999,6.5489955,28.136876643868398
10446,West Africa,-1.62763,6.564087,10.243428360021712
10447,West Africa,-1.6285713944509892,6.849465864709252,125.05659385826567
10448,West Africa,-1.6133986251727712,6.8551375,28.149380400075984
10449,West Africa,-1.6127073748272287,6.8651985,15.358964645444654
10450,West Africa,-1.65904599308915,6.8680755,40.863818737871654
10451,West Africa,-1.6185955,6.8932255,10.172900875742648
10452,West Africa,-1.6330854965121624,6.898259023450399,76.50256299443276
10453,West Africa,-1.611395750691085,6.906161,33.181972283071545
10454,West Africa,-1.63096049308915,6.911913,107.17222200239357
10455,West Africa,-1.6273675,6.9198155,15.359441262802365
10456,West Africa,-1.64839399723566,6.9298775,20.432815155735298
10457,West Africa,-1.6187325000000001,6.934188,15.360744279154117
10458,West Africa,-1.626122,6.975151,10.171152984945923
10459,West Africa,-1.6261480000000001,6.9837745,10.174509484689203
10460,West Africa,-1.6193645,7.1174425,10.17516385975201
10461,West Africa,-1.6165065,7.126066,10.17143844179698
10462,West Africa,-1.651631,10.605017499999999,33.0937496579997
10463,West Africa,-1.5659325016845083,5.210163250005057,48.55918582040934
10464,West Africa,-1.573149,5.208726,10.242916620561049
10465,West Africa,-1.5688569757916828,5.224546008410027,84.35634273394703
10466,West Africa,-1.6042435207325503,5.2338685,84.24249612066676
10467,West Africa,-1.6028384999989176,5.249688500522083,76.585447022482
10468,West Africa,-1.5963692494816861,5.259031,20.48240055805426
10469,West Africa,-1.5934952493953007,5.2662175,35.74080130684513
10470,West Africa,-1.5877344999999998,5.2690920000000006,10.241946068163486
10471,West Africa,-1.59207100120249,5.272685002856351,20.454484048055104
10472,West Africa,-1.5949877536003378,5.2827495115174905,97.06812144661424
10473,West Africa,-1.5870636252591568,5.288495,17.907390639523683
10474,West Africa,-1.5964632608845888,5.299275,124.97573443367857
10475,West Africa,-1.569121,5.3308955000000005,10.240964397238297
10476,West Africa,-1.5707285,5.3941355,10.243478477371607
10477,West Africa,-1.5906009945958237,5.538585234240873,186.21110451083203
10478,West Africa,-1.581974999953189,5.552956019352991,51.06423302222096
10479,West Africa,-1.570441,5.5579865,69.03018131126137
10480,West Africa,-1.5913615,5.5536745,10.24081802978332
10481,West Africa,-1.5827222506046994,5.5608615,25.5716208591904
10482,West Africa,-1.5697522536764927,5.570197480032894,40.88578163282998
10483,West Africa,-1.5632899994051415,5.584576245931489,94.42878461907188
10484,West Africa,-1.5762999999999998,5.5903255000000005,17.907962153719012
10485,West Africa,-1.5835395,5.5982305,102.07315210942326
10486,West Africa,-1.573487,5.619071,17.907094144218036
10487,West Africa,-1.5872264999999999,5.6233830000000005,15.358640088015914
10488,West Africa,-1.5830586297835305,5.683747254194982,120.02903274952783
10489,West Africa,-1.5903635084454206,5.716084508421787,451.15009581384584
10490,West Africa,-1.5933165,5.7405215,30.659621952956304
10491,West Africa,-1.5760597432913248,5.761360773558021,199.02748939079513
10492,West Africa,-1.5804685022152896,5.793699745193614,209.31398966856963
10493,West Africa,-1.6050147506046994,5.7850775,25.570762420645707
10494,West Africa,-1.5834145,5.813105,15.355010654730547
10495,West Africa,-1.599257999310818,6.045945249311544,17.906225230289426
10496,West Africa,-1.5722135000019204,6.18679949930533,17.904741465672117
10497,West Africa,-1.5787697344175564,6.204771010992252,51.03062544569473
10498,West Africa,-1.5795240009528695,6.2162635,23.023999409198613
10499,West Africa,-1.576652,6.2227315,17.907536363439903
10500,West Africa,-1.5672730000000001,6.227043500000001,30.685017590268043
10501,West Africa,-1.578846,6.232074,10.24282692063941
10502,West Africa,-1.5854286342414214,6.254348000710174,91.893100862454
10503,West Africa,-1.5774759999999999,6.253633,10.242416477483767
10504,West Africa,-1.6006105,6.253633,10.242406687807234
10505,West Africa,-1.5970085,6.2572265,17.905497864742525
10506,West Africa,-1.576233,6.319748,45.98584344013288
10507,West Africa,-1.5646895,6.328372,35.74077578316995
10508,West Africa,-1.5784400003395822,6.334839750687012,17.902454128639068
10509,West Africa,-1.589286000689413,6.335558,10.239069677898506
10510,West Africa,-1.5712325193675158,6.341305493801066,81.68645381033157
10511,West Africa,-1.5835334931023899,6.344902995210457,30.684900758378628
10512,West Africa,-1.570543031866209,6.353512972398869,48.4985055578233
10513,West Africa,-1.57849699999355,6.3542434999999795,40.86749443368414
10514,West Africa,-1.580698,6.362867,10.240315145455398
10515,West Africa,-1.5945524999999974,6.399517500000968,17.906449126594712
10516,West Africa,-1.5685185000000001,6.400955,17.908181385400834
10517,West Africa,-1.5779195,6.401674,10.243100506363929
10518,West Africa,-1.5005061174151035,6.388021743834054,2616.3659946102484
10519,West Africa,-1.6076205,6.4182025,17.906250666641217
10520,West Africa,-1.5939055,6.423233,10.242678800950358
10521,West Africa,-1.5895665,6.42467,10.242650642076235
10522,West Africa,-1.594642,6.4282635,17.907692751032595
10523,West Africa,-1.5910449999999998,6.4340125,25.597396734128804
10524,West Africa,-1.590417500345901,6.46707,28.14806842362411
10525,West Africa,-1.5875629999999998,6.4785685,17.905961427671414
10526,West Africa,-1.5897644737387697,6.488638999999999,56.17722370764729
10527,West Africa,-1.570991249308915,6.497972,10.242980802444063
10528,West Africa,-1.5616450000629454,6.513781977229494,56.228898565195756
10529,West Africa,-1.58624402661167,6.5173655,74.12463621164777
10530,West Africa,-1.5986625,6.5547445,15.36010694168183
10531,West Africa,-1.580597473923856,6.561940557905508,130.14280394610327
10532,West Africa,-1.5646953635760494,6.567683977229507,71.50357117864253
10533,West Africa,-1.5907565,6.5712735,35.802177729242
10534,West Africa,-1.5828184990821224,6.578459488980959,97.1815916865479
10535,West Africa,-1.5756779991358452,6.829985,20.440203500805026
10536,West Africa,-1.5698938730649294,6.832140748534114,17.904028680304737
10537,West Africa,-1.58076947889939,6.839334756934582,48.48806618825514
10538,West Africa,-1.5691825000000001,6.838608499999999,10.174037763146206
10539,West Africa,-1.5721029999999998,6.8429205,10.241283873890223
10540,West Africa,-1.574299625481847,6.8522629993113,71.35043419429907
10541,West Africa,-1.600396,6.863679111111134,147.98753551516808
10542,West Africa,-1.5837092485333555,6.851544499999999,10.241092055195177
10543,West Africa,-1.5866175,6.855856,10.170141047157621
10544,West Africa,-1.5895594792667747,6.8673565296416825,132.8788209947932
10545,West Africa,-1.5649302433881402,6.8637585,48.56060971981094
10546,West Africa,-1.577970506219765,6.866631,33.18908814978985
10547,West Africa,-1.5758105,6.872467888888908,17.86438898274209
10548,West Africa,-1.5924592492225293,6.873103499999999,10.242415325435658
10549,West Africa,-1.5997232492225293,6.8774155,10.24232483541317
10550,West Africa,-1.5859751315662027,6.879576277202073,17.830999296250564
10551,West Africa,-1.5664385006823818,6.883164750771819,38.35209209843104
10552,West Africa,-1.5983314782308224,6.893223000000001,114.79162642554725
10553,West Africa,-1.57368900414651,6.8867555,10.248664017941158
10554,West Africa,-1.5881672485333556,6.886039500000001,10.240368966284992
10555,West Africa,-1.5809285,6.8874765,10.173020967622163
10556,West Africa,-1.590358,6.8917885000000005,40.89017261756009
10557,West Africa,-1.5788023769447832,6.89969124928837,176.08136347879545
10558,West Africa,-1.5665142492225295,6.9032865,10.241780732720937
10559,West Africa,-1.5940222493089151,6.904724,10.24174005333675
10560,West Africa,-1.604176375995554,6.9111914992327685,43.449632240365915
10561,West Africa,-1.5752629972347045,6.92564688888891,637.7804067983278
10562,West Africa,-1.599852,6.914785,10.243291484268456
10563,West Africa,-1.5933368734450588,6.918378499999999,28.14964745299741
10564,West Africa,-1.5883075,6.9277204999999995,10.24303894702929
10565,West Africa,-1.6028139872876221,6.935625473663973,46.01827401189437
10566,West Africa,-1.594112,6.9320325,10.242936726420394
10567,West Africa,-1.5912417507774705,6.9377815,10.2410520918575
10568,West Africa,-1.577029,7.018269500000001,10.173777120102933
10569,West Africa,-1.5917925,7.101632,10.171965528499808
10570,West Africa,-1.5975985000000001,7.104506499999999,10.175442897290258
10571,West Africa,-1.5713225,8.5849115,10.175232793098004
10572,West Africa,-1.5669615,8.586348999999998,10.171656062223418
10573,West Africa,-1.606585,8.6740235,10.176393674016419
10574,West Africa,-1.5230015,5.359641,10.24050379769198
10575,West Africa,-1.5435955,5.5091185,30.657407358303708
10576,West Africa,-1.5190908748272287,5.5256475,15.357139037928334
10577,West Africa,-1.5625282591260197,5.571642227042706,40.88394483399446
10578,West Africa,-1.5539402493953007,5.599667500000001,10.241813831472614
10579,West Africa,-1.5568535,5.6082915,10.239889471722083
10580,West Africa,-1.5439037391154113,5.626267,252.25648406459806
10581,West Africa,-1.5403564996971277,5.6492545,102.041446270462
10582,West Africa,-1.5497797421302129,5.665072253594895,119.99275320048868
10583,West Africa,-1.5613617506046995,5.672969500000001,10.240555059883606
10584,West Africa,-1.5631819854668514,5.810955008418873,53.61569759394196
10585,West Africa,-1.5487536251727714,5.815979499999999,30.68464270708163
10586,West Africa,-1.55239050132101,5.828196022124658,109.78999744400065
10587,West Africa,-1.5444939996538603,5.844725499999999,15.355921727737691
10588,West Africa,-1.5380295005963525,5.856942253450832,68.90823856997547
10589,West Africa,-1.537351986124828,5.870596519343555,66.35605445738342
10590,West Africa,-1.5070542391154111,5.892165,647.2934327201615
10591,West Africa,-1.5273690401439672,5.923765977919883,104.64647361552187
10592,West Africa,-1.5425683658068683,5.932402980656446,420.9086329274613
10593,West Africa,-1.5361147350303432,5.948934509624909,45.914647914551466
10594,West Africa,-1.5058071413999172,6.222725975134063,30.64896551776325
10595,West Africa,-1.524639499654099,6.23423,17.901865885654015
10596,West Africa,-1.5392460003497228,6.285972,211.66969262950894
10597,West Africa,-1.508941374827229,6.303219500000001,17.907956497131273
10598,West Africa,-1.55162452626123,6.3139895,173.72689915931855
10599,West Africa,-1.5436524999999999,6.30825,30.68210842070523
10600,West Africa,-1.562457,6.308968500000001,17.904664634774484
10601,West Africa,-1.4967003610919145,6.321904,553.3470685650377
10602,West Africa,-1.5306809799110086,6.321911767192633,51.03513137282256
10603,West Africa,-1.561772,6.321186,10.24112124170822
10604,West Africa,-1.552397500059163,6.329090478597804,48.52204690485088
10605,West Africa,-1.5256383748272286,6.3276535,15.356198342447012
10606,West Africa,-1.521305999310826,6.3298095,10.239190469601922
10607,West Africa,-1.5589174999916549,6.33412150068559,25.570278943440535
10608,West Africa,-1.558942473708468,6.34275451096169,81.78026067930172
10609,West Africa,-1.5531765,6.3477755,15.35694431580338
10610,West Africa,-1.5568235068591991,6.357834018684713,46.01981886066252
10611,West Africa,-1.5604951254755242,6.376521,15.358298439194332
10612,West Africa,-1.564877749308915,6.3916129999999995,10.241531369716359
10613,West Africa,-1.5468615003458743,6.412453000009535,71.50339805890005
10614,West Africa,-1.5338444951475054,6.412455255389903,63.85122752071288
10615,West Africa,-1.5201183610444735,6.4182024867404115,58.73181455163292
10616,West Africa,-1.5403655,6.418921,10.242763256776929
10617,West Africa,-1.5114382506910848,6.418921,10.24099789820341
10618,West Africa,-1.5302532514666445,6.4217955,10.239177480246234
10619,West Africa,-1.5042406331168223,6.42970297175486,94.51861237489135
10620,West Africa,-1.5216850013783625,6.45772750137737,66.42581379710737
10621,West Africa,-1.5209861250863856,6.465633,17.90465092206348
10622,West Africa,-1.528954249308915,6.469226,10.243549406982607
10623,West Africa,-1.529696,6.474975499999999,23.02158731348323
10624,West Africa,-1.5246698748272287,6.4886295,15.356343043548192
10625,West Africa,-1.5420345,6.489348,10.241376745781185
10626,West Africa,-1.5254850000000002,6.517375,17.90771438927427
10627,West Africa,-1.547920499310826,6.5209685,10.238984921540638
10628,West Africa,-1.513219020410022,6.528865743058454,107.14783594013038
10629,West Africa,-1.556612750691085,6.528155,10.242381070582361
10630,West Africa,-1.5610532485333555,6.5554635,10.240071790527677
10631,West Africa,-1.5545426250863854,6.557619,17.906760787069064
10632,West Africa,-1.556744374827229,6.569117500000001,15.35923661262574
10633,West Africa,-1.509754,6.577741,17.90738785882584
10634,West Africa,-1.5184715,6.590677,17.906032713581496
10635,West Africa,-1.5314931261496154,6.590676771997465,23.01961486664609
10636,West Africa,-1.5409224992246793,6.5957075,10.241039174375295
10637,West Africa,-1.529349751248418,6.599295474389672,38.31786435304267
10638,West Africa,-1.5207215,6.615111,66.35167904879305
10639,West Africa,-1.5178699999999998,6.6273275,10.24216545163102
10640,West Africa,-1.5147519996111303,6.7890225,17.90560396722925
10641,West Africa,-1.5082749999999998,6.801239499999999,10.242151678504198
10642,West Africa,-1.5568469990497582,6.8271105,23.022743528743185
10643,West Africa,-1.535888,6.835015500000001,8.981740885601477
10644,West Africa,-1.53445901936742,6.8421949938359035,45.961268759078564
10645,West Africa,-1.5308707359259035,6.852187136715061,114.81939597534476
10646,West Africa,-1.540998,6.8501069999999995,33.26954935900929
10647,West Africa,-1.5483243819851547,6.876692007769337,461.3831001761143
10648,West Africa,-1.524387,6.862324,63.88257462676186
10649,West Africa,-1.5345330000000001,6.8651985,15.3549643926297
10650,West Africa,-1.56061,6.870229,10.240701441806303
10651,West Africa,-1.5345515,6.8731035,10.250341910733374
10652,West Africa,-1.555568,6.878128977202072,38.349294961268534
10653,West Africa,-1.5215692810192,6.886753025603914,56.18945427027041
10654,West Africa,-1.5324170000000001,6.882446,17.90397420381977
10655,West Africa,-1.5577520007753207,6.8846015000000005,20.48072037899488
10656,West Africa,-1.511437,6.8874765,10.240350369949642
10657,West Africa,-1.5324418746111304,6.889632499999999,20.431003818626785
10658,West Africa,-1.5259330003888696,6.8910695,20.50867181424322
10659,West Africa,-1.5585136266413269,6.892507,17.907126671938215
10660,West Africa,-1.5237927325501035,6.901213111111124,86.88383188237242
10661,West Africa,-1.5498533684023763,6.901125743005181,17.912887359105195
10662,West Africa,-1.5563669992246791,6.9004125,10.238303546803138
10663,West Africa,-1.5440610003116666,6.901130526376007,23.019821655858653
10664,West Africa,-1.5484289918350802,6.909757000000001,25.53987001770649
10665,West Africa,-1.5071844996111303,6.914066500000001,15.358292155414805
10666,West Africa,-1.5195035,6.919812992230662,43.34704797023904
10667,West Africa,-1.5108285000000001,6.92269,17.782157329909687
10668,West Africa,-1.5477652578380297,6.9313157305089135,137.70073339250814
10669,West Africa,-1.5347373649025466,6.9269989937845295,20.40861133509681
10670,West Africa,-1.5246015000000002,6.9277204999999995,10.243038946593419
10671,West Africa,-1.5405465,6.934188,15.356778070031572
10672,West Africa,-1.5340494828160636,6.938505525590243,33.16417589352793
10673,West Africa,-1.5202944999999999,6.939218500000001,10.242795579065303
10674,West Africa,-1.521792,6.955747499999999,35.63221547047998
10675,West Africa,-1.5145520000000001,6.956466,10.171547560785283
10676,West Africa,-1.549303,6.956466,10.17154756130867
10677,West Africa,-1.5058880000000001,6.9622155,10.17496537952513
10678,West Africa,-1.5435850000000002,6.9794625,10.174600780539892
10679,West Africa,-1.546506,6.985212,10.170940086053095
10680,West Africa,-1.551587,6.990242500000001,17.802497593956282
10681,West Africa,-1.5096115,6.9945545,17.82692280699746
10682,West Africa,-1.5411329999999999,8.6697115,10.176507424626005
10683,West Africa,-1.5287935,8.6733045,43.22255674744181
10684,West Africa,-1.506483,8.7300775,10.174909833813524
10685,West Africa,-1.5104600000000001,8.8127215,25.461516138541683
10686,West Africa,-1.5330115,9.1569515,10.173783020585539
10687,West Africa,-1.519456,10.339838499999999,10.177007330784544
10688,West Africa,-1.5158585,10.352055499999999,17.785543502946677
10689,West Africa,-1.4954264875337802,5.863409509655032,81.71779176465506
10690,West Africa,-1.481181124740485,6.204047,17.905073546760832
10691,West Africa,-1.4914090000610898,6.239978977908389,23.020956776960713
10692,West Africa,-1.4856315016926094,6.243572247245686,20.45245462850066
10693,West Africa,-1.479143233118482,6.2522015123663,66.33003696142879
10694,West Africa,-1.4704912485333552,6.259382499999999,30.681825147326297
10695,West Africa,-1.4597054996225483,6.28022274792748,114.89859222252916
10696,West Africa,-1.497391,6.3096875,43.432203142115014
10697,West Africa,-1.4692835135491897,6.34345397518355,89.42779269401329
10698,West Africa,-1.46501374999785,6.3671785,10.240242466687157
10699,West Africa,-1.475149,6.3714905,51.09547483156741
10700,West Africa,-1.4852905,6.376521,40.924369823285744
10701,West Africa,-1.4643614083842302,6.392319472395045,63.88619809717778
10702,West Africa,-1.4578879992246794,6.404548500000001,10.241289968816403
10703,West Africa,-1.475281764074036,6.418192974415527,566.2092788849133
10704,West Africa,-1.4470519999975737,6.408141500780143,17.903088236853197
10705,West Africa,-1.4420132485333554,6.4189215,76.63454509642007
10706,West Africa,-1.4478276250863855,6.425389,15.355996526547274
10707,West Africa,-1.462299751629795,6.429695475930366,43.40112194038184
10708,West Africa,-1.4897932344505875,6.431138,28.120873011596718
10709,West Africa,-1.4399134999868344,6.441199004233465,168.6224669162423
10710,West Africa,-1.4551475155926625,6.456285486092735,58.69671173546994
10711,West Africa,-1.466764122683303,6.4728245240613145,199.08963834878304
10712,West Africa,-1.5043635,6.470663500000001,10.241755846425557
10713,West Africa,-1.4819905,6.4843174999999995,43.40716425968134
10714,West Africa,-1.4610528834399672,6.4972457438434486,63.817073398468295
10715,West Africa,-1.4769629992246793,6.4994095000000005,10.239423358477557
10716,West Africa,-1.4740958606985273,6.507314485375692,25.53141880593261
10717,West Africa,-1.4959732492225295,6.5655245,10.241645100695843
10718,West Africa,-1.484399,6.5669615,25.56809928308347
10719,West Africa,-1.5032192492225294,6.5712735,10.241529901524832
10720,West Africa,-1.4627150000000002,6.571992,15.355173816393723
10721,West Africa,-1.5048110000000001,6.6158295,10.242397749327834
10722,West Africa,-1.4766311265526655,6.62948350077477,38.317091391032164
10723,West Africa,-1.4839499999203625,6.656792025607926,23.019263235309534
10724,West Africa,-1.4919205007753207,6.6589475,10.239760621554865
10725,West Africa,-1.4666440139148187,6.6769095256127615,33.20124182595095
10726,West Africa,-1.4530952492225295,6.7423105,10.24160594164588
10727,West Africa,-1.4480415007774883,6.745903749994321,17.905401063960642
10728,West Africa,-1.4386312348391883,6.750225,61.3117084940596
10729,West Africa,-1.493632,6.749497,10.239682176442988
10730,West Africa,-1.4487882483610917,6.753809,10.23960558664797
10731,West Africa,-1.4806594996111304,6.7645885,158.2783700659837
10732,West Africa,-1.4719635,6.761714,15.354247611734687
10733,West Africa,-1.4459170000000001,6.762432499999999,10.242954893024553
10734,West Africa,-1.471981,6.7667445,10.242865871619593
10735,West Africa,-1.4952169984450587,6.7933345,56.18316815681375
10736,West Africa,-1.501001,6.789741,10.238851001251456
10737,West Africa,-1.4937955295438838,6.8055509999999995,122.68060155830734
10738,West Africa,-1.5024827531530875,6.801961986107177,28.074846783473873
10739,West Africa,-1.4416905,6.8026765000000005,25.568476950214514
10740,West Africa,-1.4619611250000002,6.8048325,15.355108844073754
10741,West Africa,-1.467757000775052,6.805551,10.240298135793143
10742,West Africa,-1.4786249996111303,6.8091445,17.906197913292562
10743,West Africa,-1.4533152499115278,6.817773028448763,168.57732489213055
10744,West Africa,-1.4865979999999999,6.812737500000001,10.241912815663207
10745,West Africa,-1.5018035000026875,6.817049,40.951191013690305
10746,West Africa,-1.496731,6.8141745,10.24188293454905
10747,West Africa,-1.488058,6.818486500000001,10.241793233201982
10748,West Africa,-1.4562535299378594,6.830693999999999,97.04140706278595
10749,West Africa,-1.4721930074291638,6.835091111111086,102.0486836719624
10750,West Africa,-1.4526636107271749,6.8408451111111255,48.563552010623646
10751,West Africa,-1.4606252507777393,6.840046,10.239578776266042
10752,West Africa,-1.4729619956807187,6.8501045000000005,35.64631641746141
10753,West Africa,-1.4512507496544576,6.852343111111134,63.81514454374927
10754,West Africa,-1.4910489999999998,6.8501069999999995,10.173773494389959
10755,West Africa,-1.4650152483610919,6.854419,25.571884236125577
10756,West Africa,-1.4925625061985146,6.868071006833194,198.83576557152537
10757,West Africa,-1.482435614566536,6.868150888888898,132.55753297829017
10758,West Africa,-1.4607134926342238,6.86807574307534,201.49350470883357
10759,West Africa,-1.4701059996111305,6.863761500000001,17.905083571007015
10760,West Africa,-1.4759000143363166,6.86592178334145,22.9633407559106
10761,West Africa,-1.499795000775052,6.865917,10.239039019149978
10762,West Africa,-1.5027000139944713,6.872305111111127,25.5745677283337
10763,West Africa,-1.484618,6.8752594999999825,17.90291983039204
10764,West Africa,-1.4542152629444205,6.876699007769337,30.62501048408912
10765,West Africa,-1.4694295,6.879493388888875,25.49205069705021
10766,West Africa,-1.4766795,6.8831644999999995,10.243978227619278
10767,West Africa,-1.4636499992249479,6.884602,10.23864705111813
10768,West Africa,-1.498395499224948,6.884602,10.24218368136587
10769,West Africa,-1.491897246544575,6.8881975,17.879757922425558
10770,West Africa,-1.4419457492225294,6.8874765,10.24212448180088
10771,West Africa,-1.4687525,6.8953815,17.797183672844493
10772,West Africa,-1.4890270000026873,6.897537,23.019871120117326
10773,West Africa,-1.475308992636649,6.9083197422957525,30.68042520710929
10774,West Africa,-1.453586,6.907598500000001,20.48329204078091
10775,West Africa,-1.4861617430027643,6.907598500000001,76.55775209582208
10776,West Africa,-1.469523748361092,6.909036,10.239906899116729
10777,West Africa,-1.4666514992249482,6.914785,10.24154803480423
10778,West Africa,-1.452908003887353,6.921330388888865,48.43988241344274
10779,West Africa,-1.5028534996111302,6.9198155,15.358544729137266
10780,West Africa,-1.4442217569972358,6.9219715,45.85041889898529
10781,West Africa,-1.4703244999999998,6.934907,104.75463202607087
10782,West Africa,-1.5000360000000001,6.944968,10.171789844914107
10783,West Africa,-1.5029560000000002,6.950717,10.171668754378617
10784,West Africa,-1.4689299999999998,6.952873,17.80564958165972
10785,West Africa,-1.466793,6.9607779999999995,10.171456597829074
10786,West Africa,-1.492905,6.978025499999999,10.174631193085288
10787,West Africa,-1.468312,6.985212,10.170940086535678
10788,West Africa,-1.4596360000000002,6.9880865,10.174418133452026
10789,West Africa,-1.499457,6.989523500000001,25.432430269822124
10790,West Africa,-1.4878725,6.988805,17.807833608428695
10791,West Africa,-1.4806439999999998,6.993117,17.80416037833372
10792,West Africa,-1.500929,6.995991500000001,17.798745378580886
10793,West Africa,-1.499188,8.722891,10.171561439269636
10794,West Africa,-1.4977580000000001,8.7300775,10.174909834332121
10795,West Africa,-1.4426995,8.78182,10.173490322171029
10796,West Africa,-1.4447915,10.308218,20.34544559139438
10797,West Africa,-1.4536980000000002,10.3355265,10.177143419860881
10798,West Africa,-1.4611575,10.3714585,10.179490214984499
10799,West Africa,-1.455325,10.3743335,10.175916624983808
10800,West Africa,-1.4509530000000002,10.3757705,10.17587110982412
10801,West Africa,-1.462666,10.378644999999999,10.172240641129408
10802,West Africa,-1.46705,10.3800825,10.175734496217196
10803,West Africa,-1.47729,10.3815195,10.17568895530608
10804,West Africa,-1.446465,10.969370000000001,10.173850601301998
10805,West Africa,-1.3601488738281717,5.1548277506023865,17.904020976321437
10806,West Africa,-1.3969485006032363,5.154109,25.563371759578196
10807,West Africa,-1.3298644993681976,5.162014228554517,23.012629986449056
10808,West Africa,-1.3349154993967638,5.162733,10.238338562809451
10809,West Africa,-1.2790635,5.374014,10.240279905548928
10810,West Africa,-1.2954991254755241,5.629132,20.505507217255417
10811,West Africa,-1.281072000689174,5.6355995,10.237676006743829
10812,West Africa,-1.3022070008641549,5.7204,23.012029018401424
10813,West Africa,-1.3311238730649446,5.7326167485289075,43.40068098368955
10814,West Africa,-1.3738255000000001,5.772142,10.240612454115006
10815,West Africa,-1.3796035,5.772142,10.240612455588568
10816,West Africa,-1.274178,5.783640500000001,10.24043083636245
10817,West Africa,-1.426622000059192,5.797294478587285,23.019749346201667
10818,West Africa,-1.3452677514666447,5.910121500000001,25.56484180797945
10819,West Africa,-1.4204405,5.92162,10.241502984179803
10820,West Africa,-1.4204574996540993,5.928088,28.130413582343788
10821,West Africa,-1.2886566645528794,6.10486245094396,270.56153409892295
10822,West Africa,-1.2814705000000002,6.124995999999999,17.900631562923014
10823,West Africa,-1.2894575003888695,6.1379315000000005,127.54026514327049
10824,West Africa,-1.3038972492222607,6.132901,10.23587139165257
10825,West Africa,-1.2917034991524652,6.170989272529511,91.84683242002079
10826,West Africa,-1.2996962507777394,6.187518,10.23838701417476
10827,West Africa,-1.3033420007753276,6.199734750689107,17.902586547450877
10828,West Africa,-1.3749177507774708,6.204765500000001,10.241589127168224
10829,West Africa,-1.2773494839263513,6.211238025888486,176.05255233207188
10830,West Africa,-1.2867730221857747,6.2241614922952735,104.7108544581093
10831,West Africa,-1.2803026246111302,6.2371045,17.901365939744046
10832,West Africa,-1.4256621250863857,6.255789,15.355614425789186
10833,West Africa,-1.421336,6.261538,15.354121367323073
10834,West Africa,-1.4227992492222605,6.268006,10.236848138032814
10835,West Africa,-1.4083680003888697,6.2787855,20.508061014886206
10836,West Africa,-1.399743,6.2953145,25.565566721592216
10837,West Africa,-1.4076959996543381,6.297470499999999,17.902410371565928
10838,West Africa,-1.4055494992246793,6.303938499999999,10.239699141742689
10839,West Africa,-1.2820215,6.3484940000000005,257.50436499434335
10840,West Africa,-1.3377072655495479,6.354242999956449,237.3602780237814
10841,West Africa,-1.3825352492222605,6.348494,10.23885136313659
10842,West Africa,-1.3630340074185452,6.3592712415146035,53.63846148662079
10843,West Africa,-1.35294297083988,6.369344,226.9235827053842
10844,West Africa,-1.3044786566229618,6.365012999999999,68.92619546736007
10845,West Africa,-1.372445,6.362867,10.240337169162562
10846,West Africa,-1.2936371249508665,6.36646000180449,28.126597558333717
10847,West Africa,-1.3789750139943513,6.370767500038742,35.77369164122876
10848,West Africa,-1.2806316266384803,6.370772000867122,17.902618820742234
10849,West Africa,-1.2958899835276536,6.400241015452465,672.8059798720233
10850,West Africa,-1.3912900000000001,6.378677,25.568185530286694
10851,West Africa,-1.391302000775052,6.384426,25.5678166802915
10852,West Africa,-1.3638339991361437,6.388738,33.19451163849915
10853,West Africa,-1.3761490003888697,6.395205499999999,17.90574774133437
10854,West Africa,-1.3125435140379036,6.406699486034178,183.73205398567654
10855,West Africa,-1.3443630003888696,6.4095785,45.91262552974651
10856,West Africa,-1.4116647516297691,6.423946475938687,40.88527205079542
10857,West Africa,-1.3379026254320774,6.4253885,15.353782131873217
10858,West Africa,-1.3191105328378845,6.4311285,119.9467552756971
10859,West Africa,-1.3140849999197313,6.444073523229809,558.526100568572
10860,West Africa,-1.3393652483610916,6.431857,10.239002332864043
10861,West Africa,-1.3784512492222607,6.443355,10.237001554524406
10862,West Africa,-1.3451832499973126,6.444792,10.238748376807813
10863,West Africa,-1.350968999224948,6.447667,10.240455913307411
10864,West Africa,-1.3596587516389083,6.449104,10.238663608727524
10865,West Africa,-1.2809509814628517,6.498695490386902,726.9787560432892
10866,West Africa,-1.3770544996111305,6.4627585,15.354880621836063
10867,West Africa,-1.2787092491358452,6.470663500000001,10.23647558488763
10868,West Africa,-1.2765649999973125,6.4807245,23.014734352471237
10869,West Africa,-1.3149165168453463,6.484308,135.28569521912945
10870,West Africa,-1.353970999224948,6.487911,10.239662082539478
10871,West Africa,-1.2758725,6.491504,35.7631526344687
10872,West Africa,-1.3120366249567923,6.491504,15.353580762076643
10873,West Africa,-1.2903639992249478,6.5022839999999995,10.239377377896536
10874,West Africa,-1.3142431262445051,6.5058770008668425,17.9010773850434
10875,West Africa,-1.3070101270762318,6.5073140008668435,17.9010281302007
10876,West Africa,-1.2773655000000002,6.50947,10.241021862081487
10877,West Africa,-1.296894499568221,6.5101890000000004,33.227767629511
10878,West Africa,-1.3113819922732284,6.518814735354997,148.00988234045838
10879,West Africa,-1.34466,6.5209685,46.03477454617481
10880,West Africa,-1.3273005,6.5209685,20.452788411464255
10881,West Africa,-1.3077864991388313,6.528155,10.238874950685725
10882,West Africa,-1.2977120164725862,6.545397482836509,71.4124352078833
10883,West Africa,-1.3172424999999999,6.5446835,17.905030743708032
10884,West Africa,-1.3107427516389083,6.549714,25.564560798566934
10885,West Africa,-1.2854665411566941,6.564793964647736,206.57497865416028
10886,West Africa,-1.3056999996486813,6.556181974990831,23.015557774277156
10887,West Africa,-1.2847225,6.556900499999999,10.236538343591322
10888,West Africa,-1.426504500775052,6.559775,10.241771212860769
10889,West Africa,-1.2746155,6.564087,10.239932876518958
10890,West Africa,-1.3817107492225293,6.5770225,10.2414256101122
10891,West Africa,-1.2659730164189424,6.582053,168.4379006692703
10892,West Africa,-1.2775990007687996,6.602179527586335,84.20380704957815
10893,West Africa,-1.3398067499973125,6.600019,10.239199874808653
10894,West Africa,-1.3152732508641547,6.6215785,10.237001718482079
10895,West Africa,-1.284184500431779,6.628045999999999,17.90432628795114
10896,West Africa,-1.3384460008611687,6.630202,10.240365909795393
10897,West Africa,-1.2472995168450476,6.6323485,408.1989711789752
10898,West Africa,-1.279151,6.641700500000001,10.238369771250921
10899,West Africa,-1.3638008750432078,6.642419,17.900709501675884
10900,West Africa,-1.3240295,6.6517615,10.23815357842455
10901,West Africa,-1.386285000861169,6.660385,10.239754039618893
10902,West Africa,-1.3812204991391184,6.662541249139139,17.903534566543037
10903,West Africa,-1.3993085,6.6618224999999995,10.241477132008637
10904,West Africa,-1.4094719991388311,6.673321,10.239490964046645
10905,West Africa,-1.393587500775052,6.684819,10.239245068578068
10906,West Africa,-1.3429380008611687,6.686256,10.239227380015507
10907,West Africa,-1.316953,6.709253,10.240532883902672
10908,West Africa,-1.325647,6.715002,25.56555067128351
10909,West Africa,-1.389324248361092,6.713565,10.240432369701072
10910,West Africa,-1.3560492499973127,6.716439,10.240373476593508
10911,West Africa,-1.4139382499973125,6.716439,10.240373476650404
10912,West Africa,-1.31987953369338,6.7207415,53.632472201826296
10913,West Africa,-1.291658499568221,6.720033,17.901498752735105
10914,West Africa,-1.30397,6.7221885,10.236729434810666
10915,West Africa,-1.3199005000000001,6.7279374999999995,10.240148661395427
10916,West Africa,-1.3987875007750628,6.73153075077421,17.904599934116842
10917,West Africa,-1.4299094996111303,6.7329685,15.356447214150387
10918,West Africa,-1.392285999138831,6.733687,10.238256545353652
10919,West Africa,-1.29966,6.7365615000000005,10.236434443305873
10920,West Africa,-1.3126855000000002,6.7379985,10.23994198741033
10921,West Africa,-1.4017045000000001,6.740154499999999,17.902970073757533
10922,West Africa,-1.3922972499973127,6.740873,10.239871873171147
10923,West Africa,-1.4154767483610917,6.74806,25.568694700466672
10924,West Africa,-1.4003025,6.7545275,17.904647516881074
10925,West Africa,-1.4299727500026873,6.758121,10.23951670768209
10926,West Africa,-1.4241891246111305,6.7588395000000006,15.354762262328519
10927,West Africa,-1.4053961249999998,6.7645885,33.21874640075918
10928,West Africa,-1.3048090004347457,6.768900000869516,17.90283750451144
10929,West Africa,-1.412664125508362,6.774644475947,56.19695252861549
10930,West Africa,-1.3041114995682213,6.776087,15.353349650293358
10931,West Africa,-1.4199041254320774,6.7760865,15.355554358237528
10932,West Africa,-1.3214860000000002,6.77968,10.23908370743131
10933,West Africa,-1.3460975,6.781836,15.350068483919408
10934,West Africa,-1.4054697508638563,6.789741,51.096831172584025
10935,West Africa,-1.3526380004229912,6.790459750944223,17.90425358404535
10936,West Africa,-1.343229500861169,6.791178,10.240607909535798
10937,West Africa,-1.3968129999999999,6.7990835,15.354852860347513
10938,West Africa,-1.4083985,6.799802,10.242204738891912
10939,West Africa,-1.2897365,6.8127375,10.238397058588667
10940,West Africa,-1.3621232491358453,6.8170494999999995,10.236533042803856
10941,West Africa,-1.4330980000000002,6.8335785,5.28615190922718
10942,West Africa,-1.4056055,6.834297,10.170588298088456
10943,West Africa,-1.4338564922252939,6.8429205,15.329971565290084
10944,West Africa,-1.304306,6.8472325000000005,43.42482631815882
10945,West Africa,-1.4215652500314526,6.8493834898862485,63.86689670277365
10946,West Africa,-1.4288015,6.845795,10.170349942250668
10947,West Africa,-1.2985365008608702,6.8544184999999995,10.239303544355643
10948,West Africa,-1.3651487534566193,6.863758750000008,10.247945568171087
10949,West Africa,-1.355016,6.86448,10.173474685130444
10950,West Africa,-1.3781897491361437,6.865917,10.242588623268121
10951,West Africa,-1.3478050004317788,6.8738220000000005,30.6813052387451
10952,West Africa,-1.4158407483610917,6.873104,10.240662547555065
10953,West Africa,-1.3579335000000001,6.8731035,10.237136839931312
10954,West Africa,-1.3955845,6.874541,10.240645230446352
10955,West Africa,-1.3521700004317787,6.879571,15.353647329779056
10956,West Africa,-1.3362505,6.8802900000000005,10.169632456265463
10957,West Africa,-1.4043045008611688,6.886039,30.65339182063494
10958,West Africa,-1.4158852460684082,6.886760024819157,45.945775548887575
10959,West Africa,-1.3326359999913406,6.88603949999997,20.452022975084997
10960,West Africa,-1.3854785,6.885320500000001,15.35744841901997
10961,West Africa,-1.3941705,6.8874765,20.477084455643332
10962,West Africa,-1.3594465,6.8917885000000005,10.236744520491166
10963,West Africa,-1.4086705008611689,6.891788,10.23850762088396
10964,West Africa,-1.3717525,6.892507,17.900086068566445
10965,West Africa,-1.3377305000000002,6.8932255,10.236714304075958
10966,West Africa,-1.3645134999970057,6.895381500866519,17.905291698940484
10967,West Africa,-1.410129500861169,6.897537,10.23838667746088
10968,West Africa,-1.3884185000000002,6.8996935,15.356993469207007
10969,West Africa,-1.3450027370422593,6.904002999940342,58.764097680705994
10970,West Africa,-1.3971107491361439,6.900412,10.241863900225963
10971,West Africa,-1.3840919999999999,6.9032865,10.240038456974162
10972,West Africa,-1.3710617491361439,6.904724,10.241773052487996
10973,West Africa,-1.401465500861169,6.906161,10.238205064316638
10974,West Africa,-1.3681770000000002,6.9090355,10.176083939038968
10975,West Africa,-1.4246475000000003,6.911191499999999,15.355303894739109
10976,West Africa,-1.4181482780850327,6.9154965,45.9728449507698
10977,West Africa,-1.3305555,6.9176595,10.236199568431614
10978,West Africa,-1.3537235038022812,6.919099,33.25700381671435
10979,West Africa,-1.3609599991388313,6.919097,10.241468608833111
10980,West Africa,-1.4355348737389195,6.9212527508575725,17.90477158581324
10981,West Africa,-1.3855898750432076,6.92269,15.352272993471654
10982,West Africa,-1.3414372288355216,6.924129750000019,17.91467115393674
10983,West Africa,-1.363157758589327,6.925569528497409,17.831539596564284
10984,West Africa,-1.4116682500026874,6.929158,30.652873934634943
10985,West Africa,-1.3653419995682212,6.931314,15.352012503236873
10986,West Africa,-1.3392857508641547,6.9320325,10.237669881594751
10987,West Africa,-1.3928625004317787,6.934188,15.35588752063535
10988,West Africa,-1.4312372422252937,6.934907,28.029512621278748
10989,West Africa,-1.4283934999999999,6.9543105,17.8231445605466
10990,West Africa,-1.3786195,8.7559485,30.526164054358645
10991,West Africa,-1.3961045,8.763135,20.344480426514842
10992,West Africa,-1.435416,8.777508000000001,10.17010819452475
10993,West Africa,-1.361961,8.9715415,10.175402697447648
10994,West Africa,-1.275289,9.3502665,17.805035397366048
10995,West Africa,-1.2862555,9.3610465,10.175016752324973
10996,West Africa,-1.2950270000000002,9.36967,10.174723382702368
10997,West Africa,-1.3337595,9.402009,17.80945800863365
10998,West Africa,-1.372555,9.4515955,10.17591468898948
10999,West Africa,-1.397948,9.602510500000001,10.17851566002765
11000,West Africa,-1.3398780000000001,10.196828499999999,17.788827510215672
11001,West Africa,-1.3896285,10.384394499999999,10.179080234310174
11002,West Africa,-1.3240129999999999,10.4203265,20.34876392661983
11003,West Africa,-1.3958925,10.479254999999998,10.17251882058859
11004,West Africa,-1.2999714999999998,10.608611,10.175313026150587
11005,West Africa,-1.2825495,10.6373565,10.177920495362859
11006,West Africa,-1.325466,10.7566515,10.177500060788562
11007,West Africa,-1.3024075000000002,10.8371395,10.17832173571405
11008,West Africa,-1.161728000689174,5.1584205,10.23842530718432
11009,West Africa,-1.1458810006891738,5.172793499999999,10.238199289891632
11010,West Africa,-1.115646,5.2159125,10.171979640076229
11011,West Africa,-1.122379,5.347424,17.78758835391802
11012,West Africa,-1.113009,5.3524545,10.24065289075993
11013,West Africa,-1.116625632375102,5.357489756989894,38.32346263178269
11014,West Africa,-1.111842,5.504807,10.170803079749463
11015,West Africa,-1.1263,5.5134305,10.174198206179623
11016,West Africa,-1.1062705,5.6140405,10.176026521962777
11017,West Africa,-1.27097225000215,5.6413495000000005,10.239354896919222
11018,West Africa,-1.1454205,5.690217,10.234981028551575
11019,West Africa,-1.245285,5.783640500000001,10.24043083617678
11020,West Africa,-1.190474000775052,5.822447,10.237981041678653
11021,West Africa,-1.2715535,5.898623499999999,10.241928259313914
11022,West Africa,-1.2571294996111304,5.9108405,15.3528155954649
11023,West Africa,-1.087397,5.9367114999999995,33.03785684101273
11024,West Africa,-1.0809137461113032,5.944758900000016,22.959550769615085
11025,West Africa,-1.1502890008611688,5.95324,10.239189597108036
11026,West Africa,-1.1156249999973127,5.9633015,43.43469189423471
11027,West Africa,-1.1907894992249481,5.970488,10.23886461300152
11028,West Africa,-1.174893,5.971925,10.237074704473887
11029,West Africa,-1.2321343750432079,6.040196,25.529882085119684
11030,West Africa,-1.22275201685102,6.0444984999999996,38.33762060499828
11031,West Africa,-1.1620642491358453,6.0552875,10.237324290679172
11032,West Africa,-1.213408499219842,6.0682235,23.012152943832906
11033,West Africa,-1.2047454999164624,6.0754095241757256,48.524435913199255
11034,West Africa,-1.196082500780158,6.0768465,23.011366686535556
11035,West Africa,-1.2604112340137879,6.080440515409404,28.139227227959946
11036,West Africa,-1.199710750864155,6.0854705,10.236765970836435
11037,West Africa,-1.2633402499973125,6.098406,10.238289197584159
11038,West Africa,-1.269860499136144,6.102717999999999,53.65003819323173
11039,West Africa,-1.2431235008638564,6.10703,45.933674865771636
11040,West Africa,-1.2648214996111304,6.1120605,30.675865142975905
11041,West Africa,-1.1983614991388312,6.127152,10.23953039938945
11042,West Africa,-1.181071999138831,6.151586,35.76118594659866
11043,West Africa,-1.1825411179867662,6.163804991430581,30.67286432500604
11044,West Africa,-1.1203737499967152,6.1616465,10.237132203458598
11045,West Africa,-1.1464137491361437,6.167396,10.238786711947741
11046,West Africa,-1.179674,6.173145,61.23307953443079
11047,West Africa,-1.1833069827230815,6.182492499940238,38.360728224708176
11048,West Africa,-1.1898409999973127,6.1947045,201.50415631540073
11049,West Africa,-1.2614053729372454,6.196860248356979,17.89959251353581
11050,West Africa,-1.2158937499973126,6.209077,10.239754933450588
11051,West Africa,-1.2123279671678873,6.229927498330277,349.35892247167413
11052,West Africa,-1.2195179999999999,6.2141079999999995,25.53060867406032
11053,West Africa,-1.2304900000026873,6.2665685,150.43681599333024
11054,West Africa,-1.0916802481888879,6.2694434999999995,10.23863120257877
11055,West Africa,-1.1162612481822731,6.269443501822886,20.47889169268907
11056,West Africa,-1.2420896178997225,6.278783280238731,89.32289879939805
11057,West Africa,-1.2421123750432077,6.290284,35.760063032472466
11058,West Africa,-1.2537154992249482,6.302501,10.239737782646227
11059,West Africa,-1.1315433623702398,6.311846015513981,119.86388129301127
11060,West Africa,-1.2587869999999999,6.308968500000001,17.902959651508382
11061,West Africa,-1.207452,6.3096875,10.237847947793426
11062,West Africa,-1.2002309999942304,6.311124501669125,25.56432091924217
11063,West Africa,-1.0881805922053231,6.3204744999999996,293.1373776982969
11064,West Africa,-1.1142085000000002,6.320467,17.864717218030822
11065,West Africa,-1.1200020133944002,6.325494750000001,71.34328046011777
11066,West Africa,-1.1279509995250434,6.3247789999999995,15.348776550917423
11067,West Africa,-1.100513743562181,6.343466474922172,191.42129605784552
11068,West Africa,-1.1142532528517108,6.3420915,73.94267986573354
11069,West Africa,-1.0745015,6.348557,89.19003407067441
11070,West Africa,-1.1142767547528516,6.3535225,20.43400843694755
11071,West Africa,-1.2198609995682212,6.359274,25.52849354989893
11072,West Africa,-1.074533644011407,6.36645975,33.195559241321064
11073,West Africa,-1.0955110000000001,6.367894750000012,17.847157052544127
11074,West Africa,-1.0882839999999998,6.3722095,33.046703795712475
11075,West Africa,-1.0810617404942966,6.3758025,20.431410557579067
11076,West Africa,-1.226413,6.376521,33.20423901035185
11077,West Africa,-1.2192064999999999,6.388738,66.41297995883608
11078,West Africa,-1.2047485,6.390893999999999,30.673188771824154
11079,West Africa,-1.2235945,6.4074225,35.763486096829155
11080,West Africa,-1.2720771249567924,6.421077,17.897380936540387
11081,West Africa,-1.2576235004232859,6.423951750859013,17.90434789404305
11082,West Africa,-1.2684815,6.4289819999999995,10.242610151342328
11083,West Africa,-1.262716499138831,6.437606,10.240665223469003
11084,West Africa,-1.2685175004317788,6.442636,15.353272728380674
11085,West Africa,-1.2584275008611687,6.454853,10.240326139495332
11086,West Africa,-1.255555,6.463477,10.23839166140939
11087,West Africa,-1.265682626634342,6.465628015457807,53.6085247526925
11088,West Africa,-1.1355096249136143,6.471382,35.76103676519607
11089,West Africa,-1.2613685159511308,6.475694008698159,38.30815747450924
11090,West Africa,-1.2650080004377509,6.487191999999999,43.401408216771586
11091,West Africa,-1.2498195,6.4850365,10.237967262022643
11092,West Africa,-1.2578055,6.495816000000001,17.898339142526083
11093,West Africa,-1.2397235,6.4965345,10.237739696363569
11094,West Africa,-1.2722714995767141,6.498690249140987,17.901773004875764
11095,West Africa,-1.1297827490494297,6.499409,10.235932332917326
11096,West Africa,-1.2390099999105855,6.501565025867611,23.014851062243892
11097,West Africa,-1.2325102508641548,6.5065954999999995,10.235777013375403
11098,West Africa,-1.2657824999999998,6.508033,10.241050392807514
11099,West Africa,-1.2571124999999999,6.50947,10.241021862081277
11100,West Africa,-1.2281900000000001,6.513782,10.240948447904131
11101,West Africa,-1.1305515000000002,6.5188125,17.89936001621434
11102,West Africa,-1.2326885,6.57846,33.192956014320714
11103,West Africa,-1.184953,6.5813345000000005,10.236061161007218
11104,West Africa,-1.2544185483761563,6.59066749994028,148.01117519027534
11105,West Africa,-1.220409999138822,6.584927749224958,17.90187977559576
11106,West Africa,-1.2384955,6.5842089999999995,10.239529386361902
11107,West Africa,-1.2319849995682213,6.586365,17.900060942572537
11108,West Africa,-1.2370785163536324,6.598577017169385,35.73218496004819
11109,West Africa,-1.195842873314911,6.596425999996427,17.900599228258994
11110,West Africa,-1.2660262491358454,6.6028935,10.237390722205376
11111,West Africa,-1.2689405,6.6115175,10.235441860722636
11112,West Africa,-1.1800216248703768,6.6381075,272.7823503946664
11113,West Africa,-1.222688249135845,6.6273275,10.236897808884924
11114,West Africa,-1.1749385,6.6316395,10.238585659330433
11115,West Africa,-1.1894177518111122,6.6330765,10.238557195535702
11116,West Africa,-1.1887038727904353,6.638107499999365,17.900021176486515
11117,West Africa,-1.1633907500032845,6.641700500000001,10.23838261668597
11118,West Africa,-1.1597919995181458,6.648168499999972,43.4653683732345
11119,West Africa,-1.219873,6.660385,163.51485364092548
11120,West Africa,-1.2415564847875311,6.653926525798925,97.1160132383803
11121,West Africa,-1.1880328424645694,6.6582384999999995,53.66396256563887
11122,West Africa,-1.2574967508638561,6.658948,10.239795466778991
11123,West Africa,-1.230002248188888,6.6603855,10.238003572899947
11124,West Africa,-1.1750235,6.664697,10.237928794624873
11125,West Africa,-1.1591054990530427,6.6661345,10.23966225079651
11126,West Africa,-1.106292,6.666853,17.819508510943866
11127,West Africa,-1.1541014999901462,6.689131,407.91883852080036
11128,West Africa,-1.2423224904650871,6.6697302594037815,33.22843101531614
11129,West Africa,-1.2524521244818354,6.671165,43.465945957497
11130,West Africa,-1.2242635009469574,6.679069500000001,10.239398949197476
11131,West Africa,-1.2322224995682212,6.6812260000000006,17.90067399329085
11132,West Africa,-1.1128352509505703,6.680507,10.235845023382394
11133,West Africa,-1.2387345009538824,6.683381498178374,25.563645274460715
11134,West Africa,-1.1895515009469573,6.6876935,10.239223122882299
11135,West Africa,-1.167849,6.6898495,15.346736705037843
11136,West Africa,-1.203309,6.6941615,25.52829811811062
11137,West Africa,-1.111415,6.6948799999999995,10.169932538831297
11138,West Africa,-1.1881332490494296,6.699192,10.23545039057529
11139,West Africa,-1.211288,6.699192,10.237212338499283
11140,West Africa,-1.2054995000000002,6.699192,10.23722578829796
11141,West Africa,-1.1924744990530427,6.7006295,10.238958971734414
11142,West Africa,-1.2294020006913238,6.71069,28.166500476645993
11143,West Africa,-1.101329,6.7121275,10.23698935374223
11144,West Africa,-1.0927335,6.7509345,10.175843910524307
11145,West Africa,-1.2469141249136144,6.767463,17.901130312657646
11146,West Africa,-1.268798126782039,6.832140973291548,23.015248997418897
11147,West Africa,-1.1422182499960583,6.867354000000001,10.237297677759585
11148,West Africa,-1.1451780009466288,6.891788,10.238546120770565
11149,West Africa,-1.110941,8.219840999999999,10.170513426815562
11150,West Africa,-1.1781985000000001,8.3721935,10.173713800092111
11151,West Africa,-1.100933,9.022565499999999,17.807099359856732
11152,West Africa,-1.1220439999999998,9.026158500000001,33.071173842053994
11153,West Africa,-1.1214840000000001,9.0786195,17.81832992436819
11154,West Africa,-1.1222435,9.087962000000001,10.172159555809621
11155,West Africa,-1.1485275000000001,9.113833,10.171443028291154
11156,West Africa,-1.1529034999999999,9.118144999999998,10.171323405494242
11157,West Africa,-1.187869,9.1267685,20.3526613501356
11158,West Africa,-1.1726025,9.1317995,104.30725333585274
11159,West Africa,-1.1238445000000001,9.133955,25.434220111924386
11160,West Africa,-1.2112195,9.144016,10.170604516133285
11161,West Africa,-1.205406,9.1468905,10.177558362793128
11162,West Africa,-1.262366,9.1971955,10.176153311932968
11163,West Africa,-1.2655954999999999,9.2863075,10.177139267003975
11164,West Africa,-1.258242,9.665751,10.173118695573494
11165,West Africa,-1.2590270000000001,9.6794055,33.04919422818843
11166,West Africa,-1.0979345,9.6873105,45.7865977796301
11167,West Africa,-1.23428,9.690903500000001,17.822641356202915
11168,West Africa,-1.2291815,9.6916225,10.179384790133012
11169,West Africa,-1.135863,9.6916225,10.175895114880174
11170,West Africa,-1.1037935,9.694496999999998,10.175759204429964
11171,West Africa,-1.2714975,9.7016835,10.179087312113998
11172,West Africa,-1.1815205,10.2205435,20.351084509825203
11173,West Africa,-1.1712145,10.588489,10.175964416229613
11174,West Africa,-1.2312539999999998,10.612922999999999,10.17169458646368
11175,West Africa,-1.2422715,10.6237025,17.80333251768406
11176,West Africa,-1.0822055000000002,10.6416685,10.17778032449834
11177,West Africa,-1.240673,10.7710245,10.177027260831634
11178,West Africa,-1.202829,10.819892,10.171875805410766
11179,West Africa,-1.2088495,10.860136,10.174019079760907
11180,West Africa,-1.2098909999999998,10.9355935,17.82713300708535
11181,West Africa,-1.2223389999999998,10.9363125,10.17849766698452
11182,West Africa,-1.239966,10.950685,10.174476554785217
11183,West Africa,-0.8775839999999999,5.2719664999999996,30.50962205311344
11184,West Africa,-1.009687,5.291370000000001,17.803267310417333
11185,West Africa,-0.9816735000000001,5.3725765,10.172994762883038
11186,West Africa,-1.0594525,5.676562499999999,17.800881664288276
11187,West Africa,-1.0096455,5.6902170000000005,10.171184088399942
11188,West Africa,-1.0024955,5.731898,10.170463750836468
11189,West Africa,-0.969474,5.851193,10.171892776780002
11190,West Africa,-1.0382194999999999,5.913715,17.80417251631841
11191,West Africa,-1.0483462495679228,5.919464,167.84767413168157
11192,West Africa,-1.072203,5.9273690000000006,10.170534842924978
11193,West Africa,-1.06933,5.9338370000000005,38.14607054443937
11194,West Africa,-0.949422,5.9553965,61.037927283862736
11195,West Africa,-0.9169515,5.9791115,483.194679260776
11196,West Africa,-0.9573815,5.959708,17.816811623252036
11197,West Africa,-0.966056,5.961145500000001,17.806190818035805
11198,West Africa,-0.9285015,5.974081,17.818116320611527
11199,West Africa,-0.8924095000000001,5.994203,61.051352500337536
11200,West Africa,-0.890245,5.9992335,10.172776068145012
11201,West Africa,-0.8671285,6.0006705,25.43539842739414
11202,West Africa,-0.8736285,5.999952,17.819054296344916
11203,West Africa,-0.8613615,6.010013,35.591712885004455
11204,West Africa,-0.8592145,6.021511500000001,17.79899498729462
11205,West Africa,-0.8570605,6.0294165,20.348005543918543
11206,West Africa,-0.8534539999999999,6.0358845,50.84988928445133
11207,West Africa,-1.0478475,6.0351655,10.175641197121486
11208,West Africa,-0.8794725,6.0373215,17.810785225548372
11209,West Africa,-0.8839969999999999,6.151586,25.42666481948013
11210,West Africa,-0.858754,6.1889555000000005,10.176313089999013
11211,West Africa,-0.863209,6.260101,470.50664392628624
11212,West Africa,-0.8632230000000001,6.268006,10.171282371253957
11213,West Africa,-0.862527,6.2845344999999995,17.802733306016574
11214,West Africa,-1.0440399999999999,6.3039380000000005,10.170598346803281
11215,West Africa,-1.012235,6.3096875,10.174027324875153
11216,West Africa,-1.0585277601106116,6.31975,188.50723920829523
11217,West Africa,-1.0100864999999999,6.319029499999999,17.819165765273024
11218,West Africa,-1.0455240452916006,6.3247667130003,66.38037979071305
11219,West Africa,-1.0093675000000002,6.32406,10.173730259403325
11220,West Africa,-1.0694054999999998,6.333468250000022,129.84573552437166
11221,West Africa,-0.978316,6.3434635,236.44976387433837
11222,West Africa,-0.966747,6.340589,17.802626960298443
11223,West Africa,-0.9595315,6.35065,50.85228244701028
11224,West Africa,-0.9667625,6.3492125,17.80408413402033
11225,West Africa,-0.9385695000000001,6.354243,10.173150630788891
11226,West Africa,-0.9552084999999999,6.360711,40.68166665605403
11227,West Africa,-0.9747319999999999,6.358555,10.16955115852244
11228,West Africa,-0.9451075,6.3707720000000005,17.805127599703265
11229,West Africa,-0.92703,6.3714905,10.172840200619431
11230,West Africa,-0.908956,6.3736464999999995,17.812028906679284
11231,West Africa,-1.0363075,6.413235,104.56708758097443
11232,West Africa,-1.0102775,6.4182025,61.007044499542786
11233,West Africa,-1.0196785,6.4146095,10.175522422516268
11234,West Africa,-0.9734185,6.4282635,272.1022529727876
11235,West Africa,-0.8967455,6.4217955,10.1753826583938
11236,West Africa,-1.0153474999999998,6.4217955,10.17538265854956
11237,West Africa,-1.0146405,6.4289819999999995,25.43103999377663
11238,West Africa,-0.9105190000000001,6.4397614999999995,211.06697023516264
11239,West Africa,-1.006718,6.4447925,167.867793305151
11240,West Africa,-0.9604165,6.439043,10.171507423401088
11241,West Africa,-0.9676565,6.4404805,10.175018518716895
11242,West Africa,-0.9409015000000001,6.442636500000001,58.51322372887557
11243,West Africa,-0.8779785,6.4404805,10.17501851867658
11244,West Africa,-1.0544505000000002,6.446229499999999,10.174906265751826
11245,West Africa,-1.0587895,6.447667,10.171339096561653
11246,West Africa,-0.9915419999999999,6.4512599999999996,48.33381051214571
11247,West Africa,-0.8830655000000001,6.4541345,25.449208196053714
11248,West Africa,-1.0211985000000001,6.453416,10.171226759999142
11249,West Africa,-1.0053445,6.4807245,406.90723215799284
11250,West Africa,-0.9344265,6.4620394999999995,10.174597057756566
11251,West Africa,-0.9171125,6.485755,249.24582367443304
11252,West Africa,-0.9460135000000001,6.470663500000001,10.174428072314017
11253,West Africa,-0.869356,6.473538,38.150303924293105
11254,West Africa,-0.8534645000000001,6.485755,99.17207463497812
11255,West Africa,-0.8845655,6.485755,122.08789858709504
11256,West Africa,-0.868646,6.4814430000000005,17.806631539957113
11257,West Africa,-0.9069865,6.483599,10.170635340185498
11258,West Africa,-0.9026475,6.4850365,10.174145938288625
11259,West Africa,-0.8983145,6.489348,10.17052237973054
11260,West Africa,-0.9026765,6.5008465,162.785374586447
11261,West Africa,-0.9648725,6.497972,10.170352741643894
11262,West Africa,-0.9836775,6.499409,10.170324454287023
11263,West Africa,-0.9772190000000001,6.5231245,338.22947399419
11264,West Africa,-0.8353895,6.490066499999999,1876.9051932325794
11265,West Africa,-0.892593,6.523843,10.173357829809088
11266,West Africa,-0.988097,6.5353414999999995,10.17667003524148
11267,West Africa,-0.8427035,6.5389345,361.1338381836882
11268,West Africa,-0.963503,6.538216,25.425637925128154
11269,West Africa,-0.926616,6.5403715,17.816888980389397
11270,West Africa,-0.9288195,6.5554635,25.435406037696037
11271,West Africa,-0.9165295,6.5619309999999995,45.76626250694902
11272,West Africa,-0.8912180000000001,6.564087,20.3451196570686
11273,West Africa,-0.8810975,6.5698360000000005,10.168930420153437
11274,West Africa,-0.8601295,6.574866500000001,17.812172340284118
11275,West Africa,-0.879665,6.579897,10.172244990655576
11276,West Africa,-0.8615935,6.5878025000000004,25.421419624316023
11277,West Africa,-0.979519,6.589958,10.172044245429325
11278,West Africa,-0.8536565,6.597144500000001,10.171923903238987
11279,West Africa,-0.8370715,6.6294835,780.7891889302309
11280,West Africa,-0.9658285,6.619422500000001,17.800045527582935
11281,West Africa,-0.97668,6.618704,10.171468997343405
11282,West Africa,-0.900007,6.626609,43.235238226414076
11283,West Africa,-0.9759724999999999,6.6251715,17.80338272258702
11284,West Africa,-1.069319505703422,6.6337935,15.297966048774487
11285,West Africa,-0.952121,6.638826,38.13622332346207
11286,West Africa,-0.8891905,6.645293499999999,55.96667684337539
11287,West Africa,-0.9731135,6.6438565,17.816783292963475
11288,West Africa,-0.8776215,6.6503239999999995,25.430622269235652
11289,West Africa,-0.9398664999999999,6.6596665,17.798628691610293
11290,West Africa,-0.946386,6.6661345,20.348164458172484
11291,West Africa,-0.9746075000000001,6.666853,25.417454440507804
11292,West Africa,-0.9702975,6.6841005,17.815359857146913
11293,West Africa,-1.071342501032686,6.896100000000001,10.238469473081322
11294,West Africa,-1.021442,9.9431475,20.350773191548285
11295,West Africa,-1.021467,9.951771,10.171542241517932
11296,West Africa,-1.0040535,9.9833915,10.177606882566604
11297,West Africa,-0.9216845,10.0128555,17.793515221117467
11298,West Africa,-0.9092895000000001,10.016449000000001,10.17305874102762
11299,West Africa,-0.9955315,10.0581305,10.175322173464112
11300,West Africa,-1.0538880000000002,10.4850045,10.179355596676272
11301,West Africa,-0.9500554999999999,10.7056275,17.78133675633318
11302,West Africa,-0.937721,10.7379665,10.17811377019337
11303,West Africa,-0.9033725,10.747309,33.07180219369903
11304,West Africa,-0.907052,10.7566515,10.177500061499094
11305,West Africa,-0.889561,10.776773500000001,10.1768379702701
11306,West Africa,-1.0144350000000002,10.9276885,10.178785940467256
11307,West Africa,-0.811266,5.329458,10.173676897535746
11308,West Africa,-0.8040674999999999,5.345268,10.169898940786842
11309,West Africa,-0.805004,6.0136065,20.341491081890876
11310,West Africa,-0.8382915,6.044508,122.06199791315612
11311,West Africa,-0.7602375,6.0394775,10.175562348339662
11312,West Africa,-0.732794,6.053131499999999,1729.3736894054036
11313,West Africa,-0.771819,6.052413,45.78022794117753
11314,West Africa,-0.827458,6.050257,33.05751255004268
11315,West Africa,-0.8339825000000001,6.0660675,325.50501728305204
11316,West Africa,-0.8079525,6.052413,10.171786232744111
11317,West Africa,-0.7862785,6.058162,61.03536614019611
11318,West Africa,-0.7739990000000001,6.06463,17.802903101579197
11319,West Africa,-0.808698,6.068941499999999,17.792199696562744
11320,West Africa,-0.8470044999999999,6.0739725,10.174929556077302
11321,West Africa,-0.8238915,6.082596000000001,10.171231753494043
11322,West Africa,-0.830409,6.088345,40.68982474104825
11323,West Africa,-0.793601,6.1235585,1828.5961567509441
11324,West Africa,-0.8448635,6.0890635,17.803865564776576
11325,West Africa,-0.8384065,6.1199655,10.174080253413168
11326,West Africa,-0.8196665,6.153023,10.169927273100544
11327,West Africa,-0.8341365000000001,6.161647,10.169766505599117
11328,West Africa,-0.7820935,6.161647,10.169766506679426
11329,West Africa,-0.8413785,6.1681145,45.796945341058795
11330,West Africa,-0.8500525,6.1688335,10.173170859588677
11331,West Africa,-0.82921,6.245728,233.9942869144118
11332,West Africa,-0.794496,6.2371045,43.21456078873212
11333,West Africa,-0.4605815,6.3262160000000005,12906.93049507568
11334,West Africa,-0.840047,6.242135,10.171772452255372
11335,West Africa,-0.8162165,6.260101,437.44084990896073
11336,West Africa,-0.843723,6.2802229999999994,33.06129633643353
11337,West Africa,-0.8271010000000001,6.2845344999999995,96.65442892621773
11338,West Africa,-0.8148035,6.2802229999999994,17.799369729242546
11339,West Africa,-0.7808295000000001,6.2845344999999995,66.11828464709636
11340,West Africa,-0.795289,6.2852535,25.434478470322386
11341,West Africa,-0.8169789999999999,6.2852535,10.174493477103443
11342,West Africa,-0.768554,6.2931585000000005,195.85006077310064
11343,West Africa,-0.8473580000000001,6.29244,10.170817653879968
11344,West Africa,-0.8343579999999999,6.2996265000000005,10.174219488127642
11345,West Africa,-0.772178,6.3010635,10.174192060460824
11346,West Africa,-0.7881165,6.3211855,190.7554170663555
11347,West Africa,-0.803278,6.3075315,17.793175112541775
11348,West Africa,-0.824975,6.310406,17.814196711688094
11349,West Africa,-0.8322085,6.313280499999999,27.972154138054012
11350,West Africa,-0.8388845,6.417484,38.13681715813288
11351,West Africa,-0.8374515,6.4246704999999995,25.43301518152783
11352,West Africa,-0.837539,6.47785,10.17426384208118
11353,West Africa,-0.757269,6.485755,17.80472548070061
11354,West Africa,-0.848436,6.5051585,50.87950745382077
11355,West Africa,-0.805793,6.523843,10.173357829946204
11356,West Africa,-0.818096,6.530310500000001,25.42083002917972
11357,West Africa,-0.804372,6.5410905,185.654477803057
11358,West Africa,-0.8152455000000001,6.5547445,55.95025835180163
11359,West Africa,-0.791371,6.552588500000001,10.176327924280244
11360,West Africa,-0.790654,6.5576194999999995,17.800470407680596
11361,West Africa,-0.797894,6.5619309999999995,25.442123165368837
11362,West Africa,-0.8253895,6.566243,40.68667099146178
11363,West Africa,-0.8051345,6.5676805,27.970833358728996
11364,West Africa,-0.816005,6.5770225,96.64772537026111
11365,West Africa,-0.847828,6.574148,10.17235956311733
11366,West Africa,-0.837707,6.57846,10.172273637377057
11367,West Africa,-0.850749,6.5913955,10.175554861904912
11368,West Africa,-0.7704755,9.309304000000001,10.172948340745835
11369,West Africa,-0.7891915,10.437574000000001,10.173849521601461
11370,West Africa,-0.8160084999999999,10.6301705,10.178153968121032
11371,West Africa,-0.8233465,10.6373565,10.177920495511774
11372,West Africa,-0.7766565000000001,10.6804755,10.176516276170563
11373,West Africa,-0.766418,10.6819125,10.179948518687747
11374,West Africa,-0.7854705,10.694848,10.172507475756882
11375,West Africa,-0.791334,10.7005975,10.179337982128132
11376,West Africa,-0.7943435,10.7322175,10.174823810350423
11377,West Africa,-0.795884,10.7624005,20.35098758600337
11378,West Africa,-0.7739765000000001,10.7746175,134.8393895056674
11379,West Africa,-0.768105,10.769587000000001,10.173534722805238
11380,West Africa,-0.765235,10.789708999999998,10.172872075375114
11381,West Africa,-0.764513,10.7947395,17.816142517918426
11382,West Africa,-0.751372,10.8062375,122.08431758358047
11383,West Africa,-0.8223320000000001,10.805519,10.17235056926219
11384,West Africa,-0.771882,10.8162985,25.447490770611488
11385,West Africa,-0.8018924999999999,10.8227665,48.328205338843205
11386,West Africa,-0.7689809999999999,10.8249225,17.80396792156397
11387,West Africa,-0.791675,10.830671500000001,94.13417126512779
11388,West Africa,-0.7448414999999999,10.8292345,155.16063127806885
11389,West Africa,-0.7638715,10.8313905,10.17851213941237
11390,West Africa,-0.7799935,10.8385765,10.178274128494223
11391,West Africa,-0.8078045,10.8428885,10.178131231881986
11392,West Africa,-0.7566345000000001,10.8615735,10.177511373934735
11393,West Africa,-0.7963370000000001,10.932000500000001,10.178641831827978
11394,West Africa,-0.7332795000000001,5.3007124999999995,10.174155091027963
11395,West Africa,-0.7138705,5.367546,17.815216688112656
11396,West Africa,-0.708647,5.821728500000001,17.812301268890945
11397,West Africa,-0.7239885,5.9561150000000005,25.43387625448003
11398,West Africa,-0.709572,5.980548499999999,10.173114942818053
11399,West Africa,-0.7139070000000001,5.981986,10.169550444933355
11400,West Africa,-0.721867,5.9884535,139.84712828602352
11401,West Africa,-0.735602,5.9920469999999995,10.169368126260894
11402,West Africa,-0.7406665,5.9970775,17.79623448935968
11403,West Africa,-0.6879165,5.9992335,10.176296060142151
11404,West Africa,-0.683592,6.004264,86.4799873605168
11405,West Africa,-0.733452,6.0071385,27.972131066655066
11406,West Africa,-0.7038365,6.012169,10.17252125907355
11407,West Africa,-0.7486515,6.0236675,30.516975634574408
11408,West Africa,-0.7219249999999999,6.031572499999999,17.803952835296432
11409,West Africa,-0.695921,6.0416335,25.422929543614444
11410,West Africa,-0.6973855,6.0574435,183.1033621346151
11411,West Africa,-0.684408,6.0790025,78.83043337438039
11412,West Africa,-0.7263455,6.094813,17.816011882404073
11413,West Africa,-0.714062,6.0998435,10.170933257619119
11414,West Africa,-0.696733,6.109186,99.17986605501889
11415,West Africa,-0.6779415,6.1099045,10.17426658700228
11416,West Africa,-0.680154,6.145118,727.3447380371325
11417,West Africa,-0.680129,6.126433499999999,40.70466003112441
11418,West Africa,-0.686642,6.1343385,101.72924390426184
11419,West Africa,-0.6729795000000001,6.1882365,17.800639223163994
11420,West Africa,-0.678045,6.1903925,10.176286142207132
11421,West Africa,-0.670104,6.199735,147.51514871350574
11422,West Africa,-0.705531,6.204765500000001,71.20922964821771
11423,West Africa,-0.6752025,6.227762,10.168526548109998
11424,West Africa,-0.7127939999999999,6.227762,10.172043850817326
11425,West Africa,-0.694015,6.2406975,10.1753388737175
11426,West Africa,-0.703433,6.255789,17.816017021315133
11427,West Africa,-0.720064,6.258664,27.983763914197677
11428,West Africa,-0.6889879999999999,6.26585,25.44420212665153
11429,West Africa,-0.725139,6.270162,25.42288786087296
11430,West Africa,-0.7063444999999999,6.271599500000001,40.69900905520725
11431,West Africa,-0.687553,6.2744735,17.803068201436854
11432,West Africa,-0.6976770000000001,6.2787855,17.813475646027317
11433,West Africa,-0.6716500000000001,6.2787855,17.81347564567234
11434,West Africa,-0.681774,6.2802229999999994,17.804646394200496
11435,West Africa,-0.6781649999999999,6.2852535,10.17449347607184
11436,West Africa,-0.6882870000000001,6.286690500000001,10.174466109969357
11437,West Africa,-0.681791,6.2917214999999995,17.8024937772023
11438,West Africa,-0.675289,6.293877,10.170790266984392
11439,West Africa,-0.7360455,6.3118435,216.16497706750874
11440,West Africa,-0.677469,6.3032195,17.798571107504443
11441,West Africa,-0.6774910000000001,6.320467,50.87084944531553
11442,West Africa,-0.6876135000000001,6.3219045000000005,17.806760986904067
11443,West Africa,-0.7396784999999999,6.3262160000000005,25.42543058918765
11444,West Africa,-0.7324539999999999,6.3290904999999995,33.06523812358185
11445,West Africa,-0.6790025,6.3700535,25.43566539415564
11446,West Africa,-0.6956450000000001,6.3772395,10.172729185579472
11447,West Africa,-0.6855215,6.3815515000000005,10.176163367748991
11448,West Africa,-0.6638275,6.3801144999999995,162.75425171836636
11449,West Africa,-0.6855325,6.3873005,10.176052141347272
11450,West Africa,-0.6855655,6.413171999999999,10.172011040370409
11451,West Africa,-0.6769145,6.433294,10.171619512074969
11452,West Africa,-0.6819824999999999,6.4354499999999994,25.434216828642754
11453,West Africa,-0.6892365,6.452697499999999,17.800572387959228
11454,West Africa,-0.6957455,6.4519785,10.174793917901441
11455,West Africa,-0.6914119999999999,6.4577279999999995,25.42608339489247
11456,West Africa,-0.724045,6.5173755,17.80362308157362
11457,West Africa,-0.7291195,6.523843,30.521878858859278
11458,West Africa,-0.680051,10.648855000000001,10.170528276890298
11459,West Africa,-0.7510509999999999,10.676881999999999,17.800391611623027
11460,West Africa,-0.75629,10.723593999999999,10.175044737105416
11461,West Africa,-0.75484,10.7307805,20.353314675208612
11462,West Africa,-0.743167,10.7422785,10.17797223528221
11463,West Africa,-0.703691,10.7523395,10.177641780962713
11464,West Africa,-0.741752,10.760963499999999,10.177358282557933
11465,West Africa,-0.740313,10.7746175,27.983856633085693
11466,West Africa,-0.6832815000000001,10.78396,50.87420453264484
11467,West Africa,-0.735948,10.7810855,10.176695931641078
11468,West Africa,-0.69206,10.785397,25.43256444594494
11469,West Africa,-0.7403495,10.7882715,10.179937034734827
11470,West Africa,-0.7513380000000001,10.791865,25.430293220053695
11471,West Africa,-0.6759875,10.794021,10.176206584637193
11472,West Africa,-0.7396480000000001,10.799051500000001,17.80900313352033
11473,West Africa,-0.7162425,10.801926,25.42611160120997
11474,West Africa,-0.7067315000000001,10.8012075,10.179510147534243
11475,West Africa,-0.6774675,10.8012075,10.179510146989703
11476,West Africa,-0.721364,10.8012075,10.176032351656268
11477,West Africa,-0.6972324999999999,10.8062375,17.827710039270723
11478,West Africa,-0.677484,10.8069565,10.175842536161566
11479,West Africa,-0.673094,10.808393500000001,10.175795077487974
11480,West Africa,-0.7287155000000001,10.8170175,10.178987733373628
11481,West Africa,-0.739699,10.8206105,27.990065231908503
11482,West Africa,-0.692156,10.8249225,73.75926728501541
11483,West Africa,-0.7507075000000001,10.8328275,10.178464557680815
11484,West Africa,-0.7111965,10.834264999999998,10.174876632964132
11485,West Africa,-0.7273115,10.8392955,27.967573970174197
11486,West Africa,-0.7360914999999999,10.8385765,10.178274128211168
11487,West Africa,-0.719268,10.84217,25.4296208667314
11488,West Africa,-0.7178545000000001,10.8637295,40.68857673786677
11489,West Africa,-0.7259005000000001,10.8630105,10.177463659506353
11490,West Africa,-0.7391205000000001,10.8816955,10.176842661781457
11491,West Africa,-0.6893914999999999,10.8960685,10.176364255807872
11492,West Africa,-0.7414244999999999,10.9255325,25.429795145108358
11493,West Africa,-0.7451019999999999,10.930563,10.17514946547008
11494,West Africa,-0.739259,10.9363125,10.178497666872822
11495,West Africa,-0.6515825,5.8224475,10.172419018492722
11496,West Africa,-0.671097,5.831789499999999,17.801432345129925
11497,West Africa,-0.6176429999999999,5.8361015,27.964721611939442
11498,West Africa,-0.6638735,5.834664500000001,17.80486332557806
11499,West Africa,-0.6689354999999999,5.8368199999999995,10.168627255228271
11500,West Africa,-0.631386,5.851193,10.171892776162384
11501,West Africa,-0.633024,6.017918,50.858584950691295
11502,West Africa,-0.616409,6.0229485,17.802468949758772
11503,West Africa,-0.6706175,6.0294165,45.78741203378713
11504,West Africa,-0.6250899999999999,6.030135,17.80400855148984
11505,West Africa,-0.658337,6.0358845,17.802055697678323
11506,West Africa,-0.6706765,6.082596000000001,10.171231753100653
11507,West Africa,-0.6606114999999999,6.124995999999999,38.15761331966749
11508,West Africa,-0.662806,6.145118,40.69977553026763
11509,West Africa,-0.654882,6.16524,137.34375811103632
11510,West Africa,-0.6324745,6.16524,33.063060948267534
11511,West Africa,-0.6332125,6.176019500000001,25.43432705377806
11512,West Africa,-0.6599575,6.1781755,17.8009689009361
11513,West Africa,-0.62744,6.189674,447.5999274567574
11514,West Africa,-0.6549085,6.1860805,25.43564279610488
11515,West Africa,-0.6679195,6.1889555000000005,10.172794310067959
11516,West Africa,-0.6231175,6.1990165,10.172605575420047
11517,West Africa,-0.6513145,6.2040465000000005,27.974387308712757
11518,West Africa,-0.6310815,6.209796,81.36862265973149
11519,West Africa,-0.6318175,6.219857,409.465259658898
11520,West Africa,-0.6166465,6.229918,17.802796025667462
11521,West Africa,-0.6571454999999999,6.239979,180.54990851567257
11522,West Africa,-0.644845,6.2349485,10.175447516349879
11523,West Africa,-0.611591,6.2349485,99.21551947311885
11524,West Africa,-0.6231675,6.242135,10.168255242763706
11525,West Africa,-0.6687175000000001,6.245728,43.23155658512416
11526,West Africa,-0.6477630000000001,6.2543515,305.1947070485769
11527,West Africa,-0.666565,6.260101,58.50511871010359
11528,West Africa,-0.649235,6.2744735,292.4906049115104
11529,West Africa,-0.655008,6.2651315,10.174876010376815
11530,West Africa,-0.6260995,6.2737549999999995,10.167656187419347
11531,West Africa,-0.6673359999999999,6.2945955,150.0596747698239
11532,West Africa,-0.6536934999999999,6.368616,25.43046248974485
11533,West Africa,-0.642134,6.3815515000000005,10.172645854772904
11534,West Africa,-0.6566069999999999,6.3873005,10.172534666868646
11535,West Africa,-0.630574,6.390894,27.97161028194452
11536,West Africa,-0.6645775,6.400955,68.63904626968207
11537,West Africa,-0.6320509999999999,6.413171999999999,233.96921285998584
11538,West Africa,-0.656623,6.401673499999999,10.17225624754894
11539,West Africa,-0.619019,6.401673499999999,10.172256247746628
11540,West Africa,-0.6443425,6.411016,91.5837860731769
11541,West Africa,-0.6248395,6.4261075000000005,134.80747207376874
11542,West Africa,-0.6602545,6.4124535,40.69513862737964
11543,West Africa,-0.6291835,6.4325755000000004,55.97570487659761
11544,West Africa,-0.648715,6.4354499999999994,17.806448950682938
11545,West Africa,-0.666806,6.443355,10.16790741590301
11546,West Africa,-0.6190935,6.4606025,35.602291592312746
11547,West Africa,-0.6676065,10.6423875,33.06371950607018
11548,West Africa,-0.6654264999999999,10.648855000000001,10.174006569839554
11549,West Africa,-0.6654534999999999,10.6603535,10.177172274031102
11550,West Africa,-0.6493705000000001,10.6639465,27.974670479994778
11551,West Africa,-0.6537585,10.663228,10.173538785871195
11552,West Africa,-0.663292,10.675444500000001,33.067240062321744
11553,West Africa,-0.6552475,10.6761635,10.176656956826774
11554,West Africa,-0.6684545,10.694848,10.172507476643657
11555,West Africa,-0.6699335,10.704909,10.172178696539145
11556,West Africa,-0.6699714999999999,10.7221565,10.175153538721176
11557,West Africa,-0.655498,10.7911465,10.176364295226122
11558,West Africa,-0.6452925,10.8069565,10.179320267187617
11559,West Africa,-0.657009,10.8127055,20.35133731769383
11560,West Africa,-0.6716745,10.827078499999999,10.178654886418045
11561,West Africa,-0.665832,10.8328275,10.174987118862722
11562,West Africa,-0.6351165000000001,10.840014,10.174686244149145
11563,West Africa,-0.6687805,10.8414515,10.178178858579045
11564,West Africa,-0.623602,10.932000500000001,10.178641831846699
11565,West Africa,-0.5709635,5.3804815,17.80074261455083
11566,West Africa,-0.5883039999999999,5.3962915,25.420959394208833
11567,West Africa,-0.582536,5.4020410000000005,96.63134498284047
11568,West Africa,-0.565933,5.4013225,45.77629538540417
11569,West Africa,-0.5428385,5.409946,10.168847005136131
11570,West Africa,-0.5760529999999999,5.4149765,116.99190603825184
11571,West Africa,-0.5356285000000001,5.413539500000001,27.97386504212544
11572,West Africa,-0.551505,5.4128205000000005,10.175861664154143
11573,West Africa,-0.5847154999999999,5.4171325,10.172267522586179
11574,West Africa,-0.5529535,5.4171325,10.172267522802102
11575,West Africa,-0.535633,5.4214445,40.69583419952743
11576,West Africa,-0.5255265,5.4214445,10.172196825325745
11577,West Africa,-0.5811155,5.427912,48.32625461527598
11578,West Africa,-0.563064,5.424319000000001,10.172133732235364
11579,West Africa,-0.5710185000000001,5.4365355,17.800898715336235
11580,West Africa,-0.539977,5.4386915,10.175436838572688
11581,West Africa,-0.604952,5.4430035,10.175365835794993
11582,West Africa,-0.5664695,5.9453355000000006,38.147035029671564
11583,West Africa,-0.550596,5.9690505,10.173322949635235
11584,West Africa,-0.5621659999999999,5.980548499999999,10.173114941742163
11585,West Africa,-0.5809664999999999,5.9920469999999995,35.60687077619149
11586,West Africa,-0.569401,5.9906095,10.172932605929889
11587,West Africa,-0.587475,5.998514500000001,17.80500656752024
11588,West Africa,-0.567969,6.0006705,10.172749961891304
11589,West Africa,-0.5910975,6.0035454999999995,10.176217677283976
11590,West Africa,-0.606277,6.010013,17.804650508653083
11591,West Africa,-0.61136,6.0294165,10.172226432863768
11592,West Africa,-0.5246930000000001,6.0854705,25.43503867817535
11593,West Africa,-0.53409,6.0861895,25.42438338235055
11594,West Africa,-0.5434924999999999,6.094094500000001,10.17455877223785
11595,West Africa,-0.550724,6.096969,30.516439210390793
11596,West Africa,-0.5615715,6.103436500000001,17.810437411045083
11597,West Africa,-0.5724195,6.1113420000000005,10.170701114819128
11598,West Africa,-0.5731584999999999,6.126433499999999,83.93340651554871
11599,West Africa,-0.5927045,6.14943,50.860486897918776
11600,West Africa,-0.5666925,6.1587724999999995,33.066986882728166
11601,West Africa,-0.593437,6.1623655,43.22757105980302
11602,West Africa,-0.581872,6.1623655,33.05433586711504
11603,West Africa,-0.5348885,6.163084,10.169739697230648
11604,West Africa,-0.5399655,6.1788945,183.0953086628678
11605,West Africa,-0.5659835,6.1738634999999995,17.80287007856545
11606,West Africa,-0.5153965,6.1882365,17.802399222250965
11607,West Africa,-0.5378229999999999,6.2040465000000005,269.5731370178899
11608,West Africa,-0.5147029999999999,6.217701,71.20218225808867
11609,West Africa,-0.523382,6.2205755,10.175718697572796
11610,West Africa,-0.613745,6.2227315,17.80124271223737
11611,West Africa,-0.524836,6.2284805,50.87949237724853
11612,West Africa,-0.516905,6.249321500000001,35.60613898757656
11613,West Africa,-0.59934,6.2672875,17.803307101300234
11614,West Africa,-0.5118605,6.268724499999999,345.86365883891244
11615,West Africa,-0.5914060000000001,6.282379,10.171009224221278
11616,West Africa,-0.584909,6.2917214999999995,17.802493777781667
11617,West Africa,-0.5813075000000001,6.3032195,116.99543607802943
11618,West Africa,-0.593594,6.300345,17.80397539025162
11619,West Africa,-0.592881,6.3096875,10.174027324779344
11620,West Africa,-0.575542,6.320467,68.67245038541208
11621,West Africa,-0.5813355,6.3298095,10.177159941529421
11622,West Africa,-0.5770295,6.359992500000001,610.4151326740334
11623,West Africa,-0.5690555,6.3391515,279.7452313308036
11624,West Africa,-0.558211,6.3413075,10.173421401841473
11625,West Africa,-0.560385,6.346338,17.802433633970974
11626,West Africa,-0.5842700000000001,6.3671785,10.172923400084125
11627,West Africa,-0.6052645000000001,6.3894565,58.49619357965166
11628,West Africa,-0.5727465,6.4059855,58.48914815872699
11629,West Africa,-0.5568325000000001,6.404548,30.516558626566635
11630,West Africa,-0.6002365000000001,6.418921,200.88177558961712
11631,West Africa,-0.5474355,6.4074225,66.12591042245079
11632,West Africa,-0.6146995,6.4146095,10.175522421155705
11633,West Africa,-0.5402145,6.419639500000001,33.05081557562044
11634,West Africa,-0.5814385,6.4217955,10.175382658672941
11635,West Africa,-0.5286525,6.425389,17.797995936001787
11636,West Africa,-0.5416785,6.4340125,27.979940043377656
11637,West Africa,-0.570609,6.4354499999999994,33.06037554166167
11638,West Africa,-0.5677300000000001,6.4498225,160.21672943101566
11639,West Africa,-0.5829175,6.449104,10.171311027223934
11640,West Africa,-0.5742525,6.4606025,10.174625193110433
11641,West Africa,-0.5959544999999999,6.4670705,144.97403782111624
11642,West Africa,-0.564136,6.4699445,91.56658911223337
11643,West Africa,-0.58728,6.469226,38.154118315500455
11644,West Africa,-0.5793245,6.4699445,17.80174065342392
11645,West Africa,-0.5807805,6.4771315000000005,43.23369648169016
11646,West Africa,-0.6024784999999999,6.4771315000000005,17.801494011974007
11647,West Africa,-0.595969,6.4764125,10.17783217236409
11648,West Africa,-0.595649,10.1041235,10.177393210686748
11649,West Africa,-0.577898,10.763838,10.173723820635443
11650,West Africa,-0.5912535000000001,10.860136,10.174019080192389
11651,West Africa,-0.5833200000000001,10.9183465,17.81597893898498
11652,West Africa,-0.504044,5.6241015,10.172333103866157
11653,West Africa,-0.42899750000000003,5.6988405,10.17457446865622
11654,West Africa,-0.2585645,5.7247115,10.174127149957028
11655,West Africa,-0.2542335,5.7290235,10.174052395878162
11656,West Africa,-0.3813495,5.7290235,10.17405239602503
11657,West Africa,-0.408802,5.739084500000001,10.177399353094104
11658,West Africa,0.47529600000000005,5.790827,10.172956435467713
11659,West Africa,-0.033228,5.802325,10.17275468648839
11660,West Africa,-0.021670500000000002,5.8080745,10.172672026377386
11661,West Africa,-0.033950999999999995,5.8138235,68.66687824851394
11662,West Africa,-0.0491205,5.812386500000001,10.17259618611929
11663,West Africa,-0.074404,5.818854,38.14856662252421
11664,West Africa,-0.0491215,5.8231660000000005,142.42571073059108
11665,West Africa,0.413921,5.8231660000000005,17.80170713828847
11666,West Africa,-0.0332295,5.825322,10.168830130136438
11667,West Africa,-0.0794615,5.825322,10.16883013028109
11668,West Africa,-0.0028895,5.8396945,20.340691066751912
11669,West Africa,-0.0072239999999999995,5.8454440000000005,10.171994547351042
11670,West Africa,-0.036122,5.871315,10.171535778807222
11671,West Africa,-0.0093925,5.9108405,17.802493125960982
11672,West Africa,0.0072250000000000005,5.917308,10.17071519789734
11673,West Africa,0.576585,5.946054,10.170199084267729
11674,West Africa,0.534682,5.9561150000000005,10.17001785775433
11675,West Africa,0.2724165,5.987016499999999,17.796553814333734
11676,West Africa,0.2601325,5.9891725000000005,25.434134215767045
11677,West Africa,0.3063805,5.9934845,10.176400471517374
11678,West Africa,0.307833,6.0035454999999995,10.172697713137659
11679,West Africa,-0.4248965,6.007857,10.172599724028533
11680,West Africa,-0.42056400000000005,6.009294499999999,10.172593162349116
11681,West Africa,0.3916625,6.0150435,10.17600840090915
11682,West Africa,0.632307,6.021511500000001,33.05402737813146
11683,West Africa,0.6388105,6.02223,10.172337960834147
11684,West Africa,0.6445965,6.026542,20.3410000212175
11685,West Africa,0.6576095,6.0308535,20.347900591662686
11686,West Africa,0.6402765,6.0373215,38.14788355198441
11687,West Africa,0.4870725,6.0380400000000005,10.172049305681588
11688,West Africa,0.883812,6.0416335,17.801871737954567
11689,West Africa,0.6735185,6.042352,10.171970446927997
11690,West Africa,0.6489535,6.046664,10.171891532505514
11691,West Africa,0.6720785,6.048101,20.34021198401585
11692,West Africa,0.6532895,6.048101,10.17186522223485
11693,West Africa,-0.443727,6.058162,10.168162435590071
11694,West Africa,0.34978149999999997,6.0653485,20.346689808372712
11695,West Africa,0.679338,6.0710975000000005,10.171462899157131
11696,West Africa,1.0096445,6.090501,25.418918452994372
11697,West Africa,0.999534,6.0933755000000005,17.8002069749513
11698,West Africa,1.0436295,6.0998435,10.174452611787485
11699,West Africa,1.0711105,6.1041555,10.174372920971518
11700,West Africa,1.0805099999999999,6.109186,25.416352325009235
11701,West Africa,-0.4936435,6.114935,43.2298848713468
11702,West Africa,1.0617315,6.113497499999999,17.803075492193905
11703,West Africa,1.0682365,6.112779,10.170674523206356
11704,West Africa,1.0682535,6.1235585,43.23607669916198
11705,West Africa,-0.4857055,6.1285895,10.173920292904103
11706,West Africa,1.0899545,6.131464,10.170328188159601
11707,West Africa,1.1485365,6.1479925,27.97558118326576
11708,West Africa,-0.4857285,6.151586,10.169954039981874
11709,West Africa,1.0806185,6.160928500000001,17.803291696105564
11710,West Africa,-0.447434,6.1695519999999995,101.7280033541249
11711,West Africa,-0.48140700000000003,6.167396,10.173176905820492
11712,West Africa,0.050598500000000005,6.1702705,10.173144010145002
11713,West Africa,1.076329,6.1839245,89.02880367231829
11714,West Africa,-0.4720255,6.185362,17.802503288451675
11715,West Africa,-0.490097,6.187518,10.172800444652431
11716,West Africa,-0.4756475,6.197579,78.82769324997724
11717,West Africa,-0.4647985,6.189674,25.424858221677876
11718,West Africa,-0.5038415,6.198297500000001,33.06979195122894
11719,West Africa,-0.5139655000000001,6.2011725,17.794938360533088
11720,West Africa,1.040947,6.2069215,48.324484984856404
11721,West Africa,-0.474209,6.2062025,10.175989256219903
11722,West Africa,1.0713255,6.209796,27.968789005246094
11723,West Africa,1.0799915,6.20764,10.1689053225372
11724,West Africa,-0.4966245,6.209796,25.422222692782892
11725,West Africa,1.075671,6.2169825,43.251442220998214
11726,West Africa,1.0850819999999999,6.224168499999999,25.447921528668015
11727,West Africa,1.0728055,6.2284805,27.97664769222468
11728,West Africa,-0.4872525,6.237823000000001,25.42791114998594
11729,West Africa,-0.509667,6.239979,17.805981986904023
11730,West Africa,-0.487256,6.242135,10.171772452840443
11731,West Africa,-0.4106255,6.243572,10.168228082310662
11732,West Africa,-0.4836475,6.2471654999999995,68.66385808023216
11733,West Africa,1.0945369999999999,6.248603,38.15075272361566
11734,West Africa,-0.5017229999999999,6.247884,10.171663722988269
11735,West Africa,-0.5002770000000001,6.252196,10.171582104037391
11736,West Africa,1.0750259999999998,6.2543515,33.02939410196378
11737,West Africa,-0.4070205,6.2543515,17.800218039217153
11738,West Africa,-0.412091,6.2665685,50.874192139116076
11739,West Africa,-0.3997995,6.264412500000001,17.80867816007765
11740,West Africa,1.077221,6.26585,27.978135336830746
11741,West Africa,-0.481496,6.2651315,10.174876010230157
11742,West Africa,1.071437,6.2651315,10.17487600985746
11743,West Africa,0.6058460000000001,6.2651315,10.174876010084214
11744,West Africa,-0.41715199999999997,6.2672875,17.80330710129395
11745,West Africa,-0.470657,6.2730365,45.780944214328386
11746,West Africa,-0.488011,6.2766295,25.433104918649665
11747,West Africa,1.020135,6.281660499999999,33.04706508413546
11748,West Africa,-0.4121045,6.283816,38.139410929278775
11749,West Africa,-0.507547,6.291002499999999,218.7137072709062
11750,West Africa,-0.48369799999999996,6.3017825,134.8051607579648
11751,West Africa,-0.488753,6.2953145,10.174301749839088
11752,West Africa,1.2587665000000001,6.300345,38.15590498324162
11753,West Africa,-0.425135,6.3068124999999995,10.17408226871051
11754,West Africa,-0.4309195,6.3068124999999995,20.35162760331495
11755,West Africa,1.240701,6.3068124999999995,10.174082268954209
11756,West Africa,-0.412849,6.310406,40.68020954962908
11757,West Africa,-0.5111829999999999,6.312562,50.85927361860268
11758,West Africa,-0.46997,6.3111245,10.17399985472684
11759,West Africa,-0.488777,6.320467,137.31529415868508
11760,West Africa,-0.5090220000000001,6.3211855,53.404461076387086
11761,West Africa,-0.436721,6.3269345,10.173697203145109
11762,West Africa,0.867658,6.3269345,10.173697202604442
11763,West Africa,1.258114,6.328372,20.34026195561656
11764,West Africa,1.2479915,6.328372,10.173647620484049
11765,West Africa,-0.4996305,6.3290904999999995,27.98015854251435
11766,West Africa,-0.4417875,6.330528,25.426977353381666
11767,West Africa,-0.4873465,6.3369955000000004,109.3558333873166
11768,West Africa,-0.49819650000000004,6.342026499999999,155.13037509941256
11769,West Africa,1.2712315,6.368616,490.89050151406974
11770,West Africa,1.162718,6.352087,76.2600950318906
11771,West Africa,1.150444,6.360711,17.8019495357786
11772,West Africa,-0.458446,6.362867,10.169468098289098
11773,West Africa,1.248805,6.36646,17.801755597277467
11774,West Africa,-0.463515,6.3714905,55.95774932876553
11775,West Africa,1.2560665,6.379395499999999,17.803066934518395
11776,West Africa,1.161421,6.417484,10.16841119276468
11777,West Africa,1.2388854999999999,6.4512599999999996,17.82174093867432
11778,West Africa,1.2215425,6.4584465,17.796837829147766
11779,West Africa,0.9908625,6.4721005,10.17439989445291
11780,West Africa,1.251316,6.5037210000000005,10.17375499921345
11781,West Africa,0.806568,6.5576194999999995,17.802227949155924
11782,West Africa,0.846449,6.6129545,10.175123424005584
11783,West Africa,0.3038975,6.6862565,10.17716144008974
11784,West Africa,-0.324207,6.7609955,10.172122926272197
11785,West Africa,0.6957329999999999,6.9499984999999995,43.23145049233146
11786,West Africa,0.734144,6.975151,10.171152983742196
11787,West Africa,0.46699650000000004,6.990242500000001,17.807766858078153
11788,West Africa,0.3316385,7.0383914999999995,10.17686114532295
11789,West Africa,1.172596,7.4207095,10.1719873466082
11790,West Africa,0.239425,7.8978885000000005,10.174924959010479
11791,West Africa,0.058045,7.9165735,10.174476215184265
11792,West Africa,-0.2540265,8.044492,10.171341605449216
11793,West Africa,1.1644095,8.1321665,10.1727263465142
11794,West Africa,1.1362765000000001,8.193251,17.82063915388701
11795,West Africa,1.139939,8.204031,25.42724903104743
11796,West Africa,1.134149,8.2112175,10.17426751413925
11797,West Africa,0.5300825,8.2370885,10.177124279981662
11798,West Africa,1.1509695,8.25218,122.11073884066506
11799,West Africa,1.151016,8.26799,33.06780153304801
11800,West Africa,0.5126965,8.2715835,10.176258763596127
11801,West Africa,1.1525055000000002,8.2809255,25.454092597136437
11802,West Africa,1.1837325,8.280207,10.172502335875954
11803,West Africa,1.1256534999999999,8.285955999999999,10.172357637980717
11804,West Africa,1.1743489999999999,8.298173,25.41972233036623
11805,West Africa,0.050848000000000004,8.380817,10.17345648014921
11806,West Africa,0.24990500000000002,8.416749,10.172539218811641
11807,West Africa,1.0072515,8.556166000000001,10.172442568810352
11808,West Africa,-0.287835,8.620844,10.174252533613132
11809,West Africa,0.148335,8.761697999999999,10.17052979198561
11810,West Africa,0.581912,8.8939285,10.17751281737285
11811,West Africa,0.6656295,8.9291415,17.795833576985864
11812,West Africa,0.89642,9.0060365,10.174459008220222
11813,West Africa,0.8556805000000001,9.008911000000001,10.17433642643476
11814,West Africa,1.161309,9.017534999999999,10.170604808522862
11815,West Africa,1.1395355,9.033345,10.173665592194089
11816,West Africa,0.6827224999999999,9.1195825,10.174822582574143
11817,West Africa,1.0977385,9.1670125,10.173502412963066
11818,West Africa,1.1531090000000002,9.181385500000001,10.17659572033443
11819,West Africa,0.378656,9.284870000000002,10.170147539600805
11820,West Africa,1.2457099999999999,9.4271615,10.176617383593936
11821,West Africa,0.7322885,9.8396625,10.174976702180333
11822,West Africa,0.36035,9.875595,10.173844595626251
11823,West Africa,1.1044999999999998,9.907215,10.17289104128184
11824,West Africa,1.0128184999999998,9.986266,10.173979318003326
11825,West Africa,1.175588,9.9970455,17.804813679699777
11826,West Africa,1.1048495,10.0107,10.173234298127776
11827,West Africa,1.2532035000000001,10.0660355,17.806349507576783
11828,West Africa,1.2540045,10.082564000000001,10.171032612778664
11829,West Africa,0.896365,10.092625,10.17420744506229
11830,West Africa,1.020087,10.4303875,30.529315348021576
11831,West Africa,1.2460695,10.658916000000001,10.173679190250574
11832,West Africa,0.5997125,10.69916,10.17236660251036
11833,West Africa,-0.5075655,10.701316,33.066087994613866
11834,West Africa,0.7738505,10.7264685,10.175012259351456
11835,West Africa,0.20482499999999998,10.763838,25.434280618124372
11836,West Africa,1.235142,10.8486375,10.174463366449787
11837,West Africa,0.7771174999999999,10.8586985,10.177606818193794
11838,West Africa,-0.253241,10.924814000000001,10.175341497056655
11839,West Africa,-0.2342205,10.937749499999999,10.1749733624729
11840,West Africa,0.0790495,10.937749499999999,10.174973362634864
11841,West Africa,0.48751500000000003,10.9621835,10.177631522241171
11842,West Africa,0.95747,10.9664955,10.177486962308231
11843,West Africa,0.907716,10.975119,10.173657796132641
11844,West Africa,-0.3059955,10.979431,10.176987678583426
11845,West Africa,0.650057,10.980868000000001,10.173464888634253
11846,West Africa,0.9092089999999999,10.982305499999999,10.176956450728978
11847,West Africa,-0.292821,10.9837425,10.176908192626964
11848,West Africa,-0.29721600000000004,10.98518,10.173320135228172
11849,West Africa,-0.44217399999999996,10.9923665,10.176618453728704
11850,West Africa,0.9839264999999999,10.9981155,10.179900735324395
11851,West Africa,-0.49051900000000004,11.0081765,20.348730599206732
11852,West Africa,-0.49784,11.009614,10.172498823341511
11853,West Africa,-0.39346774999999934,11.123867,8.179433031382718
11854,West Africa,1.536194,6.2291995,43.232761050367294
11855,West Africa,1.315811,6.272318,10.171200490474078
11856,West Africa,1.310781,6.2852535,200.9379201153156
11857,West Africa,1.3383194999999999,6.308968500000001,17.805434532121964
11858,West Africa,1.3231359999999999,6.30825,10.170515998058585
11859,West Africa,1.2927689999999998,6.3096875,10.174027324610607
11860,West Africa,1.3296540000000001,6.3118435,33.057417664103596
11861,West Africa,1.3679744999999999,6.312562,10.173950340416088
11862,West Africa,1.4157514999999998,6.334121,10.173537355599422
11863,West Africa,1.2697135,6.340589,99.17761608782949
11864,West Africa,1.2777085000000001,6.360711,61.001877895168356
11865,West Africa,2.125865,6.352806,10.169661809852501
11866,West Africa,1.2669335,6.386582,198.348396365565
11867,West Africa,1.2814165000000002,6.3959245,10.175885101730112
11868,West Africa,1.5641859999999999,6.4023924999999995,17.779431588420415
11869,West Africa,1.4535725,6.411016,83.91052716071871
11870,West Africa,1.2864944999999999,6.4023924999999995,17.78646511558929
11871,West Africa,1.4911534999999998,6.403111,10.17220634521312
11872,West Africa,2.6395505,6.4059855,10.175689947791161
11873,West Africa,1.489719,6.4102975,10.172088891468198
11874,West Africa,1.3089490000000001,6.417484,10.16841119342941
11875,West Africa,1.5512255000000001,6.421077,33.05944959414452
11876,West Africa,1.3465755000000001,6.423233,10.171815428054481
11877,West Africa,2.6382105,6.427545,10.171731498975435
11878,West Africa,1.3494905,6.4318565,10.175186718101617
11879,West Africa,1.3487885,6.441199,33.0616914255748
11880,West Africa,1.460898,6.446229499999999,40.69243458772403
11881,West Africa,1.4768205,6.449104,10.171311026916452
11882,West Africa,1.468154,6.453416,50.845573382481845
11883,West Africa,1.513772,6.471382,239.12802210041528
11884,West Africa,2.9768805,6.4649145,10.174540749009394
11885,West Africa,2.9263235,6.47785,10.170748200517474
11886,West Africa,3.9244585,6.4807245,10.174230646460542
11887,West Africa,3.1158685,6.4850365,10.174145938036252
11888,West Africa,1.409697,6.495816,53.40788096107994
11889,West Africa,1.8495105,6.511626,73.78867132536699
11890,West Africa,1.8379675,6.5202495,17.829890068472892
11891,West Africa,1.437286,6.5331855,68.66585814011898
11892,West Africa,3.1003555,6.549714,10.169330243006796
11893,West Africa,3.923611,6.559775,55.89020978854456
11894,West Africa,3.9149305,6.556900499999999,10.172725927156185
11895,West Africa,3.8932605000000002,6.5612125,10.172640226195913
11896,West Africa,3.9280144999999997,6.564806,27.970922605503805
11897,West Africa,1.5249575000000002,6.582053,96.60633301888399
11898,West Africa,3.421723,6.57846,10.172273636811603
11899,West Africa,1.5191824999999999,6.588521,40.684751246310846
11900,West Africa,2.1181919999999996,6.5913955,10.175554861413003
11901,West Africa,1.58365,6.612236,119.55334192555239
11902,West Africa,1.57717,6.6230155,10.174921603692612
11903,West Africa,3.668095,6.6330765,10.174719480124642
11904,West Africa,3.9171959999999997,6.6618224999999995,10.174140287046638
11905,West Africa,1.7466315,6.6718835,81.38437059972327
11906,West Africa,3.7284404999999996,6.7667445,10.175519930313971
11907,West Africa,3.3873495,6.835734,10.170558532016152
11908,West Africa,1.780573,6.8472325000000005,10.17737313354584
11909,West Africa,1.7805875,6.8529815,10.17373945347418
11910,West Africa,3.606834,6.955029,10.17157786556332
11911,West Africa,3.0532525,6.9945545,17.84623756069264
11912,West Africa,3.043877,6.9995845,10.174174267537692
11913,West Africa,1.9485804999999998,7.043422,25.405002148256784
11914,West Africa,2.6399974999999998,7.1497815,43.27122107308931
11915,West Africa,2.6030695,7.1505,10.17090955410563
11916,West Africa,3.3997795,7.1505,10.170909553983007
11917,West Africa,2.595102,7.151218500000001,17.801697586271043
11918,West Africa,2.5328345,7.1569675,78.87894618434335
11919,West Africa,2.529274,7.16631,10.174077097681094
11920,West Africa,4.4893885000000004,7.18212,10.170222441089974
11921,West Africa,4.382505500000001,7.2137405,10.173070758014271
11922,West Africa,2.457259,7.2439235,10.175920305458908
11923,West Africa,4.560327,7.250391499999999,17.738264172186707
11924,West Africa,4.614753,7.256859,10.172096377530325
11925,West Africa,4.601713,7.256859,25.43376285531146
11926,West Africa,4.6075455000000005,7.259733499999999,25.431912572350594
11927,West Africa,4.500362,7.26692,10.17187476939944
11928,West Africa,4.436681,7.2726690000000005,10.171748002507517
11929,West Africa,4.619434,7.2899165,10.17490618712827
11930,West Africa,4.60643,7.2942285,10.174810779709457
11931,West Africa,4.578899,7.2956655,10.1747789731471
11932,West Africa,4.618134,7.3028525,10.174619802042246
11933,West Africa,4.6406695,7.3121945,17.80256796136898
11934,West Africa,4.573324,7.3157879999999995,10.170794026616472
11935,West Africa,4.6451095,7.322255500000001,63.65264357635335
11936,West Africa,2.522924,7.325849,10.170570627262538
11937,West Africa,4.615533,7.331598,10.17044283712704
11938,West Africa,4.569197,7.337347,10.170314945442744
11939,West Africa,4.5700135,7.3452525,17.7398679034251
11940,West Africa,2.53762,7.3632185,10.173276708534939
11941,West Africa,4.6087325,7.3790285,20.345753835052527
11942,West Africa,4.6095690000000005,7.3869335,17.799622541355635
11943,West Africa,4.5881430000000005,7.417116500000001,559.5432308863451
11944,West Africa,4.6133405,7.4005875,10.175949921363665
11945,West Africa,4.6068739999999995,7.405618499999999,17.870851842827104
11946,West Africa,4.6409905,7.4135235,10.175659110974154
11947,West Africa,4.6237095,7.4207095,25.43344575365261
11948,West Africa,4.6324065,7.4235845000000005,20.347325884203677
11949,West Africa,4.6396535,7.4235845000000005,10.175432585369894
11950,West Africa,4.6484245,7.4293335,20.347001974064256
11951,West Africa,4.6398025,7.4386755,157.68166049895095
11952,West Africa,4.6348415,7.4472995,157.68773438393578
11953,West Africa,4.641439500000001,7.456642,10.171147111592637
11954,West Africa,4.6313295,7.458079,10.171114599208018
11955,West Africa,4.6365715000000005,7.474608,180.52136386688113
11956,West Africa,4.6098465,7.4853875,10.174034359958894
11957,West Africa,4.600498,7.490418,55.88993409905824
11958,West Africa,4.6454375,7.490418,25.50146777578544
11959,West Africa,4.330171,7.492574,10.173840508954655
11960,West Africa,4.6476489999999995,7.4940115,10.17734776614228
11961,West Africa,4.6107195,7.4961675,27.981426958949527
11962,West Africa,4.647018,7.503353499999999,17.73892161307061
11963,West Africa,4.6449370000000005,7.5112585,10.176954924758725
11964,West Africa,4.5928205,7.517008,10.169775972811129
11965,West Africa,4.6044184999999995,7.517008,10.169775972984965
11966,West Africa,4.5855715,7.518445,10.169743198493409
11967,West Africa,4.595757,7.522757,10.17315280244193
11968,West Africa,4.6147155,7.5313805,139.88545841341195
11969,West Africa,4.613191499999999,7.525631499999999,10.17311767731258
11970,West Africa,4.588582000000001,7.527069,10.173054331159868
11971,West Africa,4.590069,7.5313805,10.176495465163704
11972,West Africa,4.645161,7.5313805,10.176495464203015
11973,West Africa,4.597318,7.532818,10.172922955185008
11974,West Africa,4.6017045,7.5356925,38.21487287068925
11975,West Africa,4.627132,7.540723,28.043547216088104
11976,West Africa,4.6164255,7.555096,254.53426309360484
11977,West Africa,4.6359245,7.550784,142.30145634062708
11978,West Africa,4.59609,7.5529399999999995,25.434676927213804
11979,West Africa,4.013242,7.5543775,10.17596885851401
11980,West Africa,4.649884999999999,7.566594500000001,117.13430426875676
11981,West Africa,4.626723500000001,7.570187499999999,96.6543152396578
11982,West Africa,4.4882195,7.566594500000001,17.801292649396576
11983,West Africa,4.682848,7.599652,907.8087258150324
11984,West Africa,4.539405,7.6082754999999995,17.803120386672237
11985,West Africa,4.6141575,7.6161805000000005,25.438121860901667
11986,West Africa,4.5395335,7.621211499999999,25.495606736827394
11987,West Africa,4.629775,7.6528315,345.9783266589005
11988,West Africa,4.6091940000000005,7.625523,25.500716667076215
11989,West Africa,4.5419095,7.6384585000000005,279.8997513883994
11990,West Africa,4.5804314999999995,7.6470825,91.56249871208723
11991,West Africa,4.597926,7.6571435,96.78230843972214
11992,West Africa,4.6080775,7.6571435,33.06502564732696
11993,West Africa,4.646546,7.6607365000000005,10.173512562761783
11994,West Africa,4.6335315,7.662174,10.173447404992555
11995,West Africa,4.635019,7.6693605,10.173311899157945
11996,West Africa,4.6336805000000005,7.676546500000001,10.176652503889432
11997,West Africa,4.5489195,7.752723,10.1713289058131
11998,West Africa,4.640828,7.8001535,10.17725500222031
11999,West Africa,3.002541,8.1379155,10.176088431185068
12000,West Africa,3.6696135,8.5173595,30.523928004130507
12001,West Africa,3.6653425000000004,8.525983,10.173226322430779
12002,West Africa,1.2784545,9.218755000000002,10.175502613555347
12003,West Africa,1.2879555,9.2280975,17.82505629819052
12004,West Africa,4.0104524999999995,9.2503755,10.178153683295896
12005,West Africa,1.3667310000000001,9.2654665,17.826705710696416
12006,West Africa,1.3616505,9.26906,10.174086635429523
12007,West Africa,1.3529345,9.274809000000001,10.173924324589112
12008,West Africa,1.3471199999999999,9.2776835,10.173889311213344
12009,West Africa,1.3500655,9.2863075,10.177139267210489
12010,West Africa,1.3917225000000002,9.504774999999999,10.174330482813897
12011,West Africa,1.393191,9.509087000000001,10.170715301155292
12012,West Africa,1.4673045,9.796544,10.172727887393409
12013,West Africa,1.4731625,9.802293500000001,10.176095673072789
12014,West Africa,1.5505295000000001,9.8123545,10.175794823790078
12015,West Africa,1.5668285,9.868408500000001,10.174113063471648
12016,West Africa,1.49403,9.9000285,20.349842506784285
12017,West Africa,1.61042,9.9812355,28.004163247646574
12018,West Africa,1.599481,9.9833915,10.174120207102908
12019,West Africa,1.5042335,10.054537,17.80873604975734
12020,West Africa,1.465551,10.0552555,10.17889629546885
12021,West Africa,1.4976645,10.0552555,10.17541037186077
12022,West Africa,1.5210565,10.062442,25.43263789420934
12023,West Africa,1.32412,10.0940625,10.177703257872865
12024,West Africa,1.269374,10.094781,17.81005695235631
12025,West Africa,1.3306945,10.096218499999999,17.78904592238947
12026,West Africa,2.4336555,10.096937,10.17059039315144
12027,West Africa,1.276689,10.099093,17.827257840612756
12028,West Africa,1.395711,10.1098725,20.350980544335638
12029,West Africa,1.4147129999999999,10.11131,10.173631671010186
12030,West Africa,1.410333,10.112746999999999,10.173587347114825
12031,West Africa,1.425669,10.1134655,17.828183493564826
12032,West Africa,1.572403,10.1141845,10.177082855930708
12033,West Africa,1.395745,10.1156215,10.177038502604336
12034,West Africa,1.4929489999999999,10.139337,68.70309045247683
12035,West Africa,1.483452,10.1386185,10.176327858009884
12036,West Africa,1.447692,10.1407745,33.1084747833902
12037,West Africa,1.504654,10.145086,33.090621751385754
12038,West Africa,1.4747395,10.1501165,10.179456870736807
12039,West Africa,1.5156235,10.1501165,10.179456870928782
12040,West Africa,1.4513775,10.1501165,10.179456871025806
12041,West Africa,1.4572180000000001,10.1501165,10.1759719493235
12042,West Africa,1.4645305,10.1537095,38.15684140196582
12043,West Africa,1.5105435,10.156584500000001,40.74489677192464
12044,West Africa,1.4682404999999998,10.165208,88.99143460028573
12045,West Africa,1.5346925,10.1659265,10.178966668172547
12046,West Africa,1.5003895,10.16952,55.98707797593891
12047,West Africa,1.4500235,10.173113,25.436294926223624
12048,West Africa,1.528901,10.177425,10.171585867099337
12049,West Africa,1.4887679999999999,10.183892499999999,137.36987354374713
12050,West Africa,1.5274904999999999,10.1889235,55.95902879528848
12051,West Africa,1.4998055,10.200421500000001,10.17789449670137
12052,West Africa,1.509334,10.209764,78.87642385559934
12053,West Africa,2.5615395000000003,10.207608,10.17413061442546
12054,West Africa,1.545102,10.207608,10.17064751541167
12055,West Africa,1.52905,10.2090455,10.174141587179323
12056,West Africa,1.517379,10.213356999999998,45.79355382860378
12057,West Africa,1.553153,10.2112015,33.08918409352868
12058,West Africa,1.537825,10.21192,10.170513235747547
12059,West Africa,1.5261415,10.213356999999998,25.434908586218427
12060,West Africa,1.5320205,10.217669,10.173817109742895
12061,West Africa,1.5130344999999998,10.2191065,10.177312224702607
12062,West Africa,1.5247185,10.2191065,20.350994878566596
12063,West Africa,1.5349785,10.2262925,30.527724105652318
12064,West Africa,1.5474305,10.235635,50.92227339803582
12065,West Africa,1.9967705,10.2694115,10.175739342377176
12066,West Africa,3.3288685,10.403079,10.174946825208806
12067,West Africa,1.643342,10.561180499999999,10.176907017490123
12068,West Africa,1.6426705,10.5705225,40.65597598544307
12069,West Africa,1.6713105,10.596394,33.070389959789786
12070,West Africa,1.5065575,10.6905365,10.176187819362754
12071,West Africa,2.072681,10.7005975,10.179337983267853
12072,West Africa,2.5549765,10.825641000000001,10.175162044679345
12073,West Africa,1.6260124999999999,10.870197000000001,10.173685037789355
12074,West Africa,1.6453195,10.9233765,10.17545358557582
12075,West Africa,1.731234,11.095851,10.1765320894442
12076,West Africa,1.7456385,11.1770575,17.78332515019051
12077,West Africa,1.7251275,11.1770575,17.783325150017237
12078,West Africa,1.7112159999999998,11.1792135,10.177232592109451
12079,West Africa,1.7383695000000001,11.185681500000001,63.567020346284295
12080,West Africa,1.749322,11.182088499999999,10.177134255669682
12081,West Africa,1.766947,11.1878375,10.176937544833464
12082,West Africa,1.7274865,11.203647499999999,10.179869238274577
12083,West Africa,1.768527,11.206522,10.172757952586096
12084,West Africa,1.7202025,11.2101155,45.768344029609494
12085,West Africa,1.7121505,11.2115525,48.4174653182921
12086,West Africa,1.7107269999999999,11.2201765,27.960100662796787
12087,West Africa,1.8389324999999999,11.2180205,10.17937615140844
12088,West Africa,1.469681,11.2180205,10.175903146579095
12089,West Africa,1.4843335,11.2180205,10.179376151707578
12090,West Africa,1.4653204999999998,11.225207000000001,10.17558880412257
12091,West Africa,1.443376,11.2338305,20.357666080303666
12092,West Africa,1.4434114999999998,11.2381425,10.178684780871183
12093,West Africa,1.776904,11.258983,17.809689531862222
12094,West Africa,1.2793915,11.261139,10.174353008666271
12095,West Africa,1.3644025000000002,11.2640135,10.177794082239398
12096,West Africa,1.2852744999999999,11.266888000000002,10.174154922848151
12097,West Africa,1.4010634999999998,11.2712,10.174006284941303
12098,West Africa,1.3864195000000001,11.274074500000001,10.177447147818034
12099,West Africa,1.3395644999999998,11.2826985,10.177149523181864
12100,West Africa,1.3249415,11.2884475,30.523977645166784
12101,West Africa,1.3366775,11.2898845,35.620794175930506
12102,West Africa,1.864313,11.291322000000001,10.176782851725806
12103,West Africa,4.092275,11.3028205,10.17992621832335
12104,West Africa,2.1458060000000003,11.3028205,10.179926216909024
12105,West Africa,1.706703,11.406305,10.172790139251807
12106,West Africa,2.215904,11.4587655,33.069642397713025
12107,West Africa,2.9861995,11.768501,10.177277414719565
12108,West Africa,2.4395575000000003,11.8762975,20.353854390323246
12109,West Africa,3.0211740000000002,11.8762975,10.180377927569538
12110,West Africa,3.021248,11.8820465,10.180168568177987
12111,West Africa,2.7727345000000003,11.9970295,10.179423782569165
12112,West Africa,2.770203,12.0372735,10.181403951926749
12113,West Africa,2.3939791362608696,12.2262765,14.482001798335316
12114,West Africa,4.4693165,12.39947,10.17466748873772
12115,West Africa,4.456072000000001,12.400907,10.17807004048958
12116,West Africa,4.566492,12.4461815,17.812142278280927
12117,West Africa,5.776873500000001,4.477147,10.16868746217275
12118,West Africa,5.7646195,4.4807405,17.801302676001097
12119,West Africa,5.758131499999999,4.481459,10.168629108395278
12120,West Africa,5.6625455,4.783289,10.17145630400567
12121,West Africa,6.0672695,5.339519,10.1699918305653
12122,West Africa,6.108277,5.3970105,20.345225588402744
12123,West Africa,5.7931515000000005,5.581701499999999,17.80370849673017
12124,West Africa,5.794921,5.6118845,17.799292695512797
12125,West Africa,5.832658,5.633444,17.800419902689573
12126,West Africa,5.8363154999999995,5.6356,10.172120052617371
12127,West Africa,5.739096999999999,6.2852535,10.17449347664908
12128,West Africa,5.752249,6.2953145,10.174301749796083
12129,West Africa,6.1899625,7.1727775000000005,50.869755829475075
12130,West Africa,4.758038,7.174215,25.499713649691902
12131,West Africa,4.728531,7.1950555000000005,10.17699080981669
12132,West Africa,4.7552965,7.2582965,10.172092825622531
12133,West Africa,4.893612,7.3200994999999995,10.17423719539135
12134,West Africa,4.8546815,7.3387845,10.17733230765714
12135,West Africa,4.683371,7.3768725,572.126252446127
12136,West Africa,4.662319,7.371842,10.169545482094634
12137,West Africa,4.694392,7.391964,10.169094969711686
12138,West Africa,4.6509865,7.3991505,30.520837967081274
12139,West Africa,4.6528480000000005,7.437957,38.08280821676083
12140,West Africa,4.6702425000000005,7.43652,10.171601709930885
12141,West Africa,4.6782895,7.444425,45.71366134334949
12142,West Africa,4.6572715,7.444425,35.67012726155576
12143,West Africa,4.6703925,7.448736500000001,155.1503039974808
12144,West Africa,4.68998,7.4516115,17.735706187704082
12145,West Africa,4.6682555,7.455923500000001,17.805706304376294
12146,West Africa,4.689312,7.460235,38.151301896902055
12147,West Africa,4.669855500000001,7.4674215,76.37120355312693
12148,West Africa,4.6850765,7.4695775,58.63091816952202
12149,West Africa,4.693106,7.474608,68.66920322665719
12150,West Africa,4.6883155,7.499041500000001,198.18924401405832
12151,West Africa,4.654079,7.4861065,17.867657561115774
12152,West Africa,4.659134,7.4853875,10.177543858867391
12153,West Africa,4.6656945,7.487543499999999,17.800912732389683
12154,West Africa,4.658578,7.4976045,117.19466571074356
12155,West Africa,4.694933499999999,7.5091025,48.52399445968368
12156,West Africa,4.6681325000000005,7.5098215,61.039048711325854
12157,West Africa,4.752178499999999,7.5083839999999995,10.169972529710229
12158,West Africa,4.6550845,7.5112585,20.35040055503386
12159,West Africa,4.81385,7.5119775,17.871885628837358
12160,West Africa,4.668207499999999,7.5177265,27.9062274873922
12161,West Africa,4.6537475,7.521319500000001,30.521373103885683
12162,West Africa,4.6740065,7.5198825,10.173248929420112
12163,West Africa,4.6951795,7.5306619999999995,81.39274373953614
12164,West Africa,4.6755695,7.527069,10.16954638126856
12165,West Africa,4.670533,7.5306619999999995,17.808010894696437
12166,West Africa,4.866981,7.5299435,10.176528316491723
12167,West Africa,4.6785065,7.5313805,25.43594137248896
12168,West Africa,4.672745,7.5356925,10.176396845404774
12169,West Africa,4.693804999999999,7.5392855,58.50059100128637
12170,West Africa,4.6989935,7.5522215,289.95331102022664
12171,West Africa,4.6800695,7.5414414999999995,32.99823874453077
12172,West Africa,4.6649215,7.5493465,116.9304669550241
12173,West Africa,4.683007,7.5457535,10.176166525783529
12174,West Africa,4.655572,7.5558145,10.175935899230122
12175,West Africa,4.6694405,7.5637194999999995,287.2824267259431
12176,West Africa,4.6782525,7.575218,185.80700600648103
12177,West Africa,4.697732500000001,7.565875500000001,10.17219610422984
12178,West Africa,4.695652000000001,7.575218,109.24189689314638
12179,West Africa,4.6695530000000005,7.575218,17.872913309784728
12180,West Africa,4.686246000000001,7.577374,30.522782685978086
12181,West Africa,4.708721000000001,7.576655499999999,17.80439563525715
12182,West Africa,4.657991,7.5780925,38.21125425795468
12183,West Africa,4.713833,7.578811,10.171868333727264
12184,West Africa,4.697884,7.5802485,10.1753745300104
12185,West Africa,4.7123835,7.5831230000000005,10.168261626018934
12186,West Africa,4.6536785,7.5838415,17.739217493285757
12187,West Africa,4.6929035,7.5895905,45.71455592838468
12188,West Africa,4.6951350000000005,7.594621500000001,10.175043469564358
12189,West Africa,4.6938365,7.607557,10.174713254919165
12190,West Africa,4.695323999999999,7.611869,10.171106366078416
12191,West Africa,4.662122999999999,7.6240855,78.84700696163117
12192,West Africa,4.698338,7.623367,10.170840570966973
12193,West Africa,6.322506,7.6262415,10.174312949374738
12194,West Africa,4.681756,7.629835,96.51772569128369
12195,West Africa,4.7107965,7.635584,56.02399855476828
12196,West Africa,4.6608235,7.6406145,55.95692383951579
12197,West Africa,4.6507095,7.642052,10.1739148191677
12198,West Africa,4.690204,7.675828,851.7122240413565
12199,West Africa,4.6862765,7.645645,33.06766299212363
12200,West Africa,4.6492965,7.6463635,10.177354718979775
12201,West Africa,4.698603,7.6463635,10.1738464959237
12202,West Africa,4.7022665,7.649957000000001,35.606259705872205
12203,West Africa,4.672537,7.6492385,10.173779750049876
12204,West Africa,4.659485500000001,7.6506755,20.347395505481664
12205,West Africa,4.67265,7.6607365000000005,10.173512563415283
12206,West Africa,4.6864655,7.6628925,17.800873550145635
12207,West Africa,4.6669245,7.6650485,20.35033259113206
12208,West Africa,4.7104705,7.6707975,20.35006491050922
12209,West Africa,4.6858155,7.6707975,10.176786468778275
12210,West Africa,4.6495964999999995,7.6751095,10.176685998665935
12211,West Africa,4.736269999999999,7.7088855,691.4810717427795
12212,West Africa,4.7005075000000005,7.688045,10.172844653196561
12213,West Africa,4.7469945,7.6937940000000005,10.172710434348232
12214,West Africa,4.6958095,7.721102500000001,404.1985849446953
12215,West Africa,4.6855245,7.710323,33.0030613901957
12216,West Africa,4.6805805,7.7196655,89.02639024995833
12217,West Africa,4.663137000000001,7.718228,20.344277754807997
12218,West Africa,4.7211925,7.7196655,10.175644549401081
12219,West Africa,4.6661505000000005,7.7290075,76.17175642662215
12220,West Africa,4.7437125,7.726133,17.80535051552211
12221,West Africa,4.6575235,7.734038,10.171768091376153
12222,West Africa,4.7547825,7.7426615000000005,20.34667022044898
12223,West Africa,4.7577225,7.7469735,10.175003290016502
12224,West Africa,4.7592495,7.7512855,10.174901827867554
12225,West Africa,4.7303145,7.7570345,20.34606155171349
12226,West Africa,4.754249,7.7577535,17.80403393331458
12227,West Africa,4.665858,7.7678145,17.871987637438842
12228,West Africa,4.7391325,7.7699704999999994,20.3524302563439
12229,West Africa,4.7478745,7.7735635,40.69395479082245
12230,West Africa,4.667516,7.786499,144.84347216998185
12231,West Africa,5.1251180000000005,7.7771565,10.177799062795424
12232,West Africa,4.7596325,7.786499,45.91289894317201
12233,West Africa,4.898936,7.788655,10.173987223292185
12234,West Africa,4.6619385,7.806621,160.11220835581358
12235,West Africa,4.6642645,7.816682,58.49839364029169
12236,West Africa,4.658424,7.814526,10.173374370865696
12237,West Africa,4.6968695,7.8152445,17.8069150842964
12238,West Africa,4.959253,7.8619565,10.175784951308113
12239,West Africa,5.146796,7.889265,10.171592532867056
12240,West Africa,6.080864500000001,8.797630000000002,10.173067617247924
12241,West Africa,5.54952,8.9600435,10.17571645265062
12242,West Africa,5.2100095,9.026158500000001,10.177403050819397
12243,West Africa,5.3037065000000005,9.063528000000002,10.172834426484856
12244,West Africa,5.813308,9.162700999999998,10.173577723115145
12245,West Africa,5.816408,9.174199000000002,10.17325681431084
12246,West Africa,5.104917,9.2072565,10.175871383123429
12247,West Africa,5.0340885,9.5464565,10.176660608912096
12248,West Africa,5.1216075,9.7419275,10.17789433319039
12249,West Africa,6.145488,9.788639,17.721621119595248
12250,West Africa,6.233457,9.8497235,10.178162778115878
12251,West Africa,6.0911805,10.045194500000001,10.175718826690037
12252,West Africa,6.111788499999999,10.7983325,10.179605067595478
12253,West Africa,5.514515,11.5543455,10.178066359004845
12254,West Africa,5.3767055,11.7095725,10.176004543461362
12255,West Africa,5.9400515,11.7656265,10.1809222350945
12256,West Africa,6.2632575,11.838928,10.174730558247482
12257,West Africa,6.350004500000001,11.843240000000002,10.174574135962375
12258,West Africa,6.2369765,11.8446775,10.178062170769115
12259,West Africa,5.437188,11.8748605,10.180430242018007
12260,West Africa,6.1436905,11.8762975,10.176912857875962
12261,West Africa,5.426951,11.8762975,10.180377928003782
12262,West Africa,6.1027655,11.8849215,10.176598866737647
12263,West Africa,6.099977,11.891389,27.813427349178824
12264,West Africa,6.2103915,11.903606,10.17237836684374
12265,West Africa,6.248582,11.903606,10.175841892605913
12266,West Africa,6.165158,11.916541500000001,10.178910267059704
12267,West Africa,6.168197,11.919416,10.175264794633307
12268,West Africa,6.172654,11.923728,10.175107264089773
12269,West Africa,6.306743,11.939537999999999,10.174529203937123
12270,West Africa,6.1679405,11.941694,17.89723488305698
12271,West Africa,6.246562,11.943850000000001,10.17437141199071
12272,West Africa,6.227717999999999,11.953911000000002,10.17400302516046
12273,West Africa,5.4051275,11.95966,10.17725521420913
12274,West Africa,5.2641290000000005,11.9625345,10.177226934022672
12275,West Africa,6.138450499999999,11.969721,38.082847929747174
12276,West Africa,5.430281,11.969721,10.173423516714786
12277,West Africa,6.121703999999999,11.976189,56.14835712566841
12278,West Africa,6.2473775,11.978345000000001,10.176569685593439
12279,West Africa,6.1344435,11.9855315,10.17984655487676
12280,West Africa,6.1389515,11.9927175,10.179582379092869
12281,West Africa,6.1318055000000005,11.999904,40.71040223439177
12282,West Africa,6.1246085,12.0070905,10.179053519909282
12283,West Africa,6.1247085000000006,12.0128395,10.178841808791436
12284,West Africa,5.583069999999999,12.040147999999999,10.177756489083862
12285,West Africa,6.0229800000000004,12.0954835,33.07127357444704
12286,West Africa,6.033269000000001,12.0954835,53.16813301364455
12287,West Africa,6.257789000000001,12.109138000000002,10.175202371047902
12288,West Africa,6.302095,12.1177615,10.17842242220862
12289,West Africa,6.2095325,12.122073499999999,10.181724131568991
12290,West Africa,6.2214455,12.1278225,10.181510270970444
12291,West Africa,6.200915,12.1306975,10.17794139785972
12292,West Africa,6.1973145,12.163755,10.176630394762714
12293,West Africa,6.334682000000001,12.31467,10.174424427959785
12294,West Africa,6.2948275,12.369287,10.175814406744085
12295,West Africa,5.862125499999999,13.0045675,10.182227688794308
12296,West Africa,5.5903095,13.1813535,10.182004948285009
12297,West Africa,6.2679295,13.185665499999999,10.181830008502413
12298,West Africa,5.8554715,13.2819635,10.17790849487856
12299,West Africa,7.622549,4.508767499999999,10.1753244487705
12300,West Africa,6.4374795,4.511642,10.168219064887996
12301,West Africa,7.811794,4.541825,10.171333089560832
12302,West Africa,7.483718,4.60794,10.170418964696173
12303,West Africa,8.183522,4.6467469999999995,10.16987626556763
12304,West Africa,7.180928,4.950733,17.803688927153605
12305,West Africa,7.8034435,4.9514515,10.172520268532747
12306,West Africa,7.920363500000001,4.9557635,10.172455678642335
12307,West Africa,7.0674095,4.995289,17.80604204387223
12308,West Africa,7.0537595,4.997445,10.168290403538373
12309,West Africa,7.6237805000000005,5.0103805,10.171632704325198
12310,West Africa,7.057536000000001,5.015411,35.605733402306036
12311,West Africa,6.7060805000000006,5.0700275,17.80228163951186
12312,West Africa,7.869941,5.0822445,10.1740614470728
12313,West Africa,7.674251,5.128238,10.169812653843088
12314,West Africa,8.243217,5.159858,10.169320838851245
12315,West Africa,6.970466500000001,5.361797,40.78964158215363
12316,West Africa,6.6177955,5.3869495,10.17276082139015
12317,West Africa,6.9903755,5.3970105,40.69044244632502
12318,West Africa,7.328494,5.424319000000001,10.1721337321902
12319,West Africa,7.132315,5.4386915,10.175436838380588
12320,West Africa,7.3532735,5.444441,45.77670248885534
12321,West Africa,7.343166999999999,5.4415665,10.175389503392221
12322,West Africa,7.358445,5.4516275,63.58351388010251
12323,West Africa,7.149813,5.4530645,10.17519994729321
12324,West Africa,7.1471545,5.473186500000001,10.171344103431004
12325,West Africa,7.372516,5.4818105,10.17472429564181
12326,West Africa,6.628965,5.486122,10.171113728427306
12327,West Africa,6.985777000000001,5.501932500000001,10.174389858101547
12328,West Africa,7.397596999999999,5.524929,20.340934723458417
12329,West Africa,7.4034320000000005,5.5263665,10.17398210904894
12330,West Africa,7.405687,5.5342715,17.907230398357093
12331,West Africa,7.404332,5.5414575,33.056691762250175
12332,West Africa,6.7316780000000005,5.5644545,17.800696187264904
12333,West Africa,7.360879000000001,5.5867325,10.172967006493467
12334,West Africa,7.4194195,5.6470985,10.175463044480315
12335,West Africa,6.3977725,5.7333355,10.173977588167475
12336,West Africa,6.786645999999999,5.877064,10.171433557759194
12337,West Africa,8.978464500000001,6.0509755,10.175351824833534
12338,West Africa,7.1027525,6.076847,10.171337578236372
12339,West Africa,7.0984735,6.078284,10.171311136422531
12340,West Africa,6.5384365,6.1443995000000005,10.173626459272889
12341,West Africa,6.5587805,6.153023,10.169927272779953
12342,West Africa,8.109189,6.29244,10.170817654421326
12343,West Africa,7.715422,6.359992500000001,10.173061929938005
12344,West Africa,7.6742225,6.4102975,10.175606210673335
12345,West Africa,7.6063675,6.4146095,10.1755224213664
12346,West Africa,6.5776215,6.497972,10.170352741923558
12347,West Africa,7.681489,6.5051585,10.177266584784954
12348,West Africa,8.736585999999999,6.6172664999999995,10.17503696507172
12349,West Africa,6.681738,7.019707,10.170207826638038
12350,West Africa,6.683294,7.0240185,10.173654712411034
12351,West Africa,7.7663425,7.43652,10.171601709505092
12352,West Africa,6.6288175,7.458079,10.171114598703882
12353,West Africa,11.812455,7.6204925,10.174445993691913
12354,West Africa,11.579761999999999,7.9108245,10.174614396871878
12355,West Africa,6.4295565,7.988438,10.172706316790809
12356,West Africa,6.4282085,7.9927495,10.176141213245192
12357,West Africa,6.441323000000001,7.9970615,10.172531123400303
12358,West Africa,8.2368505,8.0732375,25.43890922971228
12359,West Africa,7.7985675,8.080424,10.170461794146782
12360,West Africa,7.9750879999999995,8.1982815,10.174590041122368
12361,West Africa,8.305323999999999,8.22559,10.170369827448289
12362,West Africa,8.317210500000002,8.239963,20.350636727677685
12363,West Africa,6.828623,8.241400500000001,10.173513008316613
12364,West Africa,8.378999499999999,8.2435565,17.804402597621852
12365,West Africa,8.3174785,8.2514615,10.176764082847582
12366,West Africa,8.136003500000001,8.255773000000001,10.173116206896216
12367,West Africa,8.3691715,8.257929,17.807292138244925
12368,West Africa,8.340985499999999,8.262959500000001,10.176475486574567
12369,West Africa,8.175480499999999,8.268708499999999,10.176331035611856
12370,West Africa,8.200435500000001,8.2816445,10.17600564330286
12371,West Africa,8.202285499999999,8.300329000000001,10.1719954413656
12372,West Africa,8.2228195,8.3089525,10.17531707496018
12373,West Africa,11.795087,8.324763,10.17487961572312
12374,West Africa,7.9084485,8.350634,10.170722857807359
12375,West Africa,8.299356,8.354946,10.174114489920278
12376,West Africa,7.907945,8.3599765,17.69248161221912
12377,West Africa,7.906716,8.372912,88.91286448298537
12378,West Africa,7.903339,8.385129,10.173346609324641
12379,West Africa,7.905933,8.405969500000001,48.32635636802708
12380,West Africa,8.322154000000001,8.405251,10.1728331607227
12381,West Africa,7.8849615,8.4095625,38.03935569724677
12382,West Africa,7.900344499999999,8.4160305,17.8019757957247
12383,West Africa,7.901262,8.425373,30.524034294215177
12384,West Africa,7.8954509999999996,8.425373,10.172318486756552
12385,West Africa,8.422947,8.42681,10.17228168504558
12386,West Africa,7.88686,8.431121999999998,10.172171216833007
12387,West Africa,7.891283,8.4325595,10.175673741012341
12388,West Africa,8.022183,8.441182999999999,10.171913245967026
12389,West Africa,6.4427385,8.4426205,10.178917158502804
12390,West Africa,6.441389,8.446932,10.171765700946189
12391,West Africa,8.0173415,8.487176000000002,10.174229966320556
12392,West Africa,8.460697,8.5267015,35.49621750149232
12393,West Africa,8.484019,8.529576500000001,55.71606341838838
12394,West Africa,8.4752905,8.561914999999999,10.172292974366297
12395,West Africa,8.4536245,8.568383,76.54105453096892
12396,West Africa,8.4712035,8.5748505,10.17549531695511
12397,West Africa,8.341444,8.6560575,17.68791750277766
12398,West Africa,8.242355,8.676898000000001,10.172778223113367
12399,West Africa,8.440635,8.6998945,10.175710008838273
12400,West Africa,11.5556705,8.7645725,10.17749059789784
12401,West Africa,10.3071145,8.7890065,10.176838043891065
12402,West Africa,10.770325,8.8651825,10.178289733186197
12403,West Africa,8.630655,8.8694945,10.17817335293257
12404,West Africa,7.066981500000001,8.876681000000001,10.170942727744269
12405,West Africa,8.9130805,8.878118,10.170903925973784
12406,West Africa,8.999491,8.9614805,10.175677260325902
12407,West Africa,8.2342005,8.9643555,10.179095603799963
12408,West Africa,8.582377,8.983039999999999,10.171549367550039
12409,West Africa,9.0787975,8.9902265,10.178388500447358
12410,West Africa,8.643324,9.005317999999999,25.313774548458376
12411,West Africa,9.077709,9.0060365,10.174459008013468
12412,West Africa,8.601296000000001,9.0125045,17.929911154565524
12413,West Africa,8.670666,9.023284,10.170447036608175
12414,West Africa,9.016525000000001,9.174199000000002,10.173256813893067
12415,West Africa,9.1079705,9.2201925,10.179002780612175
12416,West Africa,8.967018,9.233128,10.171605828504005
12417,West Africa,9.061888,9.2403145,10.174942880589677
12418,West Africa,9.029343,9.2496565,17.803035520628963
12419,West Africa,9.054827,9.2503755,10.174659639809988
12420,West Africa,8.93112,9.2518125,10.174619158621635
12421,West Africa,9.1772985,9.2561245,10.177991644138372
12422,West Africa,8.9327205,9.258999,10.174370443412668
12423,West Africa,9.050751,9.2604365,10.174376092888371
12424,West Africa,8.8731575,9.263311000000002,10.174248844104175
12425,West Africa,9.043616,9.2676225,10.174173382010505
12426,West Africa,9.061164999999999,9.2704975,10.174092238377032
12427,West Africa,9.0373555,9.2784025,32.816108535755156
12428,West Africa,8.982814999999999,9.2819955,10.173767466788338
12429,West Africa,9.020680500000001,9.2819955,10.177261206503564
12430,West Africa,8.986564999999999,9.2855885,25.56336951610159
12431,West Africa,8.8766445,9.2863075,10.17713926746769
12432,West Africa,8.1673865,9.2877445,10.177098617363665
12433,West Africa,9.0819945,9.2877445,10.17709861762653
12434,West Africa,9.031859,9.291338,17.678677244741873
12435,West Africa,8.793702,9.2906195,10.173523614095474
12436,West Africa,9.1971975,9.292056500000001,10.17697660049373
12437,West Africa,8.9707265,9.292775500000001,17.804398061662123
12438,West Africa,8.8826135,9.292056500000001,20.35033204063249
12439,West Africa,9.085054,9.293493999999999,10.169903695681592
12440,West Africa,8.8710345,9.294931,10.17335544204856
12441,West Africa,9.0326965,9.2963685,10.176854527793937
12442,West Africa,9.0808315,9.297805499999999,10.176813834044225
12443,West Africa,9.0256335,9.303555,10.173111250262847
12444,West Africa,8.861125999999999,9.3064295,20.35313896820736
12445,West Africa,8.867024,9.309304000000001,25.43418730564972
12446,West Africa,8.8473975,9.31146,40.948303758511464
12447,West Africa,8.7711095,9.319365000000001,10.172663002033666
12448,West Africa,8.8978975,9.3208025,10.176161741751875
12449,West Africa,9.0203185,9.323677,10.172540616886076
12450,West Africa,8.8506685,9.3258325,25.55875843142465
12451,West Africa,8.8338825,9.323677,10.172540616130025
12452,West Africa,9.0117255,9.329426000000002,10.17237735587439
12453,West Africa,8.8166175,9.3323005,10.175835111180586
12454,West Africa,9.0846265,9.3323005,10.175835111577099
12455,West Africa,8.816689,9.336612500000001,20.35142502619615
12456,West Africa,8.9930815,9.342361499999999,10.175548972845604
12457,West Africa,8.853247,9.342361499999999,10.179042123356796
12458,West Africa,8.7784095,9.3488295,17.92906853215034
12459,West Africa,9.0647485,9.3524225,10.175262526614606
12460,West Africa,8.4967915,9.358171500000001,10.175098711977107
12461,West Africa,9.056228,9.3610465,10.178509720251569
12462,West Africa,9.0722515,9.3624835,10.174975777057625
12463,West Africa,9.421933,9.365358,10.174846410502843
12464,West Africa,9.0606715,9.365358,10.171354698779428
12465,West Africa,9.070942,9.3667955,10.178345698656011
12466,West Africa,8.9261435,9.3732635,17.809126671923295
12467,West Africa,9.0492375,9.373982000000002,10.171108672897612
12468,West Africa,9.040497,9.373982000000002,10.174600299465613
12469,West Africa,8.749221,9.3768565,10.178058410226324
12470,West Africa,8.7449215,9.3782935,10.174524553431358
12471,West Africa,9.0042975,9.3811685,10.174442419323153
12472,West Africa,8.745063,9.384042999999998,10.174312894269626
12473,West Africa,9.003132,9.3912295,10.17764746668549
12474,West Africa,8.8794465,9.39626,35.738243348548636
12475,West Africa,8.8720905,9.394103999999999,10.170533753253357
12476,West Africa,10.5853215,9.394103999999999,10.170533752649455
12477,West Africa,9.0076485,9.3955415,10.174031426924516
12478,West Africa,8.911497,9.3955415,10.177524056965035
12479,West Africa,8.913098,9.402727500000001,10.17731827177873
12480,West Africa,8.932801999999999,9.403446500000001,17.67843651623647
12481,West Africa,8.748614,9.4070395,10.177194711684752
12482,West Africa,8.381478,9.4070395,10.177194712514002
12483,West Africa,8.368366,9.408477000000001,10.173613629873703
12484,West Africa,9.023966,9.408477000000001,10.173613630208237
12485,West Africa,8.932254,9.409914,10.173572449643343
12486,West Africa,8.89951,9.41207,25.561314973267706
12487,West Africa,9.053177,9.4113515,10.177071099801545
12488,West Africa,8.849282500000001,9.414226,10.1699576079086
12489,West Africa,8.9463485,9.4206935,17.930687025502596
12490,West Africa,9.00255,9.424287,10.173160211370483
12491,West Africa,8.363740499999999,9.4278805,33.069408147210424
12492,West Africa,8.833614,9.4271615,10.176617384573541
12493,West Africa,8.36884,9.428598999999998,10.17303641194356
12494,West Africa,8.9364025,9.430754499999999,25.561706477138884
12495,West Africa,8.395066,9.428598999999998,10.173036412699519
12496,West Africa,8.400894000000001,9.428598999999998,10.173036412468852
12497,West Africa,8.859911,9.430036000000001,10.172995144165805
12498,West Africa,9.139726,9.4329105,10.176452211013908
12499,West Africa,8.371195,9.4350665,17.689078808162325
12500,West Africa,8.938733,9.4357855,10.176369572685907
12501,West Africa,8.372787500000001,9.4408155,25.55399756325195
12502,West Africa,8.364808,9.4408155,38.15293671621367
12503,West Africa,9.358502,9.4415345,10.17620425091757
12504,West Africa,8.379377999999999,9.4415345,20.348786280749515
12505,West Africa,8.392559,9.444409,25.435019201738744
12506,West Africa,7.371173000000001,9.444409,10.172582030400998
12507,West Africa,8.404978499999999,9.446565,17.925992893850616
12508,West Africa,8.370043,9.448002500000001,17.810614700795018
12509,West Africa,8.941936,9.447283500000001,10.176038827994475
12510,West Africa,8.456738,9.448720999999999,10.172457971416293
12511,West Africa,8.39422,9.453032499999999,10.17587330450631
12512,West Africa,7.3786380000000005,9.45447,10.17229248163331
12513,West Africa,8.480985,9.456626,17.811949719929235
12514,West Africa,9.015008,9.4559075,10.17579049114922
12515,West Africa,8.898513,9.458782,10.17216829247123
12516,West Africa,8.376871,9.458782,10.172168292057243
12517,West Africa,8.381242,9.460218999999999,10.17212689163215
12518,West Africa,9.3867175,9.4630935,10.179075357122722
12519,West Africa,9.018141,9.464531000000001,10.172002627021087
12520,West Africa,8.855743499999999,9.4681245,17.80436259798802
12521,West Africa,8.841972,9.4717175,10.175334646196355
12522,West Africa,8.517097,9.4731545,10.175293174488054
12523,West Africa,9.040291,9.4774665,10.1751686986087
12524,West Africa,9.04765,9.478904,10.171588015110231
12525,West Africa,8.950018499999999,9.478904,25.434181224139472
12526,West Africa,9.0272495,9.478904,10.175078607808118
12527,West Africa,9.031621,9.480341,10.17154652613303
12528,West Africa,9.050784,9.484653000000002,55.96377179448836
12529,West Africa,9.020911,9.4853715,32.81798677918313
12530,West Africa,8.931292,9.484653000000002,10.171421998520685
12531,West Africa,8.9110355,9.490402,40.70253406979811
12532,West Africa,8.925608,9.490402,10.171255884271863
12533,West Africa,9.017414,9.491839500000001,10.174753378407553
12534,West Africa,8.874676000000001,9.494714,10.171131226615776
12535,West Africa,8.9199235,9.497588499999999,38.2812133542559
12536,West Africa,9.065723,9.499026,10.171006509774168
12537,West Africa,9.0030605,9.500463,10.174455315308757
12538,West Africa,9.017779,9.504774999999999,38.16003771404146
12539,West Africa,8.933948000000001,9.5040565,27.85655435025065
12540,West Africa,8.982731000000001,9.5033375,10.174420682263412
12541,West Africa,9.026523000000001,9.5062125,10.174337433231942
12542,West Africa,9.008452,9.5112425,78.98175529864584
12543,West Africa,9.0397115,9.5076495,10.17778733446825
12544,West Africa,9.081245,9.5083685,17.80581860876803
12545,West Africa,9.001821499999998,9.5076495,10.177787334210192
12546,West Africa,8.9238915,9.509805499999999,28.102016496933928
12547,West Africa,8.889608500000001,9.509087000000001,10.17420559545682
12548,West Africa,8.907168500000001,9.5119615,20.348211125059166
12549,West Africa,8.985864,9.5119615,20.348209880246927
12550,West Africa,9.0020405,9.5162735,10.177537338478151
12551,West Africa,8.884067,9.520585,10.170382122136909
12552,West Africa,8.90017,9.5220225,10.173879178478598
12553,West Africa,9.121838499999999,9.5277715,20.350784013100316
12554,West Africa,8.9951175,9.5313645,27.85423897394772
12555,West Africa,9.114551500000001,9.529209000000002,10.173622052267802
12556,West Africa,8.1760545,9.5320835,10.177078445462543
12557,West Africa,9.1278155,9.535676500000001,33.06819928879206
12558,West Africa,9.1088695,9.534958,10.173455107978688
12559,West Africa,9.117613500000001,9.534958,10.173455107884667
12560,West Africa,8.9894335,9.5378325,10.17691139074897
12561,West Africa,9.1323355,9.540707000000001,10.173288061630483
12562,West Africa,9.4020385,9.5421445,10.176786027982663
12563,West Africa,8.913791499999999,9.5435815,10.176744235700163
12564,West Africa,9.137585,9.5457375,17.805665376116202
12565,West Africa,8.164858500000001,9.5522055,10.176493302125447
12566,West Africa,8.876329,9.557954500000001,10.179816918741402
12567,West Africa,8.1753915,9.5622665,10.17620027257135
12568,West Africa,8.896293499999999,9.5687345,25.563787308356083
12569,West Africa,8.7702135,9.5680155,10.176032692535859
12570,West Africa,8.881061500000001,9.570889999999999,10.172409405895399
12571,West Africa,8.9802495,9.5744835,28.109284766509028
12572,West Africa,8.793677500000001,9.5737645,10.17586501195557
12573,West Africa,8.8971665,9.575202,10.172283652723221
12574,West Africa,8.7740705,9.577358,25.561540568050262
12575,West Africa,8.9001535,9.5780765,10.175739180562426
12576,West Africa,8.183077,9.580950999999999,10.175605483069427
12577,West Africa,6.693498,9.5867005,10.17897807917565
12578,West Africa,8.784629500000001,9.5917305,17.806809473434463
12579,West Africa,8.925367,9.5938865,10.17876799272466
12580,West Africa,8.8073665,9.5981985,10.175151235912315
12581,West Africa,8.768773,9.598917499999999,17.680822267494797
12582,West Africa,8.855541500000001,9.599636,10.171570018150785
12583,West Africa,8.867275,9.602510500000001,10.178515660478535
12584,West Africa,8.791545,9.605385,10.174891179659324
12585,West Africa,8.6144315,9.6061035,17.804327849674724
12586,West Africa,8.8104955,9.6068225,10.17489887609568
12587,West Africa,8.765377,9.608259499999999,10.178347320749015
12588,West Africa,8.7800255,9.611134,10.171233576151492
12589,West Africa,8.804878500000001,9.6140085,35.60964480124307
12590,West Africa,8.943366000000001,9.6140085,10.178178885020795
12591,West Africa,8.812167500000001,9.6140085,10.174688426402438
12592,West Africa,8.6591025,9.615445999999999,10.171107300864792
12593,West Africa,8.605235,9.6168835,10.17809461484687
12594,West Africa,8.777252,9.6168835,10.178094614365698
12595,West Africa,8.941469000000001,9.623351,17.810448623982513
12596,West Africa,8.603362,9.627663,17.688023466768406
12597,West Africa,8.875210500000001,9.6269445,10.174309183275637
12598,West Africa,8.971427,9.6269445,10.177799513098705
12599,West Africa,8.6202315,9.631256,10.170643825351357
12600,West Africa,9.031563,9.639880000000002,10.173879676614444
12601,West Africa,8.766300000000001,9.6427545,10.177335168739239
12602,West Africa,9.071073,9.647066500000001,10.177208392845975
12603,West Africa,8.782620999999999,9.65569,10.173414873635714
12604,West Africa,8.765197,9.6585645,10.176870065177791
12605,West Africa,9.071367,9.6585645,10.176870065164465
12606,West Africa,8.7951205,9.6592835,17.930682771456684
12607,West Africa,8.646549,9.665032499999999,40.70149232560024
12608,West Africa,8.7997085,9.667907,32.94380374136682
12609,West Africa,8.927246499999999,9.665751,10.16962997196622
12610,West Africa,8.936723,9.6664695,17.806460357460907
12611,West Africa,8.931619999999999,9.6671885,10.176616044750833
12612,West Africa,8.782906,9.6671885,10.176616044309561
12613,West Africa,8.962311,9.668625500000001,10.176573694791278
12614,West Africa,8.957937000000001,9.670062999999999,10.172991663168403
12615,West Africa,8.914998,9.6722185,17.806163862283963
12616,West Africa,8.8758835,9.6794055,163.57255513744371
12617,West Africa,8.952176999999999,9.6729375,10.176446581476437
12618,West Africa,8.883795,9.674374499999999,10.176404207247495
12619,West Africa,9.070423,9.674374499999999,10.176404207532148
12620,West Africa,8.896989000000001,9.6786865,10.17627701919894
12621,West Africa,8.813952,9.680124,10.17269504604736
12622,West Africa,8.861374999999999,9.6822795,40.81977339663918
12623,West Africa,8.661584999999999,9.6808425,17.802179237026586
12624,West Africa,8.789894,9.6808425,17.80217923714715
12625,West Africa,8.8031235,9.6851545,17.681653385282218
12626,West Africa,8.932127000000001,9.6844355,10.176107356085318
12627,West Africa,8.910328,9.6873105,25.43831181859543
12628,West Africa,8.6596085,9.688029,35.619418798387514
12629,West Africa,8.8483955,9.688029,17.9310452025184
12630,West Africa,8.887764,9.688029,17.681443982904632
12631,West Africa,8.793752999999999,9.6887475,10.175980035169646
12632,West Africa,8.855136,9.6952155,50.75338763583489
12633,West Africa,8.795282,9.6930595,10.175852659570591
12634,West Africa,8.909013999999999,9.6930595,10.175852658963985
12635,West Africa,8.937483499999999,9.6937785,28.104645843844423
12636,West Africa,8.659818999999999,9.6988085,66.25858163684433
12637,West Africa,8.866800999999999,9.694496999999998,10.172270771842344
12638,West Africa,8.87555,9.695934000000001,25.43059619510505
12639,West Africa,8.8835695,9.6952155,33.06504365737122
12640,West Africa,8.9207515,9.695934000000001,10.175716736386576
12641,West Africa,8.8617335,9.696652499999999,17.68280858576366
12642,West Africa,8.890932,9.69809,43.24054802673888
12643,West Africa,8.912075,9.6995275,27.982194870168605
12644,West Africa,8.667873499999999,9.6995275,17.930336085076558
12645,West Africa,8.707937000000001,9.6988085,10.17568274663354
12646,West Africa,8.8946495,9.7016835,10.179087312601611
12647,West Africa,8.71551,9.7088695,20.35080438172901
12648,West Africa,8.6789855,9.7074325,10.178917190005597
12649,West Africa,8.676209499999999,9.7117445,30.529469078322172
12650,West Africa,8.916737999999999,9.7088695,10.1753851508557
12651,West Africa,9.0858865,9.7088695,10.17887465148193
12652,West Africa,8.7096775,9.710307,20.347094984596072
12653,West Africa,8.906531000000001,9.710307,10.171803357597723
12654,West Africa,8.638297,9.713181500000001,20.347060869033776
12655,West Africa,8.934308999999999,9.7117445,10.175300055458841
12656,West Africa,8.887647000000001,9.7117445,10.175300055907265
12657,West Africa,8.9150205,9.7253985,180.7397778395824
12658,West Africa,8.683571,9.714618999999999,10.171675743318414
12659,West Africa,8.8920935,9.716056,10.17512141828382
12660,West Africa,8.7062435,9.718212,25.561606131040545
12661,West Africa,8.8820295,9.7210865,45.54328820936565
12662,West Africa,6.6056919999999995,9.718930499999999,10.175087249796983
12663,West Africa,8.688016000000001,9.718930499999999,10.175087248943196
12664,West Africa,8.950566,9.7218055,10.175002064865598
12665,West Africa,8.9281085,9.7239615,25.56278924957913
12666,West Africa,8.9565445,9.72468,10.174865895994538
12667,West Africa,8.8748825,9.72468,10.174865896230026
12668,West Africa,8.8589135,9.726116999999999,10.174823298377397
12669,West Africa,8.6430915,9.726116999999999,10.174823298626729
12670,West Africa,8.9383885,9.7268355,17.80857173630612
12671,West Africa,8.9332845,9.7275545,10.17832096381553
12672,West Africa,8.8917965,9.7297105,17.808422566869577
12673,West Africa,8.945861,9.7340225,73.7668702324261
12674,West Africa,8.8772855,9.732585,25.31452199289726
12675,West Africa,8.885378,9.734741,10.171079490567674
12676,West Africa,8.8972605,9.7433645,10.177851644202574
12677,West Africa,8.690178,9.7433645,10.174362493911577
12678,West Africa,8.9024375,9.7469575,53.42263580130284
12679,West Africa,8.871011,9.7433645,10.174362493039284
12680,West Africa,8.729553,9.744802,10.17078090488923
12681,West Africa,8.7077485,9.746239,10.174226140688067
12682,West Africa,9.060666999999999,9.746239,10.170738233029901
12683,West Africa,8.9177495,9.7476765,25.437280108155974
12684,West Africa,8.9660925,9.7563,10.173927102519713
12685,West Africa,7.7293905,9.7563,10.17392710224175
12686,West Africa,8.493648,9.7591745,10.173892579326989
12687,West Africa,8.829077,9.7591745,10.173892579813755
12688,West Africa,8.8225855,9.7613305,17.80503346482887
12689,West Africa,8.8321365,9.764924,10.173670531893347
12690,West Africa,9.0246475,9.764924,10.17367053271982
12691,West Africa,8.8088735,9.7677985,20.35079536542961
12692,West Africa,8.918985,9.767079500000001,27.978365361646922
12693,West Africa,8.8192255,9.7692355,20.350709791116948
12694,West Africa,9.0407625,9.766361,10.173627758908173
12695,West Africa,8.8263745,9.7677985,10.177124833162825
12696,West Africa,8.9395835,9.7713915,78.85790333755315
12697,West Africa,9.0363875,9.7677985,10.17712483309244
12698,West Africa,8.9294105,9.772829,17.807948730135976
12699,West Africa,8.7901275,9.7721105,10.176996381573217
12700,West Africa,8.7974205,9.7735475,20.350281669090386
12701,West Africa,8.8310365,9.774985000000001,10.173370925654353
12702,West Africa,8.8048555,9.7778595,10.176825035135963
12703,West Africa,8.7903415,9.780733999999999,10.17319958828305
12704,West Africa,8.921751,9.7879205,76.44100313630355
12705,West Africa,8.9267105,9.7814525,17.80572960900232
12706,West Africa,8.7582545,9.780733999999999,10.173199587266271
12707,West Africa,8.9406385,9.785046000000001,10.173071014318294
12708,West Africa,8.7875665,9.786483,10.173028152160462
12709,West Africa,8.8225715,9.786483,10.173028151938098
12710,West Africa,8.9329065,9.7958255,150.0840795416625
12711,West Africa,8.8342395,9.786483,10.17302815258214
12712,West Africa,8.82709,9.7922325,43.12590884233069
12713,West Africa,8.803682,9.790795,10.176386953054205
12714,West Africa,8.8198685,9.795107000000002,30.525391527617426
12715,West Africa,8.8868905,9.7922325,10.176396217032604
12716,West Africa,8.899288,9.792951,17.81038710416729
12717,West Africa,8.9087685,9.7936695,10.17635330913519
12718,West Africa,8.8052835,9.795107000000002,10.172770792218422
12719,West Africa,8.798791,9.7987,32.81799106500832
12720,West Africa,8.9467625,9.796544,10.17272788691841
12721,West Africa,8.8316085,9.7979815,10.17622451863144
12722,West Africa,8.56615,9.7979815,10.179713111774221
12723,West Africa,8.8345975,9.800856,10.172599105654808
12724,West Africa,8.9235705,9.802293500000001,10.176095672953572
12725,West Africa,8.9542735,9.8037305,10.176052722991747
12726,West Africa,8.940417,9.8044495,17.808015531422974
12727,West Africa,8.8777695,9.807323499999999,27.983786545978393
12728,West Africa,7.4942875,9.808042499999999,10.175923802373529
12729,West Africa,8.952194500000001,9.808761,17.680442725812313
12730,West Africa,8.911534,9.813073,50.74440918379223
12731,West Africa,8.8852785,9.813073,46.038484146684866
12732,West Africa,8.7853615,9.8123545,10.17579482423254
12733,West Africa,8.933558,9.818822,98.82612795356641
12734,West Africa,8.7919615,9.8145105,17.683694215492597
12735,West Africa,8.905042,9.815228999999999,10.175656638514868
12736,West Africa,8.822664,9.8173845,53.29301053566999
12737,West Africa,8.8132185,9.8195405,10.175579757945455
12738,West Africa,8.585668,9.8195405,10.17906812964194
12739,West Africa,8.8074555,9.820978,20.347481943583876
12740,West Africa,8.6032415,9.8224155,10.1754936701503
12741,West Africa,8.803222,9.826727,10.1753123471555
12742,West Africa,8.632555,9.8281645,10.178809728503614
12743,West Africa,8.914921,9.8317575,42.991701798735484
12744,West Africa,8.1220115,9.8281645,10.175321446008942
12745,West Africa,6.7902235,9.8281645,20.35413117506925
12746,West Africa,8.8324675,9.829601499999999,10.175278382916554
12747,West Africa,8.811316,9.8303205,17.806660342856475
12748,West Africa,8.906168000000001,9.8317575,17.68105295669969
12749,West Africa,9.0264755,9.831039,10.171696087116018
12750,West Africa,8.825245500000001,9.8339135,35.619961332546076
12751,West Africa,9.0222455,9.835351,10.171566855005624
12752,West Africa,8.908464500000001,9.836787999999999,25.432322279293988
12753,West Africa,8.918676000000001,9.836787999999999,10.175010758154272
12754,West Africa,8.784544,9.8396625,10.17846486670854
12755,West Africa,8.8029565,9.846130500000001,63.84166078141114
12756,West Africa,8.7905215,9.8439745,25.440554412956956
12757,West Africa,8.930563,9.845412,10.17475199654533
12758,West Africa,8.916191999999999,9.851161000000001,10.174579375771359
12759,West Africa,8.923558,9.8525985,20.35252623342589
12760,West Africa,8.958642000000001,9.855473,10.174449835731956
12761,West Africa,8.911411,9.863378,17.930559042556705
12762,West Africa,8.9195435,9.868408500000001,50.87743669787876
12763,West Africa,8.912393,9.8727205,20.35502880352209
12764,West Africa,8.951711,9.871283,10.173974397822805
12765,West Africa,8.6694525,9.8720015,17.92824565763499
12766,West Africa,7.933474,9.874157499999999,10.17742785122669
12767,West Africa,8.902325000000001,9.8799065,10.177254668534117
12768,West Africa,8.817085500000001,9.8835,40.821587134728205
12769,West Africa,8.939378000000001,9.8985915,10.17669111694471
12770,West Africa,8.813974,9.901466,10.173064636496324
12771,West Africa,8.137976,9.94171,10.17184733329203
12772,West Africa,7.9630005,9.947458999999998,10.175158873754723
12773,West Africa,8.8067905,9.9589575,10.178350142539445
12774,West Africa,8.802412499999999,9.9603945,10.178306481535879
12775,West Africa,9.084423000000001,9.9733305,10.174426369431867
12776,West Africa,8.765324,9.992014999999999,10.170318814496621
12777,West Africa,7.9232985,9.9934525,10.177300312215515
12778,West Africa,7.8068595,10.0078255,10.176861816114823
12779,West Africa,8.839921,10.024354,25.564587912556263
12780,West Africa,8.818793,10.02651,10.176236282813386
12781,West Africa,8.8452085,10.032259,10.172575439553562
12782,West Africa,8.8613365,10.0336965,10.176070960861416
12783,West Africa,8.111224499999999,10.0394455,10.175894942561007
12784,West Africa,8.8557135,10.04232,10.172267486089893
12785,West Africa,7.9662295,10.0796895,10.174659990080002
12786,West Africa,7.956011,10.081126999999999,10.174561229227763
12787,West Africa,7.924023,10.0840015,10.178013000502258
12788,West Africa,7.961423,10.1199335,10.176905378653494
12789,West Africa,7.39348,10.121371,10.17332120582594
12790,West Africa,7.9701830000000005,10.121371,25.433276205963985
12791,West Africa,7.9770445,10.1335875,17.692965038386944
12792,West Africa,7.978130500000001,10.147241999999999,10.176005205691158
12793,West Africa,8.111133500000001,10.151554,10.175871666809224
12794,West Africa,7.978260000000001,10.152991,10.172343472443524
12795,West Africa,7.9623919999999995,10.1601775,10.175660195500098
12796,West Africa,7.366995,10.1745505,10.175214293970171
12797,West Africa,8.0228965,10.2140755,17.580648248972867
12798,West Africa,7.9962675,10.229167499999999,10.176998262367436
12799,West Africa,8.0185005,10.242103,10.173054462612926
12800,West Africa,8.002499499999999,10.24354,10.173009554062894
12801,West Africa,8.0070105,10.250726499999999,10.176324460882924
12802,West Africa,7.362023,10.2765975,10.178997607077887
12803,West Africa,7.894493499999999,10.308218,10.170981786051117
12804,West Africa,7.982145,10.308218,10.174463806192698
12805,West Africa,7.682731,10.3096555,10.177958740614232
12806,West Africa,7.8946855,10.3139675,10.174339817861805
12807,West Africa,7.436266,10.32834,10.17383014827579
12808,West Africa,7.569581,10.3412755,10.176961964709584
12809,West Africa,7.476076,10.3412755,10.176961964765479
12810,West Africa,9.075102000000001,10.3642725,10.176235119384376
12811,West Africa,8.004546000000001,10.382957000000001,10.172104038410058
12812,West Africa,7.994512,10.3901435,10.17541552010233
12813,West Africa,8.0684915,10.4246385,10.17780153143475
12814,West Africa,7.985255499999999,10.42895,10.17412419274094
12815,West Africa,7.9423695,10.4382925,17.91644630660014
12816,West Africa,7.3165385,10.516624499999999,10.174860381164416
12817,West Africa,8.907316,10.5252485,10.17806419501059
12818,West Africa,7.692145,10.5712415,10.176582304820498
12819,West Africa,7.2090095000000005,10.668977,10.173351501321866
12820,West Africa,7.224222,10.6919735,10.179619904707906
12821,West Africa,6.4782505,10.6919735,10.176140882135515
12822,West Africa,6.4863745,10.697004,33.1657798138499
12823,West Africa,6.5243780000000005,10.6955665,17.807996002593136
12824,West Africa,7.1789369999999995,10.6962855,10.179478972227157
12825,West Africa,6.517849,10.69916,10.175844335128929
12826,West Africa,6.4837915,10.7128145,88.95149645081767
12827,West Africa,7.278815,10.713533,10.175374200830614
12828,West Africa,6.518326,10.7207195,40.70775983438361
12829,West Africa,6.4899325,10.7257495,58.422895184308544
12830,West Africa,6.4995205,10.729343,66.04127335578248
12831,West Africa,7.248509,10.729343,10.174856339967977
12832,West Africa,8.74363,10.7322175,10.178302383419567
12833,West Africa,6.501089,10.7365295,10.178160923262018
12834,West Africa,7.344371000000001,10.7624005,10.177311023122288
12835,West Africa,7.228851000000001,10.763838,10.173723820745025
12836,West Africa,7.236166,10.765274999999999,10.173676563668469
12837,West Africa,7.259752000000001,10.773899,10.173392825546975
12838,West Africa,7.290654,10.7782105,10.176790640560531
12839,West Africa,7.252613,10.7782105,10.176790640801547
12840,West Africa,7.248283,10.782522499999999,10.176648580912381
12841,West Africa,7.2556575,10.78396,10.17653830424208
12842,West Africa,7.2688255,10.785397,10.176490944945607
12843,West Africa,8.507462499999999,10.814143000000001,10.175542220435254
12844,West Africa,12.86979,10.821329500000001,10.175367548038952
12845,West Africa,7.2248195,10.8385765,10.178274128364729
12846,West Africa,7.372623,10.840014,10.171210096357951
12847,West Africa,7.3434745,10.845763000000002,10.174495753529627
12848,West Africa,7.3537785,10.8472005,10.17798827809214
12849,West Africa,8.2222655,10.871634499999999,10.177177170231726
12850,West Africa,7.425291,10.898943,10.176204411734892
12851,West Africa,8.309561500000001,10.904692,10.172537416459736
12852,West Africa,12.786293,11.1892745,10.176888360644387
12853,West Africa,7.7189955,11.2137085,10.17952414476315
12854,West Africa,7.717969999999999,11.229518500000001,10.175508373706071
12855,West Africa,11.7242835,11.2683255,10.177645427108448
12856,West Africa,7.474231,11.2683255,10.181117840959127
12857,West Africa,10.881211,11.3926505,17.655823566242557
12858,West Africa,8.45547,11.541409999999999,10.174983448858816
12859,West Africa,8.458749000000001,11.552907999999999,10.174577001485005
12860,West Africa,11.408988,11.5543455,10.1780663581591
12861,West Africa,8.5470395,11.656392499999999,10.177907599492196
12862,West Africa,7.727054,11.669328499999999,10.18091308489055
12863,West Africa,6.373682,11.7253825,10.178904056458347
12864,West Africa,6.35947,11.7455045,10.178180542328295
12865,West Africa,6.415253,11.7764065,17.807212438348845
12866,West Africa,11.1348395,12.205435999999999,10.175072878804066
12867,West Africa,6.381143,12.226995500000001,10.181265954364111
12868,West Africa,9.976456500000001,12.3721615,10.179245904594698
12869,West Africa,6.392771,12.4627105,10.179252504815322
12870,West Africa,6.398181,12.5043915,10.177655048707754
12871,West Africa,6.4160575,12.5130155,10.180780841391623
12872,West Africa,7.3427,12.6351845,10.179518847889707
12873,West Africa,8.3759865,12.989476,17.813030464886637
12874,West Africa,7.1444145,13.017503000000001,10.178168557054864
